bank_txn_id,invoice_id,label,amount_delta_cents,date_delta_days,name_sim,ref_hit,n_candidates
BT-00000,INV-4142,0,632518,5,0.5,0,4
BT-00000,INV-7043,1,0,0,0.5,1,4
BT-00000,INV-1105,0,1240,7,0.0,0,4
BT-00000,INV-4280,0,458652,14,0.5,0,4
BT-00001,INV-1380,0,894562,19,0.333,0,5
BT-00001,INV-2450,0,589634,0,0.0,0,5
BT-00001,INV-9718,0,336353,0,0.0,0,5
BT-00001,INV-2857,1,141837,0,0.333,0,5
BT-00001,INV-6670,0,317646,16,0.333,0,5
BT-00002,INV-8213,0,100,13,0.0,0,7
BT-00002,INV-1784,0,421371,1,0.25,0,7
BT-00002,INV-3171,0,315733,10,0.25,0,7
BT-00002,INV-8537,0,100,3,0.0,0,7
BT-00002,INV-2802,1,0,0,0.25,0,7
BT-00002,INV-8403,0,496438,1,0.25,0,7
BT-00002,INV-8394,0,100,2,0.0,0,7
BT-00003,INV-3173,1,0,0,0.25,0,7
BT-00003,INV-8414,0,1240,11,0.0,0,7
BT-00003,INV-2452,0,100,19,0.0,0,7
BT-00003,INV-4167,0,457938,21,0.25,0,7
BT-00003,INV-2624,0,13353,0,0.0,0,7
BT-00003,INV-5588,0,0,1,0.0,0,7
BT-00003,INV-4612,0,92010,0,0.25,0,7
BT-00004,INV-1339,0,100,17,0.0,0,10
BT-00004,INV-5627,0,107346,2,0.0,0,10
BT-00004,INV-9306,1,0,0,0.0,0,10
BT-00004,INV-7719,0,702222,0,0.0,0,10
BT-00004,INV-5604,0,570607,17,0.0,0,10
BT-00004,INV-9691,0,770104,0,0.0,0,10
BT-00004,INV-9666,0,652187,1,0.0,0,10
BT-00004,INV-2476,0,1240,10,0.0,0,10
BT-00004,INV-1238,0,115848,0,0.0,0,10
BT-00004,INV-2846,0,0,9,0.0,0,10
BT-00005,INV-4212,0,100,16,0.0,0,6
BT-00005,INV-1737,0,680810,25,0.333,0,6
BT-00005,INV-6519,1,0,0,0.333,0,6
BT-00005,INV-3679,0,598039,10,0.333,0,6
BT-00005,INV-5312,0,100,9,0.0,0,6
BT-00005,INV-4223,0,510581,16,0.333,0,6
BT-00006,INV-2260,0,51151,0,0.0,0,7
BT-00006,INV-9119,0,100,2,0.0,0,7
BT-00006,INV-3389,1,0,0,0.25,0,7
BT-00006,INV-1618,0,100,15,0.0,0,7
BT-00006,INV-7048,0,1143745,8,0.25,0,7
BT-00006,INV-6810,0,1240,5,0.0,0,7
BT-00006,INV-7733,0,100,4,0.0,0,7
BT-00007,INV-5900,0,922582,10,0.25,0,9
BT-00007,INV-4256,0,1031988,0,0.0,0,9
BT-00007,INV-2608,0,1240,10,0.0,0,9
BT-00007,INV-7316,0,100,7,0.0,0,9
BT-00007,INV-8731,0,970021,7,0.25,0,9
BT-00007,INV-1363,0,718991,4,0.25,0,9
BT-00007,INV-5742,1,0,0,0.25,0,9
BT-00007,INV-3909,0,591037,0,0.0,0,9
BT-00007,INV-5422,0,958378,0,0.0,0,9
BT-00008,INV-1200,0,2120315,0,0.0,0,10
BT-00008,INV-4616,0,1300020,0,0.0,0,10
BT-00008,INV-8108,0,2240850,0,0.0,0,10
BT-00008,INV-8599,0,1264451,22,0.0,0,10
BT-00008,INV-7131,0,0,24,0.0,0,10
BT-00008,INV-5811,0,1100355,0,0.0,0,10
BT-00008,INV-8650,1,0,0,0.0,0,10
BT-00008,INV-2078,0,1557981,6,0.0,0,10
BT-00008,INV-2268,0,100,7,0.0,0,10
BT-00008,INV-6987,0,456227,0,0.0,0,10
BT-00009,INV-8662,0,149083,4,0.0,0,7
BT-00009,INV-1730,0,544631,0,0.0,0,7
BT-00009,INV-8455,0,517634,2,0.5,0,7
BT-00009,INV-8772,0,147843,4,0.0,0,7
BT-00009,INV-2277,0,147943,4,0.0,0,7
BT-00009,INV-1504,1,147843,0,0.5,1,7
BT-00009,INV-9648,0,433554,20,0.5,0,7
BT-00010,INV-5216,0,235118,5,0.333,0,9
BT-00010,INV-5586,0,246130,0,0.0,0,9
BT-00010,INV-9381,0,0,2,0.0,0,9
BT-00010,INV-1099,0,100,8,0.0,0,9
BT-00010,INV-1938,0,848676,0,0.0,0,9
BT-00010,INV-1435,0,1199385,0,0.0,0,9
BT-00010,INV-6454,0,826923,2,0.333,0,9
BT-00010,INV-9877,1,0,0,0.333,0,9
BT-00010,INV-6428,0,438317,0,0.0,0,9
BT-00011,INV-5299,0,100,4,0.0,0,4
BT-00011,INV-5128,0,3644,4,0.25,0,4
BT-00011,INV-6367,0,863910,7,0.25,0,4
BT-00011,INV-3756,1,0,0,0.25,0,4
BT-00012,INV-2080,0,792627,1,0.25,0,10
BT-00012,INV-4485,0,1240,23,0.0,0,10
BT-00012,INV-2721,0,628171,0,0.0,0,10
BT-00012,INV-9922,0,1036563,11,0.25,0,10
BT-00012,INV-4189,0,1299271,12,0.25,0,10
BT-00012,INV-2560,0,929291,0,0.0,0,10
BT-00012,INV-6404,0,0,25,0.0,0,10
BT-00012,INV-7623,0,462365,0,0.0,0,10
BT-00012,INV-1584,1,0,0,0.25,0,10
BT-00012,INV-9537,0,1093963,17,0.25,0,10
BT-00013,INV-7536,0,1240,6,0.0,0,8
BT-00013,INV-2349,0,915802,0,0.0,0,8
BT-00013,INV-9835,0,100,0,0.0,0,8
BT-00013,INV-4226,1,0,0,0.333,0,8
BT-00013,INV-8483,0,142039,0,0.0,0,8
BT-00013,INV-6624,0,360749,0,0.0,0,8
BT-00013,INV-8791,0,640571,5,0.333,0,8
BT-00013,INV-3366,0,71003,12,0.333,0,8
BT-00014,INV-1525,0,100,12,0.0,0,6
BT-00014,INV-3137,0,1939921,11,0.5,0,6
BT-00014,INV-5112,0,1370684,0,0.0,0,6
BT-00014,INV-8566,0,1729107,0,0.2,0,6
BT-00014,INV-1682,1,0,0,0.5,1,6
BT-00014,INV-5000,0,100,5,0.0,0,6
BT-00015,INV-1435,0,100,21,0.0,0,8
BT-00015,INV-6024,0,179864,0,0.0,0,8
BT-00015,INV-1615,0,2155316,0,0.0,0,8
BT-00015,INV-6807,0,100,19,0.0,0,8
BT-00015,INV-2338,0,319634,20,0.0,0,8
BT-00015,INV-6463,0,746909,0,0.0,0,8
BT-00015,INV-8563,0,530032,18,0.0,0,8
BT-00015,INV-5072,1,0,0,0.0,0,8
BT-00016,INV-1012,0,1752677,20,0.25,0,4
BT-00016,INV-1816,0,100,18,0.0,0,4
BT-00016,INV-4682,1,0,0,0.25,0,4
BT-00016,INV-9432,0,100,15,0.0,0,4
BT-00017,INV-7769,0,675746,0,0.0,0,4
BT-00017,INV-5764,0,0,7,0.0,0,4
BT-00017,INV-9600,1,0,0,0.25,0,4
BT-00017,INV-3606,0,0,9,0.0,0,4
BT-00018,INV-8449,0,0,11,0.0,0,8
BT-00018,INV-9786,0,723777,21,0.5,0,8
BT-00018,INV-2252,0,1267581,6,0.5,0,8
BT-00018,INV-8177,0,54639,2,0.5,0,8
BT-00018,INV-3908,1,0,0,0.5,1,8
BT-00018,INV-3174,0,100,1,0.0,0,8
BT-00018,INV-4799,0,1240,12,0.0,0,8
BT-00018,INV-6584,0,1240,9,0.2,0,8
BT-00019,INV-7602,0,669735,0,0.2,0,8
BT-00019,INV-5453,0,1046821,2,0.5,0,8
BT-00019,INV-6385,0,1348999,9,0.5,0,8
BT-00019,INV-9001,0,2115856,0,0.5,0,8
BT-00019,INV-7296,0,0,13,0.0,0,8
BT-00019,INV-3869,0,100,9,0.0,0,8
BT-00019,INV-3934,1,0,0,0.5,1,8
BT-00019,INV-4407,0,1240,3,0.0,0,8
BT-00020,INV-7281,0,430607,20,0.5,0,8
BT-00020,INV-7291,0,849299,0,0.0,0,8
BT-00020,INV-9153,0,1240,11,0.0,0,8
BT-00020,INV-6033,0,47044,2,0.5,0,8
BT-00020,INV-9522,0,530167,0,0.0,0,8
BT-00020,INV-6076,1,0,0,0.5,1,8
BT-00020,INV-1822,0,483217,9,0.5,0,8
BT-00020,INV-6669,0,1266255,0,0.0,0,8
BT-00021,INV-9417,0,7974,17,0.5,0,8
BT-00021,INV-7917,0,971034,0,0.0,0,8
BT-00021,INV-6127,0,1215407,0,0.0,0,8
BT-00021,INV-5116,1,0,0,0.5,1,8
BT-00021,INV-5606,0,1240,2,0.2,0,8
BT-00021,INV-5513,0,255,8,0.5,0,8
BT-00021,INV-1084,0,1240,2,0.0,0,8
BT-00021,INV-5627,0,75367,0,0.0,0,8
BT-00022,INV-5084,0,54371,22,0.333,0,8
BT-00022,INV-6881,0,1643623,22,0.333,0,8
BT-00022,INV-2721,0,1240,14,0.0,0,8
BT-00022,INV-9250,0,750116,5,0.333,0,8
BT-00022,INV-6988,0,100,3,0.0,0,8
BT-00022,INV-4905,1,0,0,0.333,0,8
BT-00022,INV-9041,0,1521857,26,0.333,0,8
BT-00022,INV-2527,0,0,4,0.0,0,8
BT-00023,INV-8189,0,100,23,0.0,0,9
BT-00023,INV-8140,0,1240,18,0.0,0,9
BT-00023,INV-6686,0,100,2,0.0,0,9
BT-00023,INV-2599,1,0,0,0.25,0,9
BT-00023,INV-5257,0,216232,0,0.0,0,9
BT-00023,INV-6534,0,100,4,0.0,0,9
BT-00023,INV-7712,0,1916383,10,0.25,0,9
BT-00023,INV-3094,0,100,13,0.0,0,9
BT-00023,INV-1509,0,17549,15,0.25,0,9
BT-00024,INV-3245,0,100,17,0.2,0,4
BT-00024,INV-1929,0,430126,0,0.0,0,4
BT-00024,INV-1192,0,100,3,0.0,0,4
BT-00024,INV-7176,1,0,0,0.5,1,4
BT-00025,INV-8053,0,0,5,0.0,0,4
BT-00025,INV-8755,0,1007972,3,0.5,0,4
BT-00025,INV-8061,0,500077,14,0.5,0,4
BT-00025,INV-9610,1,0,0,0.5,1,4
BT-00026,INV-3261,0,212521,0,0.0,0,6
BT-00026,INV-4276,0,1250255,0,0.0,0,6
BT-00026,INV-8089,1,0,0,0.333,0,6
BT-00026,INV-9578,0,0,2,0.0,0,6
BT-00026,INV-8736,0,0,24,0.0,0,6
BT-00026,INV-8119,0,1240,17,0.0,0,6
BT-00027,INV-9024,0,100,13,0.0,0,4
BT-00027,INV-7364,1,0,0,0.333,0,4
BT-00027,INV-3425,0,1240,1,0.0,0,4
BT-00027,INV-8930,0,0,3,0.0,0,4
BT-00028,INV-9076,0,12456,1,0.0,0,8
BT-00028,INV-5845,0,92564,16,0.0,0,8
BT-00028,INV-8541,0,833626,0,0.0,0,8
BT-00028,INV-2205,0,215172,6,0.0,0,8
BT-00028,INV-3425,0,215072,17,0.0,0,8
BT-00028,INV-3580,0,758965,0,0.0,0,8
BT-00028,INV-4337,0,244835,25,0.0,0,8
BT-00028,INV-8047,1,215072,0,0.0,0,8
BT-00029,INV-3107,0,1058792,1,0.0,0,9
BT-00029,INV-9556,0,100,0,0.0,0,9
BT-00029,INV-7684,0,1240,16,0.0,0,9
BT-00029,INV-4751,0,1520405,0,0.0,0,9
BT-00029,INV-5770,0,0,2,0.0,0,9
BT-00029,INV-9938,0,1240,6,0.0,0,9
BT-00029,INV-6789,0,1025606,10,0.0,0,9
BT-00029,INV-6105,0,802679,0,0.0,0,9
BT-00029,INV-2552,1,0,0,0.0,0,9
BT-00030,INV-1032,0,1785428,0,0.0,0,10
BT-00030,INV-3182,0,1871951,4,0.0,0,10
BT-00030,INV-2942,0,2293080,21,0.0,0,10
BT-00030,INV-7699,0,843282,2,0.0,0,10
BT-00030,INV-3148,0,100,7,0.0,0,10
BT-00030,INV-2675,0,1240,6,0.0,0,10
BT-00030,INV-8344,0,100,1,0.0,0,10
BT-00030,INV-2517,0,1091330,14,0.0,0,10
BT-00030,INV-5975,1,0,0,0.0,0,10
BT-00030,INV-2594,0,0,4,0.0,0,10
BT-00031,INV-5201,0,452811,0,0.0,0,9
BT-00031,INV-8835,0,100,2,0.0,0,9
BT-00031,INV-2229,0,1359052,1,0.333,0,9
BT-00031,INV-1007,0,145888,0,0.0,0,9
BT-00031,INV-3656,0,100,2,0.0,0,9
BT-00031,INV-4455,0,1104755,0,0.0,0,9
BT-00031,INV-8426,1,0,0,0.333,0,9
BT-00031,INV-7179,0,420762,0,0.0,0,9
BT-00031,INV-9664,0,100,0,0.0,0,9
BT-00032,INV-2205,0,1274868,0,0.0,0,6
BT-00032,INV-3640,1,0,0,0.25,0,6
BT-00032,INV-7662,0,2258670,0,0.0,0,6
BT-00032,INV-5695,0,100,7,0.0,0,6
BT-00032,INV-2176,0,704485,0,0.0,0,6
BT-00032,INV-7086,0,100,24,0.0,0,6
BT-00033,INV-8514,1,0,0,0.333,0,7
BT-00033,INV-7149,0,819861,6,0.333,0,7
BT-00033,INV-9974,0,100,2,0.0,0,7
BT-00033,INV-8877,0,99796,0,0.333,0,7
BT-00033,INV-6894,0,423917,0,0.0,0,7
BT-00033,INV-6356,0,781749,2,0.333,0,7
BT-00033,INV-9253,0,1240,2,0.0,0,7
BT-00034,INV-6389,0,100,18,0.0,0,9
BT-00034,INV-3195,0,100,3,0.0,0,9
BT-00034,INV-7958,0,1240,11,0.5,0,9
BT-00034,INV-4873,0,100,7,0.2,0,9
BT-00034,INV-6991,0,60033,0,0.0,0,9
BT-00034,INV-9327,0,116698,5,0.5,0,9
BT-00034,INV-1757,0,100,12,0.2,0,9
BT-00034,INV-3637,0,1240,16,0.0,0,9
BT-00034,INV-9192,1,0,0,0.5,1,9
BT-00035,INV-2335,0,917545,6,0.25,0,9
BT-00035,INV-9451,0,236424,13,0.25,0,9
BT-00035,INV-3217,0,1027553,0,0.0,0,9
BT-00035,INV-9639,0,237764,1,0.0,0,9
BT-00035,INV-4547,1,236524,0,0.25,0,9
BT-00035,INV-6386,0,236424,9,0.0,0,9
BT-00035,INV-6050,0,96388,6,0.25,0,9
BT-00035,INV-5771,0,236624,6,0.0,0,9
BT-00035,INV-8315,0,640033,3,0.25,0,9
BT-00036,INV-2744,0,94012,3,0.5,0,9
BT-00036,INV-4183,0,492981,0,0.0,0,9
BT-00036,INV-3698,0,0,2,0.0,0,9
BT-00036,INV-1116,0,1150305,0,0.0,0,9
BT-00036,INV-2783,0,803285,0,0.0,0,9
BT-00036,INV-2525,0,1240,14,0.0,0,9
BT-00036,INV-5362,1,0,0,0.5,1,9
BT-00036,INV-1089,0,0,2,0.0,0,9
BT-00036,INV-3789,0,1240,9,0.0,0,9
BT-00037,INV-1080,0,453872,17,0.0,0,4
BT-00037,INV-5294,1,0,0,0.0,0,4
BT-00037,INV-5060,0,0,1,0.0,0,4
BT-00037,INV-3344,0,123945,0,0.0,0,4
BT-00038,INV-6430,0,510058,0,0.0,0,7
BT-00038,INV-4148,0,1205374,0,0.0,0,7
BT-00038,INV-1393,0,1832483,21,0.333,0,7
BT-00038,INV-4345,1,0,0,0.333,0,7
BT-00038,INV-2346,0,1607637,0,0.0,0,7
BT-00038,INV-1908,0,100,9,0.0,0,7
BT-00038,INV-4854,0,207307,0,0.0,0,7
BT-00039,INV-6615,0,730978,5,0.333,0,9
BT-00039,INV-5845,1,0,0,0.333,0,9
BT-00039,INV-1597,0,890087,0,0.0,0,9
BT-00039,INV-2967,0,109492,0,0.0,0,9
BT-00039,INV-7740,0,100,6,0.0,0,9
BT-00039,INV-4648,0,406569,0,0.0,0,9
BT-00039,INV-8164,0,100,12,0.0,0,9
BT-00039,INV-8428,0,100,3,0.0,0,9
BT-00039,INV-1052,0,267646,0,0.0,0,9
BT-00040,INV-4103,0,0,22,0.0,0,8
BT-00040,INV-2059,0,604910,7,0.0,0,8
BT-00040,INV-7754,0,435376,0,0.0,0,8
BT-00040,INV-3900,0,776555,0,0.0,0,8
BT-00040,INV-5674,1,0,0,0.0,0,8
BT-00040,INV-3907,0,970054,0,0.0,0,8
BT-00040,INV-1216,0,153721,0,0.0,0,8
BT-00040,INV-4562,0,0,8,0.0,0,8
BT-00041,INV-1936,0,1348701,0,0.0,0,7
BT-00041,INV-5595,0,1596065,2,0.333,0,7
BT-00041,INV-7551,0,1050509,6,0.333,0,7
BT-00041,INV-4733,0,530721,0,0.0,0,7
BT-00041,INV-1901,0,231497,0,0.0,0,7
BT-00041,INV-5727,0,100,6,0.0,0,7
BT-00041,INV-1952,1,0,0,0.333,0,7
BT-00042,INV-8519,0,863653,0,0.0,0,6
BT-00042,INV-4951,0,1292605,7,0.0,0,6
BT-00042,INV-6819,0,1322713,18,0.0,0,6
BT-00042,INV-6146,0,113468,3,0.0,0,6
BT-00042,INV-8233,1,0,0,0.0,0,6
BT-00042,INV-4015,0,100,19,0.0,0,6
BT-00043,INV-6231,0,1240,14,0.0,0,4
BT-00043,INV-1413,0,949752,0,0.0,0,4
BT-00043,INV-2678,0,1419587,0,0.0,0,4
BT-00043,INV-8570,1,0,0,0.0,0,4
BT-00044,INV-8129,0,825753,0,0.0,0,7
BT-00044,INV-5924,0,403225,10,0.5,0,7
BT-00044,INV-4380,0,165383,4,0.0,0,7
BT-00044,INV-9895,0,166723,5,0.0,0,7
BT-00044,INV-5356,0,165483,17,0.0,0,7
BT-00044,INV-3751,1,165483,0,0.5,1,7
BT-00044,INV-5461,0,165383,5,0.0,0,7
BT-00045,INV-2390,1,74530,0,0.333,0,8
BT-00045,INV-4046,0,74530,11,0.333,0,8
BT-00045,INV-6377,0,74430,2,0.333,0,8
BT-00045,INV-8653,0,1787572,4,0.333,0,8
BT-00045,INV-9909,0,75770,11,0.0,0,8
BT-00045,INV-2304,0,89383,0,0.0,0,8
BT-00045,INV-2205,0,261157,0,0.0,0,8
BT-00045,INV-2421,0,74630,11,0.0,0,8
BT-00046,INV-4135,0,2145251,0,0.0,0,7
BT-00046,INV-5012,0,36138,7,0.0,0,7
BT-00046,INV-9027,1,36138,0,0.333,0,7
BT-00046,INV-9450,0,1944320,2,0.333,0,7
BT-00046,INV-1537,0,37378,3,0.333,0,7
BT-00046,INV-9423,0,1919853,22,0.333,0,7
BT-00046,INV-7748,0,2143710,0,0.0,0,7
BT-00047,INV-6137,0,1393025,23,0.25,0,5
BT-00047,INV-4068,0,100,24,0.0,0,5
BT-00047,INV-7607,0,1220700,0,0.25,0,5
BT-00047,INV-8423,0,175603,17,0.25,0,5
BT-00047,INV-7819,1,0,0,0.25,0,5
BT-00048,INV-8685,0,842882,5,0.5,0,5
BT-00048,INV-6387,1,0,0,0.5,1,5
BT-00048,INV-7126,0,348498,5,0.5,0,5
BT-00048,INV-5156,0,1346153,0,0.0,0,5
BT-00048,INV-5518,0,100,3,0.0,0,5
BT-00049,INV-5856,0,708901,0,0.0,0,5
BT-00049,INV-8310,1,0,0,0.0,0,5
BT-00049,INV-7635,0,81503,1,0.0,0,5
BT-00049,INV-4087,0,29874,21,0.0,0,5
BT-00049,INV-3127,0,100,15,0.0,0,5
BT-00050,INV-1456,0,584208,0,0.0,0,9
BT-00050,INV-6336,0,665947,5,0.0,0,9
BT-00050,INV-4996,0,251780,0,0.0,0,9
BT-00050,INV-8998,0,1169302,2,0.0,0,9
BT-00050,INV-1640,1,169743,0,0.0,0,9
BT-00050,INV-5427,0,169743,11,0.0,0,9
BT-00050,INV-1346,0,133445,1,0.0,0,9
BT-00050,INV-3260,0,962297,6,0.0,0,9
BT-00050,INV-4814,0,84143,9,0.0,0,9
BT-00051,INV-6461,0,100,4,0.0,0,5
BT-00051,INV-2063,0,1240,6,0.0,0,5
BT-00051,INV-2679,0,161199,0,0.0,0,5
BT-00051,INV-9816,0,591668,0,0.0,0,5
BT-00051,INV-6752,1,0,0,0.25,0,5
BT-00052,INV-7989,0,423772,17,0.25,0,5
BT-00052,INV-2673,1,0,0,0.25,0,5
BT-00052,INV-8200,0,2313047,0,0.0,0,5
BT-00052,INV-8707,0,981269,0,0.0,0,5
BT-00052,INV-8460,0,1642182,1,0.25,0,5
BT-00053,INV-9158,0,2195148,0,0.0,0,10
BT-00053,INV-4111,0,100,11,0.0,0,10
BT-00053,INV-8252,0,1240,14,0.0,0,10
BT-00053,INV-6549,0,1818860,2,0.0,0,10
BT-00053,INV-9194,1,0,0,0.0,0,10
BT-00053,INV-3862,0,1397412,0,0.0,0,10
BT-00053,INV-2259,0,562252,10,0.0,0,10
BT-00053,INV-3991,0,78091,12,0.0,0,10
BT-00053,INV-2182,0,1809877,0,0.0,0,10
BT-00053,INV-9432,0,0,11,0.0,0,10
BT-00054,INV-3903,0,1594162,0,0.0,0,8
BT-00054,INV-3701,0,743958,7,0.25,0,8
BT-00054,INV-1547,0,873426,9,0.25,0,8
BT-00054,INV-5531,0,1325165,2,0.25,0,8
BT-00054,INV-1079,0,1529542,0,0.0,0,8
BT-00054,INV-5763,0,0,1,0.0,0,8
BT-00054,INV-4097,1,0,0,0.25,0,8
BT-00054,INV-1393,0,378151,0,0.0,0,8
BT-00055,INV-5192,0,1382740,0,0.0,0,10
BT-00055,INV-8788,0,48890,7,0.0,0,10
BT-00055,INV-3070,0,56854,5,0.25,0,10
BT-00055,INV-2955,0,255180,0,0.0,0,10
BT-00055,INV-8698,0,48890,1,0.25,0,10
BT-00055,INV-4059,0,48890,4,0.0,0,10
BT-00055,INV-9238,0,2049356,0,0.0,0,10
BT-00055,INV-9774,0,1423569,8,0.25,0,10
BT-00055,INV-9597,0,49090,9,0.0,0,10
BT-00055,INV-2266,1,48990,0,0.25,0,10
BT-00056,INV-2906,0,205755,0,0.0,0,5
BT-00056,INV-7418,0,13076,0,0.2,0,5
BT-00056,INV-4835,0,1427608,6,0.5,0,5
BT-00056,INV-6371,0,214827,5,0.0,0,5
BT-00056,INV-1308,1,214727,0,0.5,1,5
BT-00057,INV-7331,0,175355,0,0.0,0,7
BT-00057,INV-7858,0,1240,19,0.0,0,7
BT-00057,INV-5389,0,346381,20,0.5,0,7
BT-00057,INV-6095,0,100,17,0.0,0,7
BT-00057,INV-9832,0,1240,7,0.0,0,7
BT-00057,INV-5929,0,0,10,0.0,0,7
BT-00057,INV-6904,1,0,0,0.5,1,7
BT-00058,INV-6962,0,0,10,0.2,0,8
BT-00058,INV-6247,0,947318,13,0.5,0,8
BT-00058,INV-5734,0,418221,13,0.5,0,8
BT-00058,INV-8886,1,0,0,0.5,1,8
BT-00058,INV-3920,0,228927,6,0.5,0,8
BT-00058,INV-9573,0,573748,10,0.5,0,8
BT-00058,INV-4647,0,100,18,0.0,0,8
BT-00058,INV-6290,0,606931,7,0.5,0,8
BT-00059,INV-4020,0,100,4,0.0,0,8
BT-00059,INV-7484,0,977007,17,0.667,0,8
BT-00059,INV-9603,0,100,4,0.0,0,8
BT-00059,INV-9404,0,631721,0,0.0,0,8
BT-00059,INV-2799,0,0,22,0.0,0,8
BT-00059,INV-2521,1,0,0,0.667,0,8
BT-00059,INV-1306,0,1967065,18,0.667,0,8
BT-00059,INV-4785,0,100,4,0.0,0,8
BT-00060,INV-2069,0,989186,0,0.0,0,8
BT-00060,INV-8322,0,151144,5,0.333,0,8
BT-00060,INV-6295,0,952805,12,0.333,0,8
BT-00060,INV-1183,1,0,0,0.333,0,8
BT-00060,INV-6981,0,100,13,0.0,0,8
BT-00060,INV-2385,0,128708,9,0.333,0,8
BT-00060,INV-5943,0,630647,12,0.333,0,8
BT-00060,INV-3833,0,1771558,4,0.333,0,8
BT-00061,INV-1794,0,134260,21,0.5,0,4
BT-00061,INV-4606,1,191726,0,0.5,1,4
BT-00061,INV-6126,0,1120695,0,0.0,0,4
BT-00061,INV-9924,0,1475655,6,0.5,0,4
BT-00062,INV-9452,0,0,0,0.0,0,8
BT-00062,INV-8711,1,0,0,0.5,1,8
BT-00062,INV-5468,0,265625,0,0.0,0,8
BT-00062,INV-7231,0,1776121,4,0.5,0,8
BT-00062,INV-3264,0,0,16,0.0,0,8
BT-00062,INV-9974,0,1240,0,0.0,0,8
BT-00062,INV-8059,0,0,17,0.0,0,8
BT-00062,INV-5139,0,0,7,0.0,0,8
BT-00063,INV-2396,0,1100226,6,0.25,0,6
BT-00063,INV-7699,0,1729206,0,0.0,0,6
BT-00063,INV-7063,1,0,0,0.25,0,6
BT-00063,INV-9924,0,672138,13,0.25,0,6
BT-00063,INV-9229,0,808862,8,0.25,0,6
BT-00063,INV-6875,0,100,12,0.0,0,6
BT-00064,INV-2941,0,142972,20,0.25,0,9
BT-00064,INV-2604,1,142972,0,0.667,0,9
BT-00064,INV-9291,0,143072,18,0.0,0,9
BT-00064,INV-9352,0,804124,12,0.667,0,9
BT-00064,INV-9140,0,23755,10,0.667,0,9
BT-00064,INV-7420,0,503329,26,0.667,0,9
BT-00064,INV-7932,0,107380,8,0.667,0,9
BT-00064,INV-5909,0,291481,12,0.667,0,9
BT-00064,INV-6580,0,143072,2,0.0,0,9
BT-00065,INV-3226,0,100,1,0.0,0,4
BT-00065,INV-1726,1,0,0,0.333,0,4
BT-00065,INV-5418,0,941253,4,0.333,0,4
BT-00065,INV-5107,0,1876002,0,0.0,0,4
BT-00066,INV-1462,0,1565283,0,0.0,0,5
BT-00066,INV-7353,0,1135966,0,0.0,0,5
BT-00066,INV-4745,1,0,0,0.0,0,5
BT-00066,INV-2835,0,729705,0,0.0,0,5
BT-00066,INV-9760,0,100,13,0.0,0,5
BT-00067,INV-3987,0,234973,2,0.5,0,8
BT-00067,INV-1139,0,1240,1,0.0,0,8
BT-00067,INV-5920,0,373740,12,0.5,0,8
BT-00067,INV-9344,0,243926,5,0.5,0,8
BT-00067,INV-3144,1,0,0,0.5,1,8
BT-00067,INV-5821,0,769317,16,0.5,0,8
BT-00067,INV-6014,0,100,4,0.0,0,8
BT-00067,INV-8271,0,25830,16,0.5,0,8
BT-00068,INV-9905,1,0,0,0.333,0,6
BT-00068,INV-4789,0,489085,21,0.333,0,6
BT-00068,INV-5985,0,725876,0,0.0,0,6
BT-00068,INV-5213,0,1240,14,0.0,0,6
BT-00068,INV-2322,0,0,20,0.0,0,6
BT-00068,INV-5093,0,1218444,15,0.333,0,6
BT-00069,INV-7643,0,1520509,7,0.0,0,9
BT-00069,INV-2881,0,0,11,0.0,0,9
BT-00069,INV-2240,0,1240,12,0.0,0,9
BT-00069,INV-9271,0,1550165,4,0.0,0,9
BT-00069,INV-4654,0,1844615,0,0.0,0,9
BT-00069,INV-9958,1,0,0,0.0,0,9
BT-00069,INV-4679,0,0,8,0.0,0,9
BT-00069,INV-3405,0,1307638,5,0.0,0,9
BT-00069,INV-3610,0,759454,1,0.0,0,9
BT-00070,INV-6171,0,100,3,0.0,0,4
BT-00070,INV-9843,0,116502,0,0.0,0,4
BT-00070,INV-4990,1,0,0,0.5,1,4
BT-00070,INV-2850,0,1093941,12,0.5,0,4
BT-00071,INV-1450,0,325422,0,0.0,0,9
BT-00071,INV-4432,0,100,4,0.0,0,9
BT-00071,INV-8890,0,1112703,2,0.0,0,9
BT-00071,INV-5757,1,0,0,0.0,0,9
BT-00071,INV-9155,0,693428,3,0.0,0,9
BT-00071,INV-4284,0,1942007,1,0.0,0,9
BT-00071,INV-9159,0,2463759,13,0.0,0,9
BT-00071,INV-4903,0,0,15,0.0,0,9
BT-00071,INV-8281,0,1152391,9,0.0,0,9
BT-00072,INV-3480,0,1537426,4,0.25,0,6
BT-00072,INV-8330,0,100,11,0.0,0,6
BT-00072,INV-1041,0,1178306,0,0.0,0,6
BT-00072,INV-5709,1,0,0,0.25,0,6
BT-00072,INV-2747,0,437058,4,0.25,0,6
BT-00072,INV-3385,0,64653,2,0.25,0,6
BT-00073,INV-2547,0,25154,14,0.0,0,4
BT-00073,INV-5132,0,25254,2,0.0,0,4
BT-00073,INV-3053,1,25154,0,0.5,1,4
BT-00073,INV-9601,0,1288584,0,0.0,0,4
BT-00074,INV-7145,1,196412,0,0.0,0,6
BT-00074,INV-7973,0,196412,19,0.0,0,6
BT-00074,INV-5141,0,1084462,0,0.0,0,6
BT-00074,INV-2200,0,474884,0,0.0,0,6
BT-00074,INV-5669,0,1745797,0,0.0,0,6
BT-00074,INV-7067,0,607901,0,0.0,0,6
BT-00075,INV-9351,0,2211527,0,0.333,0,7
BT-00075,INV-7686,0,705647,0,0.0,0,7
BT-00075,INV-9336,0,1595323,0,0.0,0,7
BT-00075,INV-8857,0,1312376,11,0.333,0,7
BT-00075,INV-5678,0,1221468,4,0.333,0,7
BT-00075,INV-9547,1,0,0,0.333,0,7
BT-00075,INV-4263,0,337339,8,0.333,0,7
BT-00076,INV-8941,0,654163,9,0.333,0,5
BT-00076,INV-5043,1,0,0,0.333,0,5
BT-00076,INV-2866,0,268389,18,0.333,0,5
BT-00076,INV-1233,0,1275913,0,0.0,0,5
BT-00076,INV-3793,0,509661,3,0.333,0,5
BT-00077,INV-5918,0,0,4,0.0,0,9
BT-00077,INV-5250,0,396668,0,0.333,0,9
BT-00077,INV-9450,0,937102,0,0.0,0,9
BT-00077,INV-2305,1,0,0,0.333,0,9
BT-00077,INV-9868,0,281503,16,0.333,0,9
BT-00077,INV-2349,0,1302343,0,0.0,0,9
BT-00077,INV-5301,0,485019,17,0.333,0,9
BT-00077,INV-1333,0,1240963,8,0.333,0,9
BT-00077,INV-3780,0,0,9,0.0,0,9
BT-00078,INV-9303,0,625900,3,0.25,0,6
BT-00078,INV-8646,0,73588,9,0.0,0,6
BT-00078,INV-6119,0,551036,1,0.25,0,6
BT-00078,INV-7373,1,73688,0,0.25,0,6
BT-00078,INV-6005,0,948036,11,0.25,0,6
BT-00078,INV-5599,0,73788,7,0.0,0,6
BT-00079,INV-1491,1,0,0,0.25,0,5
BT-00079,INV-3158,0,1278739,11,0.25,0,5
BT-00079,INV-1621,0,57604,8,0.25,0,5
BT-00079,INV-3518,0,1240,9,0.25,0,5
BT-00079,INV-9937,0,91108,0,0.0,0,5
BT-00080,INV-9156,0,100,3,0.0,0,9
BT-00080,INV-8496,0,1365042,0,0.0,0,9
BT-00080,INV-7783,0,1240,4,0.0,0,9
BT-00080,INV-4060,0,601526,0,0.0,0,9
BT-00080,INV-7265,0,1240,19,0.0,0,9
BT-00080,INV-7130,0,1316110,0,0.0,0,9
BT-00080,INV-1009,1,0,0,0.5,1,9
BT-00080,INV-1654,0,100,0,0.0,0,9
BT-00080,INV-5725,0,0,12,0.2,0,9
BT-00081,INV-3855,1,0,0,0.5,1,10
BT-00081,INV-2440,0,100,20,0.0,0,10
BT-00081,INV-5710,0,100,22,0.0,0,10
BT-00081,INV-4691,0,705456,0,0.0,0,10
BT-00081,INV-1413,0,1158776,14,0.5,0,10
BT-00081,INV-7034,0,323542,0,0.0,0,10
BT-00081,INV-9145,0,1240,15,0.0,0,10
BT-00081,INV-6469,0,104551,0,0.0,0,10
BT-00081,INV-5418,0,544065,0,0.2,0,10
BT-00081,INV-1868,0,231463,2,0.5,0,10
BT-00082,INV-3084,0,100,3,0.0,0,10
BT-00082,INV-2795,0,94500,9,0.0,0,10
BT-00082,INV-7551,1,0,0,0.0,0,10
BT-00082,INV-4401,0,100,16,0.0,0,10
BT-00082,INV-1455,0,0,5,0.0,0,10
BT-00082,INV-9538,0,1293249,0,0.0,0,10
BT-00082,INV-4853,0,679528,3,0.0,0,10
BT-00082,INV-5155,0,725084,0,0.0,0,10
BT-00082,INV-2301,0,262473,0,0.0,0,10
BT-00082,INV-9926,0,228053,5,0.0,0,10
BT-00083,INV-1979,1,63465,0,0.5,1,10
BT-00083,INV-6156,0,360875,20,0.5,0,10
BT-00083,INV-1817,0,63465,3,0.0,0,10
BT-00083,INV-1454,0,443155,0,0.2,0,10
BT-00083,INV-1723,0,621313,4,0.5,0,10
BT-00083,INV-6279,0,967773,0,0.0,0,10
BT-00083,INV-3102,0,990444,9,0.5,0,10
BT-00083,INV-5658,0,1401876,11,0.5,0,10
BT-00083,INV-4835,0,208923,0,0.0,0,10
BT-00083,INV-7032,0,63365,16,0.0,0,10
BT-00084,INV-7333,0,100,9,0.0,0,8
BT-00084,INV-5618,0,527796,0,0.0,0,8
BT-00084,INV-9336,0,1008742,0,0.0,0,8
BT-00084,INV-6162,0,0,25,0.0,0,8
BT-00084,INV-1204,0,100,5,0.0,0,8
BT-00084,INV-2232,0,627040,18,0.333,0,8
BT-00084,INV-3263,1,0,0,0.333,0,8
BT-00084,INV-8937,0,1984671,0,0.0,0,8
BT-00085,INV-7629,0,570169,1,0.5,0,10
BT-00085,INV-8414,0,0,15,0.0,0,10
BT-00085,INV-2806,0,1240,5,0.2,0,10
BT-00085,INV-4288,0,142261,0,0.0,0,10
BT-00085,INV-5945,0,1123545,0,0.0,0,10
BT-00085,INV-7175,0,1834805,0,0.0,0,10
BT-00085,INV-8866,0,64074,0,0.2,0,10
BT-00085,INV-6450,1,0,0,0.5,1,10
BT-00085,INV-8511,0,83085,0,0.0,0,10
BT-00085,INV-4427,0,1240,6,0.0,0,10
BT-00086,INV-9227,0,0,2,0.0,0,5
BT-00086,INV-3696,0,788875,11,0.333,0,5
BT-00086,INV-9971,0,565479,8,0.333,0,5
BT-00086,INV-1436,1,0,0,0.333,0,5
BT-00086,INV-1907,0,829838,0,0.333,0,5
BT-00087,INV-9477,0,211990,1,0.5,0,7
BT-00087,INV-3937,0,1191521,1,0.5,0,7
BT-00087,INV-9669,0,100,15,0.2,0,7
BT-00087,INV-5809,1,0,0,0.5,1,7
BT-00087,INV-8096,0,1844102,9,0.5,0,7
BT-00087,INV-8060,0,100,6,0.0,0,7
BT-00087,INV-3526,0,100,0,0.0,0,7
BT-00088,INV-5278,0,453788,5,0.333,0,4
BT-00088,INV-7228,0,1235248,0,0.0,0,4
BT-00088,INV-6880,1,0,0,0.333,0,4
BT-00088,INV-5295,0,367795,1,0.333,0,4
BT-00089,INV-6777,0,1191597,0,0.0,0,10
BT-00089,INV-2085,0,362841,2,0.25,0,10
BT-00089,INV-8149,0,231790,0,0.0,0,10
BT-00089,INV-1056,0,1508785,0,0.0,0,10
BT-00089,INV-9001,0,182348,13,0.0,0,10
BT-00089,INV-3969,0,204052,8,0.25,0,10
BT-00089,INV-9141,0,439890,0,0.0,0,10
BT-00089,INV-3686,0,98993,0,0.25,0,10
BT-00089,INV-8365,1,182248,0,0.25,0,10
BT-00089,INV-3990,0,179782,0,0.0,0,10
BT-00090,INV-4440,0,1874629,0,0.0,0,5
BT-00090,INV-1566,0,1161038,16,0.25,0,5
BT-00090,INV-6479,0,1435608,0,0.0,0,5
BT-00090,INV-5296,1,0,0,0.25,0,5
BT-00090,INV-6994,0,284056,0,0.0,0,5
BT-00091,INV-3547,0,0,1,0.2,0,8
BT-00091,INV-1886,0,87041,0,0.0,0,8
BT-00091,INV-7836,1,0,0,0.5,1,8
BT-00091,INV-2024,0,100,19,0.0,0,8
BT-00091,INV-5802,0,1240,11,0.0,0,8
BT-00091,INV-5378,0,1240,3,0.0,0,8
BT-00091,INV-3271,0,0,1,0.0,0,8
BT-00091,INV-2453,0,100,17,0.0,0,8
BT-00092,INV-6691,0,78241,0,0.0,0,6
BT-00092,INV-8932,0,1375610,23,0.5,0,6
BT-00092,INV-9363,1,107743,0,0.5,1,6
BT-00092,INV-3756,0,1247410,5,0.5,0,6
BT-00092,INV-3305,0,1307424,0,0.0,0,6
BT-00092,INV-1847,0,108983,4,0.0,0,6
BT-00093,INV-7344,0,450507,0,0.0,0,5
BT-00093,INV-4300,0,1240,15,0.0,0,5
BT-00093,INV-4185,0,1921864,22,0.0,0,5
BT-00093,INV-3548,0,193496,0,0.0,0,5
BT-00093,INV-7193,1,0,0,0.0,0,5
BT-00094,INV-6187,0,100,12,0.2,0,9
BT-00094,INV-7042,0,0,9,0.0,0,9
BT-00094,INV-9204,1,0,0,0.5,1,9
BT-00094,INV-1196,0,1137240,0,0.2,0,9
BT-00094,INV-8839,0,1709396,5,0.5,0,9
BT-00094,INV-4370,0,0,10,0.0,0,9
BT-00094,INV-7149,0,100,8,0.0,0,9
BT-00094,INV-2025,0,1709739,0,0.0,0,9
BT-00094,INV-7606,0,0,25,0.0,0,9
BT-00095,INV-4907,0,453609,11,0.25,0,7
BT-00095,INV-9535,0,1345775,0,0.0,0,7
BT-00095,INV-5071,0,100,1,0.0,0,7
BT-00095,INV-8770,0,0,13,0.25,0,7
BT-00095,INV-4500,0,100,6,0.0,0,7
BT-00095,INV-8719,0,100,4,0.0,0,7
BT-00095,INV-5863,1,0,0,0.25,0,7
BT-00096,INV-5297,0,760317,23,0.5,0,7
BT-00096,INV-9434,1,0,0,0.5,1,7
BT-00096,INV-4347,0,687334,14,0.5,0,7
BT-00096,INV-7429,0,636519,0,0.0,0,7
BT-00096,INV-6727,0,158925,0,0.0,0,7
BT-00096,INV-2634,0,151424,0,0.0,0,7
BT-00096,INV-1232,0,100,7,0.0,0,7
BT-00097,INV-6428,0,643819,0,0.0,0,5
BT-00097,INV-3874,1,0,0,0.0,0,5
BT-00097,INV-7588,0,92636,0,0.0,0,5
BT-00097,INV-2043,0,100,2,0.0,0,5
BT-00097,INV-1525,0,219951,20,0.0,0,5
BT-00098,INV-6244,0,100,12,0.0,0,4
BT-00098,INV-1690,0,100,9,0.0,0,4
BT-00098,INV-3587,0,149875,0,0.0,0,4
BT-00098,INV-5663,1,0,0,0.0,0,4
BT-00099,INV-5561,0,100,7,0.0,0,8
BT-00099,INV-1997,0,1240,11,0.0,0,8
BT-00099,INV-2294,0,0,6,0.25,0,8
BT-00099,INV-7253,0,868299,5,0.667,0,8
BT-00099,INV-1889,0,595654,0,0.0,0,8
BT-00099,INV-9938,1,0,0,0.667,0,8
BT-00099,INV-5125,0,919333,9,0.667,0,8
BT-00099,INV-4330,0,1240,1,0.0,0,8
BT-00100,INV-9902,0,1240,17,0.0,0,10
BT-00100,INV-5578,0,1095052,3,0.5,0,10
BT-00100,INV-8412,0,999017,0,0.0,0,10
BT-00100,INV-3419,1,0,0,0.5,1,10
BT-00100,INV-8894,0,100,1,0.0,0,10
BT-00100,INV-7478,0,100,20,0.0,0,10
BT-00100,INV-2374,0,100990,14,0.5,0,10
BT-00100,INV-2639,0,1107308,0,0.0,0,10
BT-00100,INV-7433,0,0,5,0.0,0,10
BT-00100,INV-6427,0,1751540,16,0.5,0,10
BT-00101,INV-5325,1,0,0,0.5,1,10
BT-00101,INV-1919,0,2149131,3,0.5,0,10
BT-00101,INV-3485,0,0,3,0.0,0,10
BT-00101,INV-5390,0,89459,23,0.5,0,10
BT-00101,INV-4202,0,1240,11,0.5,0,10
BT-00101,INV-8712,0,0,20,0.0,0,10
BT-00101,INV-6126,0,433180,0,0.0,0,10
BT-00101,INV-4538,0,941948,6,0.5,0,10
BT-00101,INV-3027,0,1206489,0,0.0,0,10
BT-00101,INV-2700,0,1431794,24,0.5,0,10
BT-00102,INV-3425,0,1501653,27,0.0,0,8
BT-00102,INV-8247,0,38571,8,0.0,0,8
BT-00102,INV-9201,0,814432,0,0.0,0,8
BT-00102,INV-2031,0,519091,0,0.0,0,8
BT-00102,INV-6772,1,0,0,0.0,0,8
BT-00102,INV-4732,0,688743,0,0.0,0,8
BT-00102,INV-7265,0,966957,19,0.0,0,8
BT-00102,INV-6154,0,251669,0,0.0,0,8
BT-00103,INV-6046,0,1474584,0,0.0,0,10
BT-00103,INV-8617,0,0,13,0.25,0,10
BT-00103,INV-8394,0,100,18,0.25,0,10
BT-00103,INV-6021,0,0,6,0.0,0,10
BT-00103,INV-6919,0,1352860,3,0.25,0,10
BT-00103,INV-6330,0,445770,0,0.0,0,10
BT-00103,INV-3686,0,100,1,0.0,0,10
BT-00103,INV-9827,1,0,0,0.25,0,10
BT-00103,INV-9220,0,1490043,0,0.0,0,10
BT-00103,INV-2657,0,39681,11,0.25,0,10
BT-00104,INV-2006,0,0,4,0.0,0,8
BT-00104,INV-7181,0,1240,7,0.0,0,8
BT-00104,INV-4807,0,165540,0,0.2,0,8
BT-00104,INV-9308,1,0,0,0.5,1,8
BT-00104,INV-6129,0,359495,12,0.5,0,8
BT-00104,INV-3844,0,840030,0,0.5,0,8
BT-00104,INV-4806,0,100,4,0.0,0,8
BT-00104,INV-2139,0,344741,3,0.5,0,8
BT-00105,INV-7936,0,100,14,0.0,0,4
BT-00105,INV-1711,1,0,0,0.333,0,4
BT-00105,INV-3270,0,1240,16,0.0,0,4
BT-00105,INV-4073,0,100,17,0.0,0,4
BT-00106,INV-2239,0,234728,15,0.0,0,6
BT-00106,INV-7134,1,233488,0,0.0,0,6
BT-00106,INV-7636,0,233588,0,0.0,0,6
BT-00106,INV-6003,0,669833,10,0.0,0,6
BT-00106,INV-1821,0,233588,13,0.0,0,6
BT-00106,INV-4042,0,233488,16,0.0,0,6
BT-00107,INV-1168,0,0,13,0.0,0,4
BT-00107,INV-9249,1,0,0,0.667,0,4
BT-00107,INV-9282,0,866404,11,0.667,0,4
BT-00107,INV-3957,0,549630,5,0.667,0,4
BT-00108,INV-4310,0,695755,0,0.0,0,5
BT-00108,INV-5647,0,602175,0,0.333,0,5
BT-00108,INV-5878,0,487605,0,0.0,0,5
BT-00108,INV-1662,1,0,0,0.333,0,5
BT-00108,INV-2892,0,607105,8,0.333,0,5
BT-00109,INV-3949,0,1061572,15,0.333,0,4
BT-00109,INV-6252,0,54528,18,0.333,0,4
BT-00109,INV-8104,1,0,0,0.333,0,4
BT-00109,INV-6854,0,743585,0,0.0,0,4
BT-00110,INV-4591,1,0,0,0.0,0,9
BT-00110,INV-4056,0,1392057,22,0.0,0,9
BT-00110,INV-2729,0,1129183,0,0.0,0,9
BT-00110,INV-1030,0,1004537,0,0.0,0,9
BT-00110,INV-7559,0,100,9,0.0,0,9
BT-00110,INV-7965,0,322812,17,0.0,0,9
BT-00110,INV-3929,0,842767,5,0.0,0,9
BT-00110,INV-6847,0,100,7,0.0,0,9
BT-00110,INV-3724,0,100,2,0.0,0,9
BT-00111,INV-1869,1,0,0,0.333,0,5
BT-00111,INV-9971,0,755905,1,0.333,0,5
BT-00111,INV-9963,0,1028075,13,0.333,0,5
BT-00111,INV-9397,0,1370541,17,0.333,0,5
BT-00111,INV-3054,0,100,10,0.333,0,5
BT-00112,INV-7596,0,1240,2,0.0,0,4
BT-00112,INV-6455,1,0,0,0.5,1,4
BT-00112,INV-9937,0,411394,4,0.5,0,4
BT-00112,INV-6223,0,100,11,0.0,0,4
BT-00113,INV-5839,0,545112,0,0.0,0,5
BT-00113,INV-2530,0,42583,0,0.0,0,5
BT-00113,INV-9760,1,0,0,0.333,0,5
BT-00113,INV-3995,0,0,27,0.0,0,5
BT-00113,INV-1342,0,1911667,0,0.0,0,5
BT-00114,INV-2847,0,1577922,0,0.0,0,5
BT-00114,INV-4064,0,100,0,0.0,0,5
BT-00114,INV-4601,0,394912,0,0.0,0,5
BT-00114,INV-2742,1,0,0,0.0,0,5
BT-00114,INV-3233,0,0,0,0.0,0,5
BT-00115,INV-8321,0,2225564,0,0.2,0,8
BT-00115,INV-1068,0,1775333,12,0.5,0,8
BT-00115,INV-1179,0,100,16,0.0,0,8
BT-00115,INV-2074,0,1639511,14,0.5,0,8
BT-00115,INV-1903,1,0,0,0.5,1,8
BT-00115,INV-8733,0,573480,10,0.5,0,8
BT-00115,INV-8112,0,1240,11,0.2,0,8
BT-00115,INV-1449,0,326014,3,0.5,0,8
BT-00116,INV-2757,0,140892,3,0.0,0,9
BT-00116,INV-3030,0,653679,0,0.0,0,9
BT-00116,INV-1871,0,49524,2,0.0,0,9
BT-00116,INV-3585,1,0,0,0.0,0,9
BT-00116,INV-5233,0,2920,19,0.0,0,9
BT-00116,INV-7247,0,199630,0,0.0,0,9
BT-00116,INV-8343,0,365382,0,0.0,0,9
BT-00116,INV-8137,0,1376365,0,0.0,0,9
BT-00116,INV-3987,0,1074054,18,0.0,0,9
BT-00117,INV-3276,0,1653204,0,0.0,0,8
BT-00117,INV-9384,0,50675,0,0.25,0,8
BT-00117,INV-7408,0,1354161,24,0.25,0,8
BT-00117,INV-7797,0,100,6,0.0,0,8
BT-00117,INV-8521,0,305878,21,0.25,0,8
BT-00117,INV-4790,0,1273653,21,0.25,0,8
BT-00117,INV-7709,1,0,0,0.25,0,8
BT-00117,INV-5664,0,7377,0,0.0,0,8
BT-00118,INV-7375,0,19958,3,0.333,0,6
BT-00118,INV-4069,0,1649771,0,0.0,0,6
BT-00118,INV-2442,0,1628048,0,0.0,0,6
BT-00118,INV-7412,0,1159313,24,0.333,0,6
BT-00118,INV-3769,1,0,0,0.333,0,6
BT-00118,INV-1591,0,1240,7,0.0,0,6
BT-00119,INV-9634,0,341515,0,0.0,0,10
BT-00119,INV-8953,0,720845,0,0.0,0,10
BT-00119,INV-9762,0,603359,8,0.25,0,10
BT-00119,INV-2488,0,780496,0,0.0,0,10
BT-00119,INV-6744,0,1129888,10,0.25,0,10
BT-00119,INV-6673,0,281760,8,0.25,0,10
BT-00119,INV-5177,0,425383,0,0.0,0,10
BT-00119,INV-1982,1,0,0,0.25,0,10
BT-00119,INV-2326,0,226133,4,0.25,0,10
BT-00119,INV-8428,0,100,9,0.0,0,10
BT-00120,INV-6622,1,0,0,0.25,0,8
BT-00120,INV-4044,0,145009,0,0.0,0,8
BT-00120,INV-8581,0,1768787,12,0.25,0,8
BT-00120,INV-7004,0,1240,3,0.0,0,8
BT-00120,INV-6754,0,2165563,0,0.0,0,8
BT-00120,INV-8524,0,1240,2,0.25,0,8
BT-00120,INV-7243,0,1240,0,0.0,0,8
BT-00120,INV-9899,0,517000,0,0.0,0,8
BT-00121,INV-2737,0,159966,17,0.0,0,4
BT-00121,INV-2186,1,158726,0,0.667,0,4
BT-00121,INV-9398,0,159966,7,0.0,0,4
BT-00121,INV-6724,0,98535,1,0.667,0,4
BT-00122,INV-9698,0,100,8,0.0,0,10
BT-00122,INV-5241,1,0,0,0.5,1,10
BT-00122,INV-2270,0,422682,0,0.5,0,10
BT-00122,INV-7652,0,1549424,0,0.0,0,10
BT-00122,INV-5212,0,309072,16,0.5,0,10
BT-00122,INV-4701,0,100,7,0.2,0,10
BT-00122,INV-9321,0,0,6,0.0,0,10
BT-00122,INV-2303,0,100,8,0.0,0,10
BT-00122,INV-7355,0,320844,0,0.0,0,10
BT-00122,INV-3734,0,100,7,0.0,0,10
BT-00123,INV-1256,0,921361,10,0.25,0,8
BT-00123,INV-4420,0,1240,7,0.0,0,8
BT-00123,INV-5668,0,211639,0,0.25,0,8
BT-00123,INV-3966,1,0,0,0.25,0,8
BT-00123,INV-8977,0,1349072,0,0.0,0,8
BT-00123,INV-1394,0,376732,8,0.25,0,8
BT-00123,INV-2759,0,100,12,0.0,0,8
BT-00123,INV-3506,0,100,11,0.0,0,8
BT-00124,INV-1017,0,0,4,0.0,0,8
BT-00124,INV-9436,0,1432006,18,0.0,0,8
BT-00124,INV-2534,0,100,16,0.0,0,8
BT-00124,INV-1438,0,100,6,0.0,0,8
BT-00124,INV-1136,0,1488827,5,0.0,0,8
BT-00124,INV-2286,0,1629333,0,0.0,0,8
BT-00124,INV-2986,1,0,0,0.0,0,8
BT-00124,INV-4290,0,2005392,1,0.0,0,8
BT-00125,INV-2874,0,471887,0,0.0,0,4
BT-00125,INV-8158,0,1044047,0,0.0,0,4
BT-00125,INV-4864,0,0,1,0.0,0,4
BT-00125,INV-8360,1,0,0,0.0,0,4
BT-00126,INV-3014,1,0,0,0.667,0,10
BT-00126,INV-9008,0,100,21,0.0,0,10
BT-00126,INV-8581,0,555208,0,0.0,0,10
BT-00126,INV-7574,0,100,6,0.25,0,10
BT-00126,INV-4049,0,0,19,0.0,0,10
BT-00126,INV-8577,0,986758,0,0.0,0,10
BT-00126,INV-7974,0,333608,0,0.25,0,10
BT-00126,INV-2012,0,447553,7,0.667,0,10
BT-00126,INV-7130,0,762479,3,0.667,0,10
BT-00126,INV-8992,0,421019,1,0.667,0,10
BT-00127,INV-1763,1,13668,0,0.333,0,9
BT-00127,INV-5292,0,51009,7,0.333,0,9
BT-00127,INV-2128,0,2333984,0,0.0,0,9
BT-00127,INV-3892,0,999929,14,0.333,0,9
BT-00127,INV-8123,0,2174079,0,0.0,0,9
BT-00127,INV-2664,0,267059,4,0.333,0,9
BT-00127,INV-8279,0,14908,9,0.0,0,9
BT-00127,INV-8994,0,1291189,7,0.333,0,9
BT-00127,INV-3843,0,92872,3,0.333,0,9
BT-00128,INV-9673,0,1240,11,0.0,0,4
BT-00128,INV-2929,0,100,8,0.0,0,4
BT-00128,INV-7706,1,0,0,0.333,0,4
BT-00128,INV-1721,0,348452,0,0.0,0,4
BT-00129,INV-6496,1,0,0,0.5,1,5
BT-00129,INV-8773,0,1497275,0,0.0,0,5
BT-00129,INV-6479,0,1240,7,0.0,0,5
BT-00129,INV-4502,0,596536,0,0.0,0,5
BT-00129,INV-6840,0,2158217,1,0.5,0,5
BT-00130,INV-5005,0,148718,0,0.0,0,10
BT-00130,INV-4750,0,34084,5,0.25,0,10
BT-00130,INV-4096,0,805326,0,0.0,0,10
BT-00130,INV-2790,0,100,2,0.0,0,10
BT-00130,INV-2820,0,100,1,0.0,0,10
BT-00130,INV-9465,0,100,9,0.0,0,10
BT-00130,INV-7285,0,1009932,0,0.0,0,10
BT-00130,INV-3550,0,100,5,0.0,0,10
BT-00130,INV-4124,1,0,0,0.25,0,10
BT-00130,INV-3217,0,100,8,0.0,0,10
BT-00131,INV-3243,0,191338,0,0.25,0,10
BT-00131,INV-2405,0,1048189,25,0.25,0,10
BT-00131,INV-9145,1,0,0,0.25,0,10
BT-00131,INV-7673,0,100,16,0.0,0,10
BT-00131,INV-2517,0,858919,16,0.25,0,10
BT-00131,INV-6929,0,99548,0,0.0,0,10
BT-00131,INV-3514,0,382403,3,0.25,0,10
BT-00131,INV-2976,0,1240,9,0.0,0,10
BT-00131,INV-6230,0,0,5,0.0,0,10
BT-00131,INV-3880,0,597603,0,0.0,0,10
BT-00132,INV-2319,0,1700459,0,0.0,0,6
BT-00132,INV-4978,0,496706,0,0.0,0,6
BT-00132,INV-4145,1,0,0,0.0,0,6
BT-00132,INV-1930,0,497358,0,0.0,0,6
BT-00132,INV-2541,0,1472434,0,0.0,0,6
BT-00132,INV-9012,0,991662,4,0.0,0,6
BT-00133,INV-2141,0,2210279,0,0.0,0,10
BT-00133,INV-6916,0,100,3,0.0,0,10
BT-00133,INV-8425,0,1703305,0,0.0,0,10
BT-00133,INV-9649,0,1240,5,0.0,0,10
BT-00133,INV-5599,0,1050812,10,0.5,0,10
BT-00133,INV-9370,0,1240,17,0.0,0,10
BT-00133,INV-9179,1,0,0,0.5,1,10
BT-00133,INV-8902,0,1240,2,0.0,0,10
BT-00133,INV-5137,0,442866,10,0.5,0,10
BT-00133,INV-8443,0,1588524,0,0.0,0,10
BT-00134,INV-6637,0,433295,0,0.0,0,9
BT-00134,INV-6674,0,69487,20,0.333,0,9
BT-00134,INV-4046,1,0,0,0.333,0,9
BT-00134,INV-2736,0,5218,16,0.333,0,9
BT-00134,INV-6731,0,100,1,0.0,0,9
BT-00134,INV-5075,0,0,5,0.0,0,9
BT-00134,INV-1914,0,100,1,0.0,0,9
BT-00134,INV-4893,0,1885524,0,0.0,0,9
BT-00134,INV-4125,0,1671147,0,0.0,0,9
BT-00135,INV-7642,0,332537,14,0.667,0,7
BT-00135,INV-5778,0,100,12,0.25,0,7
BT-00135,INV-5178,0,1240,9,0.0,0,7
BT-00135,INV-5451,0,135113,0,0.0,0,7
BT-00135,INV-2206,1,0,0,0.667,0,7
BT-00135,INV-1875,0,47334,0,0.0,0,7
BT-00135,INV-1655,0,324052,0,0.0,0,7
BT-00136,INV-6512,0,100,19,0.0,0,8
BT-00136,INV-9453,0,1240,3,0.0,0,8
BT-00136,INV-1209,0,0,9,0.0,0,8
BT-00136,INV-5873,0,780324,21,0.5,0,8
BT-00136,INV-5674,1,0,0,0.5,1,8
BT-00136,INV-8293,0,269883,1,0.5,0,8
BT-00136,INV-9783,0,67006,0,0.5,0,8
BT-00136,INV-6893,0,213551,17,0.5,0,8
BT-00137,INV-9610,0,255319,0,0.0,0,9
BT-00137,INV-1450,0,203313,6,0.0,0,9
BT-00137,INV-3977,0,0,10,0.0,0,9
BT-00137,INV-2241,0,100,6,0.0,0,9
BT-00137,INV-6569,0,2122020,11,0.0,0,9
BT-00137,INV-8492,0,870133,6,0.0,0,9
BT-00137,INV-5615,0,803116,0,0.0,0,9
BT-00137,INV-3493,1,0,0,0.0,0,9
BT-00137,INV-8532,0,771999,7,0.0,0,9
BT-00138,INV-1278,0,611818,2,0.333,0,7
BT-00138,INV-5420,0,143113,15,0.0,0,7
BT-00138,INV-9408,0,1214224,14,0.333,0,7
BT-00138,INV-5502,1,143213,0,0.333,0,7
BT-00138,INV-7070,0,972024,3,0.333,0,7
BT-00138,INV-8373,0,143313,7,0.0,0,7
BT-00138,INV-8286,0,821619,1,0.333,0,7
BT-00139,INV-8340,0,1614250,0,0.0,0,8
BT-00139,INV-8068,0,1240,11,0.0,0,8
BT-00139,INV-1640,0,1240,1,0.0,0,8
BT-00139,INV-5197,0,1170377,14,0.333,0,8
BT-00139,INV-1559,0,1240,14,0.333,0,8
BT-00139,INV-5615,0,172400,0,0.0,0,8
BT-00139,INV-2334,0,2380790,19,0.333,0,8
BT-00139,INV-4771,1,0,0,0.333,0,8
BT-00140,INV-5229,0,100,16,0.0,0,4
BT-00140,INV-2510,0,0,5,0.0,0,4
BT-00140,INV-2421,0,1240,12,0.0,0,4
BT-00140,INV-9450,1,0,0,0.333,0,4
BT-00141,INV-8770,0,1171479,9,0.333,0,8
BT-00141,INV-3405,0,0,5,0.0,0,8
BT-00141,INV-3380,0,0,8,0.0,0,8
BT-00141,INV-5756,0,636408,0,0.0,0,8
BT-00141,INV-8660,0,985356,11,0.333,0,8
BT-00141,INV-8138,0,1799313,15,0.333,0,8
BT-00141,INV-6038,0,100,16,0.0,0,8
BT-00141,INV-2835,1,0,0,0.333,0,8
BT-00142,INV-3125,0,707934,0,0.0,0,5
BT-00142,INV-9095,0,1240,7,0.0,0,5
BT-00142,INV-1737,1,0,0,0.5,1,5
BT-00142,INV-9151,0,584555,3,0.5,0,5
BT-00142,INV-3138,0,725586,3,0.5,0,5
BT-00143,INV-5124,0,100,21,0.0,0,9
BT-00143,INV-9368,0,1253523,0,0.0,0,9
BT-00143,INV-4611,0,870471,0,0.0,0,9
BT-00143,INV-5027,0,1240,6,0.0,0,9
BT-00143,INV-2161,0,2425666,5,0.0,0,9
BT-00143,INV-3968,0,84623,10,0.0,0,9
BT-00143,INV-6504,1,0,0,0.0,0,9
BT-00143,INV-9646,0,779588,0,0.0,0,9
BT-00143,INV-7703,0,572745,20,0.0,0,9
BT-00144,INV-7907,0,1057892,0,0.0,0,7
BT-00144,INV-4686,0,1240,3,0.0,0,7
BT-00144,INV-3775,1,0,0,0.5,1,7
BT-00144,INV-5826,0,0,7,0.0,0,7
BT-00144,INV-7777,0,1240,11,0.0,0,7
BT-00144,INV-8183,0,1240,11,0.0,0,7
BT-00144,INV-8271,0,1019201,8,0.5,0,7
BT-00145,INV-9821,0,954174,0,0.0,0,10
BT-00145,INV-1682,0,1540523,0,0.0,0,10
BT-00145,INV-3315,0,444839,6,0.0,0,10
BT-00145,INV-4065,0,0,2,0.0,0,10
BT-00145,INV-1418,0,0,12,0.0,0,10
BT-00145,INV-2898,0,2076175,0,0.0,0,10
BT-00145,INV-8107,0,845046,0,0.0,0,10
BT-00145,INV-1429,0,1240,9,0.0,0,10
BT-00145,INV-2055,1,0,0,0.0,0,10
BT-00145,INV-5564,0,584946,6,0.0,0,10
BT-00146,INV-1667,0,1113955,14,0.25,0,5
BT-00146,INV-2565,0,238554,0,0.0,0,5
BT-00146,INV-4504,0,665243,0,0.0,0,5
BT-00146,INV-4785,0,1132476,21,0.25,0,5
BT-00146,INV-3516,1,0,0,0.25,0,5
BT-00147,INV-9406,1,0,0,0.333,0,10
BT-00147,INV-7936,0,0,0,0.0,0,10
BT-00147,INV-1727,0,100,3,0.0,0,10
BT-00147,INV-7785,0,0,12,0.0,0,10
BT-00147,INV-5808,0,1970880,0,0.0,0,10
BT-00147,INV-6726,0,100,13,0.0,0,10
BT-00147,INV-4135,0,1240,11,0.0,0,10
BT-00147,INV-6971,0,1732158,3,0.333,0,10
BT-00147,INV-3771,0,1611792,1,0.333,0,10
BT-00147,INV-7655,0,1878389,10,0.333,0,10
BT-00148,INV-6220,0,226291,27,0.5,0,4
BT-00148,INV-1725,0,102641,0,0.0,0,4
BT-00148,INV-1182,0,337011,6,0.5,0,4
BT-00148,INV-6501,1,102541,0,0.5,1,4
BT-00149,INV-5725,0,1398952,0,0.0,0,10
BT-00149,INV-9992,0,664346,6,0.0,0,10
BT-00149,INV-8988,0,1370051,7,0.0,0,10
BT-00149,INV-6678,0,0,12,0.0,0,10
BT-00149,INV-7553,0,1240,9,0.0,0,10
BT-00149,INV-2910,1,0,0,0.0,0,10
BT-00149,INV-4671,0,674077,15,0.0,0,10
BT-00149,INV-2436,0,100,0,0.0,0,10
BT-00149,INV-5305,0,732705,13,0.0,0,10
BT-00149,INV-2342,0,35417,0,0.0,0,10
BT-00150,INV-2829,0,1240,10,0.0,0,10
BT-00150,INV-5213,0,1697484,1,0.333,0,10
BT-00150,INV-3572,0,532349,0,0.0,0,10
BT-00150,INV-4524,0,558832,9,0.333,0,10
BT-00150,INV-8347,0,1966660,2,0.333,0,10
BT-00150,INV-1076,0,125965,1,0.333,0,10
BT-00150,INV-3220,0,830231,7,0.333,0,10
BT-00150,INV-6242,0,100,14,0.0,0,10
BT-00150,INV-3533,1,0,0,0.333,0,10
BT-00150,INV-4429,0,390039,0,0.0,0,10
BT-00151,INV-8398,0,2133561,0,0.0,0,5
BT-00151,INV-9574,0,0,2,0.0,0,5
BT-00151,INV-1218,0,100,15,0.0,0,5
BT-00151,INV-3398,0,1335879,0,0.0,0,5
BT-00151,INV-2208,1,0,0,0.333,0,5
BT-00152,INV-2705,1,0,0,0.5,1,5
BT-00152,INV-6262,0,1026764,0,0.2,0,5
BT-00152,INV-1652,0,100,8,0.0,0,5
BT-00152,INV-5733,0,1349393,14,0.5,0,5
BT-00152,INV-3668,0,358788,23,0.5,0,5
BT-00153,INV-1532,0,1898542,0,0.0,0,10
BT-00153,INV-2915,0,1313475,0,0.0,0,10
BT-00153,INV-9436,0,1207769,0,0.0,0,10
BT-00153,INV-4910,0,100,3,0.0,0,10
BT-00153,INV-3117,1,0,0,0.333,0,10
BT-00153,INV-9093,0,2041168,1,0.333,0,10
BT-00153,INV-9924,0,0,11,0.0,0,10
BT-00153,INV-4722,0,1240,1,0.0,0,10
BT-00153,INV-2403,0,100,8,0.0,0,10
BT-00153,INV-8218,0,106447,0,0.0,0,10
BT-00154,INV-2582,0,922809,0,0.0,0,7
BT-00154,INV-6940,0,683854,0,0.0,0,7
BT-00154,INV-6404,0,1542527,0,0.0,0,7
BT-00154,INV-5577,0,733500,15,0.333,0,7
BT-00154,INV-3080,0,1271928,0,0.0,0,7
BT-00154,INV-7077,0,1240,18,0.0,0,7
BT-00154,INV-2665,1,0,0,0.333,0,7
BT-00155,INV-6519,0,100,15,0.0,0,4
BT-00155,INV-6877,1,0,0,0.333,0,4
BT-00155,INV-5954,0,1338621,3,0.333,0,4
BT-00155,INV-6426,0,100,18,0.0,0,4
BT-00156,INV-2154,0,1039002,2,0.5,0,7
BT-00156,INV-2880,0,2227501,0,0.0,0,7
BT-00156,INV-2625,0,1820695,24,0.5,0,7
BT-00156,INV-3478,0,1119366,0,0.2,0,7
BT-00156,INV-7589,1,0,0,0.5,1,7
BT-00156,INV-4674,0,1944835,0,0.0,0,7
BT-00156,INV-9598,0,0,7,0.0,0,7
BT-00157,INV-4606,0,0,7,0.0,0,9
BT-00157,INV-7591,0,0,4,0.0,0,9
BT-00157,INV-5718,0,100,25,0.0,0,9
BT-00157,INV-6889,0,100,25,0.0,0,9
BT-00157,INV-5156,1,0,0,0.0,0,9
BT-00157,INV-6460,0,178944,20,0.0,0,9
BT-00157,INV-3963,0,100,18,0.0,0,9
BT-00157,INV-6937,0,100,26,0.0,0,9
BT-00157,INV-4677,0,154314,0,0.0,0,9
BT-00158,INV-5181,0,100,1,0.0,0,10
BT-00158,INV-6458,0,1227907,1,0.0,0,10
BT-00158,INV-1963,0,292734,0,0.0,0,10
BT-00158,INV-6405,0,506123,5,0.0,0,10
BT-00158,INV-9085,0,1052538,7,0.0,0,10
BT-00158,INV-3589,0,84575,0,0.0,0,10
BT-00158,INV-9300,0,94016,3,0.0,0,10
BT-00158,INV-5660,1,0,0,0.0,0,10
BT-00158,INV-8380,0,100,2,0.0,0,10
BT-00158,INV-1148,0,1953201,0,0.0,0,10
BT-00159,INV-4033,0,0,7,0.0,0,8
BT-00159,INV-5751,0,436618,0,0.0,0,8
BT-00159,INV-4115,1,0,0,0.25,0,8
BT-00159,INV-2021,0,293982,1,0.25,0,8
BT-00159,INV-8006,0,1240,8,0.0,0,8
BT-00159,INV-8372,0,604451,5,0.25,0,8
BT-00159,INV-4821,0,574131,18,0.25,0,8
BT-00159,INV-5559,0,0,2,0.0,0,8
BT-00160,INV-7466,0,1134334,13,0.25,0,5
BT-00160,INV-6936,0,100,7,0.0,0,5
BT-00160,INV-9140,0,163620,1,0.25,0,5
BT-00160,INV-3617,0,100,11,0.0,0,5
BT-00160,INV-3156,1,0,0,0.25,0,5
BT-00161,INV-2352,0,390112,0,0.0,0,10
BT-00161,INV-5688,0,377498,24,0.5,0,10
BT-00161,INV-4030,0,129722,13,0.2,0,10
BT-00161,INV-8358,0,130862,23,0.0,0,10
BT-00161,INV-7094,0,546131,14,0.5,0,10
BT-00161,INV-6365,0,305819,21,0.5,0,10
BT-00161,INV-5217,0,646024,6,0.5,0,10
BT-00161,INV-1383,1,129622,0,0.5,1,10
BT-00161,INV-5875,0,570505,0,0.2,0,10
BT-00161,INV-2637,0,138884,2,0.5,0,10
BT-00162,INV-3475,0,393832,16,0.333,0,8
BT-00162,INV-6762,0,100,16,0.0,0,8
BT-00162,INV-3155,0,0,13,0.333,0,8
BT-00162,INV-4050,0,537604,0,0.0,0,8
BT-00162,INV-1123,0,918167,3,0.333,0,8
BT-00162,INV-2098,0,1240,9,0.0,0,8
BT-00162,INV-7665,0,2251472,19,0.333,0,8
BT-00162,INV-7407,1,0,0,0.333,0,8
BT-00163,INV-2072,0,1632275,0,0.0,0,6
BT-00163,INV-7377,1,228364,0,0.0,0,6
BT-00163,INV-1763,0,540594,2,0.0,0,6
BT-00163,INV-8126,0,74259,0,0.0,0,6
BT-00163,INV-1663,0,228364,17,0.0,0,6
BT-00163,INV-7868,0,228364,17,0.0,0,6
BT-00164,INV-3256,0,705014,0,0.0,0,6
BT-00164,INV-2680,1,0,0,0.0,0,6
BT-00164,INV-8591,0,1222851,0,0.0,0,6
BT-00164,INV-5316,0,1046189,0,0.0,0,6
BT-00164,INV-7391,0,1318991,0,0.0,0,6
BT-00164,INV-7705,0,1764675,6,0.0,0,6
BT-00165,INV-2878,0,1163617,11,0.5,0,7
BT-00165,INV-7377,0,100,4,0.0,0,7
BT-00165,INV-4040,0,1741646,6,0.5,0,7
BT-00165,INV-3957,1,0,0,0.5,1,7
BT-00165,INV-6634,0,100,4,0.0,0,7
BT-00165,INV-6530,0,748645,12,0.5,0,7
BT-00165,INV-2857,0,419262,6,0.5,0,7
BT-00166,INV-8134,0,484289,0,0.0,0,10
BT-00166,INV-3836,1,0,0,0.333,0,10
BT-00166,INV-6383,0,521405,11,0.333,0,10
BT-00166,INV-2277,0,1240,2,0.0,0,10
BT-00166,INV-3697,0,632698,6,0.333,0,10
BT-00166,INV-2989,0,38435,0,0.0,0,10
BT-00166,INV-3457,0,1056155,0,0.0,0,10
BT-00166,INV-5186,0,100,6,0.0,0,10
BT-00166,INV-9825,0,1173478,11,0.333,0,10
BT-00166,INV-5973,0,2167,7,0.333,0,10
BT-00167,INV-5065,1,55816,0,0.333,0,9
BT-00167,INV-9010,0,1796026,0,0.0,0,9
BT-00167,INV-2771,0,57056,5,0.333,0,9
BT-00167,INV-1495,0,346341,0,0.0,0,9
BT-00167,INV-9168,0,371312,15,0.333,0,9
BT-00167,INV-6433,0,55816,9,0.0,0,9
BT-00167,INV-5031,0,224266,11,0.333,0,9
BT-00167,INV-4858,0,55816,20,0.0,0,9
BT-00167,INV-8518,0,55916,3,0.0,0,9
BT-00168,INV-6300,1,78662,0,0.5,1,9
BT-00168,INV-6038,0,1443491,9,0.5,0,9
BT-00168,INV-1570,0,512934,0,0.5,0,9
BT-00168,INV-9756,0,1030935,3,0.5,0,9
BT-00168,INV-5843,0,78662,1,0.0,0,9
BT-00168,INV-4476,0,669147,11,0.5,0,9
BT-00168,INV-5026,0,1230598,5,0.5,0,9
BT-00168,INV-5924,0,4146,2,0.5,0,9
BT-00168,INV-8361,0,387073,0,0.2,0,9
BT-00169,INV-2338,0,34736,4,0.0,0,9
BT-00169,INV-9152,0,149565,0,0.0,0,9
BT-00169,INV-9870,0,385417,6,0.0,0,9
BT-00169,INV-4154,0,34836,11,0.0,0,9
BT-00169,INV-8451,0,67939,3,0.0,0,9
BT-00169,INV-3937,0,1374236,7,0.0,0,9
BT-00169,INV-6632,0,1759178,0,0.0,0,9
BT-00169,INV-6679,0,201611,5,0.0,0,9
BT-00169,INV-6486,1,34736,0,0.0,0,9
BT-00170,INV-2401,0,1331154,0,0.0,0,9
BT-00170,INV-3490,1,0,0,0.333,0,9
BT-00170,INV-4791,0,100,18,0.0,0,9
BT-00170,INV-8462,0,501300,4,0.333,0,9
BT-00170,INV-2918,0,100,8,0.0,0,9
BT-00170,INV-2587,0,0,2,0.0,0,9
BT-00170,INV-4647,0,509676,0,0.0,0,9
BT-00170,INV-9150,0,336709,2,0.333,0,9
BT-00170,INV-3006,0,84581,0,0.0,0,9
BT-00171,INV-5639,0,51871,0,0.2,0,9
BT-00171,INV-4357,0,100,7,0.2,0,9
BT-00171,INV-8562,0,298049,9,0.5,0,9
BT-00171,INV-7068,0,1971389,5,0.5,0,9
BT-00171,INV-2269,0,35347,9,0.5,0,9
BT-00171,INV-2883,0,146137,0,0.0,0,9
BT-00171,INV-3671,1,0,0,0.5,1,9
BT-00171,INV-8482,0,1751425,0,0.0,0,9
BT-00171,INV-4724,0,0,10,0.0,0,9
BT-00172,INV-4676,1,0,0,0.0,0,10
BT-00172,INV-6375,0,100,5,0.0,0,10
BT-00172,INV-9401,0,1968662,0,0.0,0,10
BT-00172,INV-8342,0,1164547,7,0.0,0,10
BT-00172,INV-2498,0,303845,0,0.0,0,10
BT-00172,INV-2240,0,100,9,0.0,0,10
BT-00172,INV-8334,0,100,20,0.0,0,10
BT-00172,INV-4317,0,1240,11,0.0,0,10
BT-00172,INV-1146,0,2294179,0,0.0,0,10
BT-00172,INV-6853,0,1240,17,0.0,0,10
BT-00173,INV-1564,0,1240,15,0.0,0,10
BT-00173,INV-5277,0,366031,0,0.0,0,10
BT-00173,INV-6930,0,1494193,2,0.333,0,10
BT-00173,INV-6495,0,907263,9,0.333,0,10
BT-00173,INV-1338,0,1049040,0,0.0,0,10
BT-00173,INV-8548,0,923533,1,0.333,0,10
BT-00173,INV-4855,0,1190228,2,0.333,0,10
BT-00173,INV-2948,0,1522652,0,0.0,0,10
BT-00173,INV-1693,0,1037906,1,0.333,0,10
BT-00173,INV-2075,1,0,0,0.333,0,10
BT-00174,INV-2229,0,100,18,0.0,0,9
BT-00174,INV-3036,0,1231234,0,0.0,0,9
BT-00174,INV-7092,0,858752,0,0.0,0,9
BT-00174,INV-7117,0,100,3,0.0,0,9
BT-00174,INV-8739,0,0,0,0.0,0,9
BT-00174,INV-7532,0,1576076,0,0.0,0,9
BT-00174,INV-1324,0,286712,15,0.0,0,9
BT-00174,INV-2252,0,100,22,0.0,0,9
BT-00174,INV-9178,1,0,0,0.0,0,9
BT-00175,INV-4032,0,1022739,0,0.0,0,9
BT-00175,INV-9780,0,624849,2,0.5,0,9
BT-00175,INV-1469,1,0,0,0.5,1,9
BT-00175,INV-4239,0,286582,8,0.5,0,9
BT-00175,INV-8297,0,11757,6,0.5,0,9
BT-00175,INV-2334,0,245908,2,0.5,0,9
BT-00175,INV-4288,0,1374906,0,0.0,0,9
BT-00175,INV-4418,0,1240,3,0.0,0,9
BT-00175,INV-9183,0,620327,1,0.5,0,9
BT-00176,INV-2618,0,100,4,0.0,0,6
BT-00176,INV-3734,1,0,0,0.5,1,6
BT-00176,INV-8142,0,27952,1,0.5,0,6
BT-00176,INV-1570,0,317853,16,0.5,0,6
BT-00176,INV-6422,0,27985,18,0.5,0,6
BT-00176,INV-5808,0,2031715,2,0.5,0,6
BT-00177,INV-3823,0,539945,0,0.0,0,10
BT-00177,INV-1296,1,0,0,0.0,0,10
BT-00177,INV-2296,0,189890,3,0.0,0,10
BT-00177,INV-7594,0,1386959,0,0.0,0,10
BT-00177,INV-5155,0,384805,0,0.0,0,10
BT-00177,INV-2361,0,100,13,0.0,0,10
BT-00177,INV-1740,0,605842,0,0.0,0,10
BT-00177,INV-8409,0,1079452,0,0.0,0,10
BT-00177,INV-2436,0,794152,0,0.0,0,10
BT-00177,INV-7095,0,1240,1,0.0,0,10
BT-00178,INV-6202,1,0,0,0.0,0,6
BT-00178,INV-8652,0,643552,0,0.0,0,6
BT-00178,INV-1430,0,100,17,0.0,0,6
BT-00178,INV-1431,0,100,21,0.0,0,6
BT-00178,INV-2130,0,1016480,0,0.0,0,6
BT-00178,INV-5197,0,355880,16,0.0,0,6
BT-00179,INV-2808,0,534895,0,0.0,0,7
BT-00179,INV-1539,1,0,0,0.5,1,7
BT-00179,INV-9063,0,100,13,0.0,0,7
BT-00179,INV-6517,0,0,10,0.2,0,7
BT-00179,INV-3964,0,0,14,0.0,0,7
BT-00179,INV-6245,0,1832617,2,0.5,0,7
BT-00179,INV-7832,0,0,19,0.2,0,7
BT-00180,INV-9928,1,0,0,0.0,0,9
BT-00180,INV-7865,0,1241307,17,0.0,0,9
BT-00180,INV-4034,0,622064,0,0.0,0,9
BT-00180,INV-4630,0,643734,0,0.0,0,9
BT-00180,INV-6316,0,240863,12,0.0,0,9
BT-00180,INV-8210,0,887157,0,0.0,0,9
BT-00180,INV-6727,0,100,1,0.0,0,9
BT-00180,INV-6258,0,100,12,0.0,0,9
BT-00180,INV-2437,0,599154,16,0.0,0,9
BT-00181,INV-9795,0,9329,10,0.0,0,7
BT-00181,INV-8448,0,9329,13,0.0,0,7
BT-00181,INV-5468,0,9229,22,0.0,0,7
BT-00181,INV-6137,1,9229,0,0.25,0,7
BT-00181,INV-9076,0,10469,17,0.25,0,7
BT-00181,INV-7592,0,10469,10,0.0,0,7
BT-00181,INV-4688,0,9329,13,0.0,0,7
BT-00182,INV-2617,0,44004,0,0.0,0,7
BT-00182,INV-1903,0,1152801,12,0.25,0,7
BT-00182,INV-4712,1,0,0,0.25,0,7
BT-00182,INV-7077,0,1369774,0,0.0,0,7
BT-00182,INV-7842,0,1240,9,0.25,0,7
BT-00182,INV-7229,0,100,23,0.0,0,7
BT-00182,INV-6859,0,266587,11,0.25,0,7
BT-00183,INV-3203,1,0,0,0.0,0,6
BT-00183,INV-8868,0,582508,0,0.0,0,6
BT-00183,INV-1960,0,1240,21,0.0,0,6
BT-00183,INV-1232,0,372190,11,0.0,0,6
BT-00183,INV-2985,0,100,14,0.0,0,6
BT-00183,INV-9926,0,1240,4,0.0,0,6
BT-00184,INV-4683,0,242139,0,0.0,0,5
BT-00184,INV-5426,0,1542479,15,0.0,0,5
BT-00184,INV-3758,0,8750,12,0.0,0,5
BT-00184,INV-6414,0,1420082,1,0.0,0,5
BT-00184,INV-6541,1,8650,0,0.0,0,5
BT-00185,INV-6991,0,0,5,0.0,0,7
BT-00185,INV-9580,0,1025880,4,0.25,0,7
BT-00185,INV-3986,1,0,0,0.25,0,7
BT-00185,INV-5912,0,1240,7,0.0,0,7
BT-00185,INV-8686,0,0,9,0.0,0,7
BT-00185,INV-5974,0,0,10,0.0,0,7
BT-00185,INV-8316,0,755918,0,0.0,0,7
BT-00186,INV-1380,0,2290368,0,0.0,0,7
BT-00186,INV-8604,0,81371,0,0.0,0,7
BT-00186,INV-1807,0,0,3,0.0,0,7
BT-00186,INV-3200,0,1217704,1,0.667,0,7
BT-00186,INV-4373,0,2162925,1,0.667,0,7
BT-00186,INV-4309,1,0,0,0.667,0,7
BT-00186,INV-4767,0,920460,0,0.0,0,7
BT-00187,INV-7820,0,100,18,0.0,0,10
BT-00187,INV-2489,0,572881,0,0.0,0,10
BT-00187,INV-8889,0,776177,1,0.5,0,10
BT-00187,INV-2438,0,1315426,2,0.5,0,10
BT-00187,INV-8899,0,591648,0,0.0,0,10
BT-00187,INV-6215,0,100,1,0.2,0,10
BT-00187,INV-1625,0,222027,5,0.5,0,10
BT-00187,INV-9895,1,0,0,0.5,1,10
BT-00187,INV-8530,0,968569,1,0.5,0,10
BT-00187,INV-3659,0,1363163,3,0.5,0,10
BT-00188,INV-1369,1,0,0,0.25,0,8
BT-00188,INV-4805,0,865030,0,0.25,0,8
BT-00188,INV-5627,0,1441780,3,0.25,0,8
BT-00188,INV-8027,0,1125841,0,0.0,0,8
BT-00188,INV-5653,0,460698,4,0.25,0,8
BT-00188,INV-1832,0,653906,9,0.25,0,8
BT-00188,INV-8390,0,1813921,13,0.25,0,8
BT-00188,INV-5598,0,847889,13,0.25,0,8
BT-00189,INV-3550,0,1240,10,0.0,0,10
BT-00189,INV-8232,0,0,16,0.0,0,10
BT-00189,INV-4163,0,121957,0,0.0,0,10
BT-00189,INV-7819,0,1475546,0,0.0,0,10
BT-00189,INV-9181,0,1537593,4,0.0,0,10
BT-00189,INV-7286,0,750582,0,0.0,0,10
BT-00189,INV-1605,0,100,7,0.0,0,10
BT-00189,INV-3819,0,877039,0,0.0,0,10
BT-00189,INV-9281,1,0,0,0.0,0,10
BT-00189,INV-3350,0,561626,0,0.0,0,10
BT-00190,INV-3636,0,97270,0,0.0,0,10
BT-00190,INV-1768,0,21222,8,0.0,0,10
BT-00190,INV-2802,0,288215,7,0.0,0,10
BT-00190,INV-9309,0,1005737,13,0.0,0,10
BT-00190,INV-1799,0,100,8,0.0,0,10
BT-00190,INV-8086,0,1746424,0,0.0,0,10
BT-00190,INV-1409,0,1240,15,0.0,0,10
BT-00190,INV-4089,0,552758,0,0.0,0,10
BT-00190,INV-8475,1,0,0,0.0,0,10
BT-00190,INV-5182,0,1240,1,0.0,0,10
BT-00191,INV-7339,0,1054437,0,0.0,0,7
BT-00191,INV-3062,0,948058,0,0.0,0,7
BT-00191,INV-3206,0,0,18,0.0,0,7
BT-00191,INV-5715,0,794582,4,0.25,0,7
BT-00191,INV-9657,1,0,0,0.25,0,7
BT-00191,INV-9803,0,1283845,0,0.0,0,7
BT-00191,INV-6751,0,681949,22,0.25,0,7
BT-00192,INV-3166,0,1263850,0,0.0,0,4
BT-00192,INV-1566,0,779116,8,0.0,0,4
BT-00192,INV-5625,0,288405,0,0.0,0,4
BT-00192,INV-4682,1,205471,0,0.0,0,4
BT-00193,INV-1534,0,100,2,0.5,0,8
BT-00193,INV-3694,0,1441574,13,0.5,0,8
BT-00193,INV-3788,0,726375,0,0.0,0,8
BT-00193,INV-3470,0,1005482,14,0.5,0,8
BT-00193,INV-6275,0,1314085,8,0.5,0,8
BT-00193,INV-2699,0,967930,0,0.0,0,8
BT-00193,INV-2521,1,0,0,0.5,1,8
BT-00193,INV-7848,0,100,10,0.2,0,8
BT-00194,INV-9087,0,100,21,0.0,0,10
BT-00194,INV-1756,0,1660459,0,0.5,0,10
BT-00194,INV-8958,0,100,4,0.2,0,10
BT-00194,INV-2775,1,0,0,0.5,1,10
BT-00194,INV-8150,0,100,2,0.2,0,10
BT-00194,INV-3850,0,91378,0,0.0,0,10
BT-00194,INV-7793,0,1166003,5,0.5,0,10
BT-00194,INV-7699,0,352330,0,0.0,0,10
BT-00194,INV-9318,0,89576,0,0.0,0,10
BT-00194,INV-4244,0,1833150,11,0.5,0,10
BT-00195,INV-9451,0,100,14,0.0,0,7
BT-00195,INV-8320,0,1895875,21,0.25,0,7
BT-00195,INV-7596,0,528339,10,0.25,0,7
BT-00195,INV-3741,0,221626,2,0.25,0,7
BT-00195,INV-2177,0,717403,0,0.0,0,7
BT-00195,INV-1254,1,0,0,0.25,0,7
BT-00195,INV-4502,0,1469458,11,0.25,0,7
BT-00196,INV-5103,0,1139431,8,0.5,0,8
BT-00196,INV-1829,0,1240551,12,0.5,0,8
BT-00196,INV-7614,0,1414915,0,0.0,0,8
BT-00196,INV-4822,0,697113,21,0.5,0,8
BT-00196,INV-7866,0,100,7,0.0,0,8
BT-00196,INV-3661,0,15757,19,0.5,0,8
BT-00196,INV-2248,0,1197451,23,0.5,0,8
BT-00196,INV-4957,1,0,0,0.5,1,8
BT-00197,INV-1289,1,0,0,0.5,1,7
BT-00197,INV-2861,0,100,1,0.0,0,7
BT-00197,INV-8108,0,1240,2,0.0,0,7
BT-00197,INV-1760,0,1779652,0,0.0,0,7
BT-00197,INV-1105,0,1500847,2,0.5,0,7
BT-00197,INV-2245,0,1729230,2,0.5,0,7
BT-00197,INV-3575,0,0,18,0.2,0,7
BT-00198,INV-1026,0,1674849,8,0.667,0,7
BT-00198,INV-8458,0,382856,17,0.667,0,7
BT-00198,INV-5817,0,1240,12,0.0,0,7
BT-00198,INV-4223,0,570736,0,0.0,0,7
BT-00198,INV-5480,1,0,0,0.667,0,7
BT-00198,INV-7732,0,0,22,0.0,0,7
BT-00198,INV-7387,0,1240,7,0.0,0,7
BT-00199,INV-8935,0,205635,0,0.0,0,4
BT-00199,INV-1887,0,1730707,0,0.0,0,4
BT-00199,INV-3794,1,43051,0,0.5,1,4
BT-00199,INV-7150,0,1656625,0,0.2,0,4
BT-00200,INV-9047,0,0,4,0.0,0,9
BT-00200,INV-4923,0,100,8,0.0,0,9
BT-00200,INV-4885,0,116617,13,0.25,0,9
BT-00200,INV-1738,1,0,0,0.25,0,9
BT-00200,INV-9406,0,100,2,0.0,0,9
BT-00200,INV-6154,0,1240,10,0.0,0,9
BT-00200,INV-8402,0,233975,0,0.0,0,9
BT-00200,INV-2216,0,100,10,0.0,0,9
BT-00200,INV-7771,0,100,1,0.0,0,9
BT-00201,INV-7282,0,450666,1,0.0,0,6
BT-00201,INV-2095,0,381405,0,0.0,0,6
BT-00201,INV-7762,0,100,5,0.0,0,6
BT-00201,INV-7006,1,0,0,0.0,0,6
BT-00201,INV-9144,0,410583,7,0.0,0,6
BT-00201,INV-5476,0,866136,8,0.0,0,6
BT-00202,INV-1044,0,514889,2,0.333,0,6
BT-00202,INV-7393,0,1553276,0,0.333,0,6
BT-00202,INV-2965,1,101237,0,0.333,0,6
BT-00202,INV-2742,0,12102,10,0.333,0,6
BT-00202,INV-6603,0,177103,13,0.333,0,6
BT-00202,INV-8705,0,58973,0,0.0,0,6
BT-00203,INV-2522,0,1599434,0,0.0,0,4
BT-00203,INV-4725,0,987316,4,0.25,0,4
BT-00203,INV-6137,0,505827,0,0.0,0,4
BT-00203,INV-2661,1,60586,0,0.25,0,4
BT-00204,INV-4222,0,1240,8,0.0,0,5
BT-00204,INV-6392,0,387710,0,0.0,0,5
BT-00204,INV-8756,0,850226,0,0.0,0,5
BT-00204,INV-4737,1,0,0,0.5,1,5
BT-00204,INV-9102,0,1659339,0,0.0,0,5
BT-00205,INV-7494,0,925227,13,0.333,0,6
BT-00205,INV-7537,1,0,0,0.333,0,6
BT-00205,INV-7304,0,100,23,0.0,0,6
BT-00205,INV-9161,0,100,17,0.0,0,6
BT-00205,INV-3580,0,100,10,0.0,0,6
BT-00205,INV-2604,0,100,20,0.0,0,6
BT-00206,INV-2782,0,100,4,0.0,0,6
BT-00206,INV-3623,0,1204156,0,0.0,0,6
BT-00206,INV-6287,0,2106518,0,0.0,0,6
BT-00206,INV-6229,0,1243704,21,0.0,0,6
BT-00206,INV-2216,0,2161289,0,0.0,0,6
BT-00206,INV-1138,1,0,0,0.0,0,6
BT-00207,INV-4326,1,61804,0,0.0,0,8
BT-00207,INV-5636,0,1735677,18,0.0,0,8
BT-00207,INV-9385,0,26497,0,0.0,0,8
BT-00207,INV-1858,0,61804,25,0.0,0,8
BT-00207,INV-2288,0,61804,4,0.0,0,8
BT-00207,INV-4770,0,61704,23,0.0,0,8
BT-00207,INV-4884,0,243837,17,0.0,0,8
BT-00207,INV-3227,0,1079157,13,0.0,0,8
BT-00208,INV-7096,0,61386,0,0.2,0,6
BT-00208,INV-8495,0,61286,25,0.0,0,6
BT-00208,INV-1836,0,81416,1,0.5,0,6
BT-00208,INV-3594,0,61286,9,0.0,0,6
BT-00208,INV-7225,1,61386,0,0.5,1,6
BT-00208,INV-1802,0,61386,0,0.0,0,6
BT-00209,INV-7969,0,100,6,0.0,0,7
BT-00209,INV-6660,0,685459,9,0.25,0,7
BT-00209,INV-3173,0,493859,11,0.25,0,7
BT-00209,INV-4610,0,1240,14,0.0,0,7
BT-00209,INV-7331,1,0,0,0.25,0,7
BT-00209,INV-1326,0,271175,13,0.25,0,7
BT-00209,INV-8192,0,1240,5,0.0,0,7
BT-00210,INV-4312,1,45300,0,0.667,0,5
BT-00210,INV-6740,0,399120,0,0.0,0,5
BT-00210,INV-9871,0,1146021,0,0.0,0,5
BT-00210,INV-4597,0,45400,16,0.0,0,5
BT-00210,INV-8986,0,45300,9,0.0,0,5
BT-00211,INV-2726,0,1310951,0,0.0,0,4
BT-00211,INV-9360,1,0,0,0.5,1,4
BT-00211,INV-8250,0,1240,19,0.0,0,4
BT-00211,INV-3526,0,1045215,3,0.5,0,4
BT-00212,INV-1446,0,0,21,0.0,0,8
BT-00212,INV-8916,0,744701,0,0.0,0,8
BT-00212,INV-8668,0,100,0,0.0,0,8
BT-00212,INV-3055,1,0,0,0.0,0,8
BT-00212,INV-2437,0,100,18,0.0,0,8
BT-00212,INV-1651,0,43056,10,0.0,0,8
BT-00212,INV-5464,0,735138,12,0.0,0,8
BT-00212,INV-5574,0,100,1,0.0,0,8
BT-00213,INV-8132,0,1097288,1,0.333,0,7
BT-00213,INV-6123,1,0,0,0.333,0,7
BT-00213,INV-5143,0,2099181,2,0.333,0,7
BT-00213,INV-6408,0,100,20,0.0,0,7
BT-00213,INV-5194,0,100,23,0.333,0,7
BT-00213,INV-9956,0,100,13,0.333,0,7
BT-00213,INV-8640,0,1011474,0,0.0,0,7
BT-00214,INV-4625,0,1240,9,0.0,0,10
BT-00214,INV-3120,0,100,18,0.0,0,10
BT-00214,INV-5916,0,1904735,0,0.0,0,10
BT-00214,INV-6274,1,0,0,0.0,0,10
BT-00214,INV-6616,0,205978,0,0.0,0,10
BT-00214,INV-2951,0,0,19,0.0,0,10
BT-00214,INV-1099,0,1504408,0,0.0,0,10
BT-00214,INV-3756,0,357609,0,0.0,0,10
BT-00214,INV-4346,0,550720,7,0.0,0,10
BT-00214,INV-6583,0,100,14,0.0,0,10
BT-00215,INV-5074,0,1240,1,0.0,0,7
BT-00215,INV-6364,0,605932,17,0.25,0,7
BT-00215,INV-7910,0,834574,0,0.0,0,7
BT-00215,INV-9306,0,498345,16,0.25,0,7
BT-00215,INV-8202,1,0,0,0.25,0,7
BT-00215,INV-5841,0,231504,1,0.25,0,7
BT-00215,INV-3968,0,863356,17,0.25,0,7
BT-00216,INV-4668,0,132215,15,0.25,0,8
BT-00216,INV-6232,0,49023,0,0.0,0,8
BT-00216,INV-8422,1,0,0,0.25,0,8
BT-00216,INV-1589,0,1204445,0,0.0,0,8
BT-00216,INV-9214,0,217800,7,0.25,0,8
BT-00216,INV-9423,0,150011,2,0.25,0,8
BT-00216,INV-5214,0,0,17,0.0,0,8
BT-00216,INV-7907,0,1240,1,0.0,0,8
BT-00217,INV-7186,0,235204,0,0.0,0,10
BT-00217,INV-3921,0,0,2,0.0,0,10
BT-00217,INV-9825,0,1240,12,0.0,0,10
BT-00217,INV-4303,0,295987,9,0.0,0,10
BT-00217,INV-8760,0,537557,0,0.0,0,10
BT-00217,INV-1986,0,1932226,15,0.0,0,10
BT-00217,INV-5867,0,1462444,7,0.0,0,10
BT-00217,INV-3669,1,0,0,0.0,0,10
BT-00217,INV-2013,0,2033730,0,0.0,0,10
BT-00217,INV-3873,0,100,15,0.0,0,10
BT-00218,INV-1398,0,100,1,0.0,0,10
BT-00218,INV-4329,0,1240,15,0.0,0,10
BT-00218,INV-9478,0,1056260,0,0.0,0,10
BT-00218,INV-9857,0,1717360,7,0.0,0,10
BT-00218,INV-7139,0,23361,17,0.0,0,10
BT-00218,INV-9239,0,128580,23,0.0,0,10
BT-00218,INV-8240,0,1580903,1,0.0,0,10
BT-00218,INV-8768,0,1240,18,0.0,0,10
BT-00218,INV-3420,0,100,21,0.0,0,10
BT-00218,INV-2242,1,0,0,0.0,0,10
BT-00219,INV-4718,0,1113416,0,0.0,0,10
BT-00219,INV-5844,0,100,16,0.0,0,10
BT-00219,INV-3868,0,785729,0,0.0,0,10
BT-00219,INV-6845,0,100,0,0.0,0,10
BT-00219,INV-2232,1,0,0,0.0,0,10
BT-00219,INV-5258,0,100,8,0.0,0,10
BT-00219,INV-8213,0,324691,0,0.0,0,10
BT-00219,INV-6120,0,585422,0,0.0,0,10
BT-00219,INV-9678,0,141164,0,0.0,0,10
BT-00219,INV-9384,0,973073,2,0.0,0,10
BT-00220,INV-3005,0,1240,3,0.0,0,4
BT-00220,INV-2408,0,287788,14,0.5,0,4
BT-00220,INV-3207,1,0,0,0.5,1,4
BT-00220,INV-5760,0,292598,1,0.5,0,4
BT-00221,INV-8341,1,0,0,0.333,0,4
BT-00221,INV-2123,0,0,11,0.0,0,4
BT-00221,INV-2768,0,311501,0,0.0,0,4
BT-00221,INV-5785,0,733120,0,0.0,0,4
BT-00222,INV-3814,0,640802,1,0.25,0,6
BT-00222,INV-6350,0,176330,24,0.0,0,6
BT-00222,INV-6422,1,175090,0,0.25,0,6
BT-00222,INV-1453,0,174990,17,0.0,0,6
BT-00222,INV-2617,0,171844,3,0.25,0,6
BT-00222,INV-7063,0,1094463,0,0.0,0,6
BT-00223,INV-4283,0,32884,0,0.0,0,9
BT-00223,INV-4258,0,308656,0,0.0,0,9
BT-00223,INV-7176,0,1352330,13,0.5,0,9
BT-00223,INV-7807,0,160476,20,0.5,0,9
BT-00223,INV-1937,0,700986,0,0.2,0,9
BT-00223,INV-4005,0,727437,0,0.0,0,9
BT-00223,INV-8584,1,0,0,0.5,1,9
BT-00223,INV-3326,0,1240,6,0.0,0,9
BT-00223,INV-8838,0,358964,1,0.5,0,9
BT-00224,INV-8538,0,832842,0,0.0,0,8
BT-00224,INV-3093,0,952739,4,0.667,0,8
BT-00224,INV-4699,0,100,24,0.0,0,8
BT-00224,INV-7401,0,100,8,0.0,0,8
BT-00224,INV-7147,0,654940,0,0.25,0,8
BT-00224,INV-6223,1,0,0,0.667,0,8
BT-00224,INV-2385,0,128211,0,0.0,0,8
BT-00224,INV-1647,0,191648,0,0.0,0,8
BT-00225,INV-9057,1,0,0,0.25,0,5
BT-00225,INV-1102,0,125015,0,0.0,0,5
BT-00225,INV-9419,0,0,1,0.0,0,5
BT-00225,INV-6231,0,0,14,0.0,0,5
BT-00225,INV-5264,0,2101464,16,0.25,0,5
BT-00226,INV-8345,1,18646,0,0.667,0,7
BT-00226,INV-1446,0,508109,4,0.667,0,7
BT-00226,INV-8546,0,533260,9,0.667,0,7
BT-00226,INV-7121,0,413487,0,0.0,0,7
BT-00226,INV-6700,0,18546,14,0.0,0,7
BT-00226,INV-8162,0,306907,6,0.667,0,7
BT-00226,INV-2558,0,1893540,0,0.0,0,7
BT-00227,INV-5026,0,171407,21,0.667,0,8
BT-00227,INV-4383,0,451060,0,0.0,0,8
BT-00227,INV-4081,0,660981,20,0.667,0,8
BT-00227,INV-5899,1,0,0,0.667,0,8
BT-00227,INV-5697,0,974186,0,0.0,0,8
BT-00227,INV-2816,0,1172337,6,0.667,0,8
BT-00227,INV-9566,0,114896,2,0.667,0,8
BT-00227,INV-3892,0,861155,18,0.667,0,8
BT-00228,INV-5409,0,100,17,0.0,0,5
BT-00228,INV-6292,0,1240,2,0.0,0,5
BT-00228,INV-4458,0,1149574,0,0.0,0,5
BT-00228,INV-7531,0,1103422,7,0.333,0,5
BT-00228,INV-1399,1,0,0,0.333,0,5
BT-00229,INV-6606,0,1417975,0,0.0,0,6
BT-00229,INV-3764,0,276566,0,0.0,0,6
BT-00229,INV-1548,1,0,0,0.667,0,6
BT-00229,INV-5557,0,383851,4,0.667,0,6
BT-00229,INV-7277,0,729479,0,0.0,0,6
BT-00229,INV-7800,0,813706,1,0.667,0,6
BT-00230,INV-8498,0,100,20,0.0,0,10
BT-00230,INV-3425,1,0,0,0.333,0,10
BT-00230,INV-4384,0,550118,0,0.333,0,10
BT-00230,INV-5348,0,100,10,0.0,0,10
BT-00230,INV-9613,0,100,15,0.0,0,10
BT-00230,INV-3914,0,839831,14,0.333,0,10
BT-00230,INV-6839,0,1547956,6,0.333,0,10
BT-00230,INV-8238,0,108737,14,0.333,0,10
BT-00230,INV-1220,0,198780,0,0.0,0,10
BT-00230,INV-8408,0,668141,0,0.0,0,10
BT-00231,INV-4930,1,0,0,0.0,0,4
BT-00231,INV-3528,0,1240,3,0.0,0,4
BT-00231,INV-2312,0,1460835,3,0.0,0,4
BT-00231,INV-8876,0,138922,1,0.0,0,4
BT-00232,INV-2112,0,1321562,10,0.25,0,8
BT-00232,INV-5087,0,1752768,9,0.25,0,8
BT-00232,INV-4380,1,0,0,0.25,0,8
BT-00232,INV-6915,0,66695,0,0.0,0,8
BT-00232,INV-5984,0,491124,0,0.25,0,8
BT-00232,INV-9822,0,1203392,8,0.25,0,8
BT-00232,INV-6105,0,128685,0,0.25,0,8
BT-00232,INV-1299,0,100,11,0.0,0,8
BT-00233,INV-8765,0,286399,16,0.25,0,8
BT-00233,INV-4784,0,100,5,0.25,0,8
BT-00233,INV-8491,0,29479,1,0.25,0,8
BT-00233,INV-6482,1,0,0,0.25,0,8
BT-00233,INV-8987,0,1207981,6,0.25,0,8
BT-00233,INV-5309,0,312932,0,0.0,0,8
BT-00233,INV-6895,0,474949,0,0.0,0,8
BT-00233,INV-1063,0,1123660,8,0.25,0,8
BT-00234,INV-4161,1,0,0,0.5,1,5
BT-00234,INV-7876,0,1240,13,0.0,0,5
BT-00234,INV-7001,0,1599905,0,0.0,0,5
BT-00234,INV-7661,0,804783,2,0.5,0,5
BT-00234,INV-3813,0,728209,0,0.0,0,5
BT-00235,INV-7256,0,1051610,0,0.0,0,9
BT-00235,INV-3586,0,1074446,0,0.0,0,9
BT-00235,INV-4851,0,1240,2,0.0,0,9
BT-00235,INV-8364,0,563661,4,0.5,0,9
BT-00235,INV-7245,0,2025408,5,0.5,0,9
BT-00235,INV-6096,0,2036979,15,0.5,0,9
BT-00235,INV-5224,1,0,0,0.5,1,9
BT-00235,INV-5559,0,2399166,14,0.5,0,9
BT-00235,INV-4229,0,85429,0,0.0,0,9
BT-00236,INV-8337,0,1240,10,0.0,0,5
BT-00236,INV-4282,0,598941,4,0.5,0,5
BT-00236,INV-9323,0,848081,17,0.5,0,5
BT-00236,INV-5930,0,779062,1,0.5,0,5
BT-00236,INV-5651,1,0,0,0.5,1,5
BT-00237,INV-4845,0,43587,0,0.0,0,10
BT-00237,INV-4115,0,0,5,0.0,0,10
BT-00237,INV-9911,0,712510,0,0.0,0,10
BT-00237,INV-8781,0,100,9,0.0,0,10
BT-00237,INV-1866,1,0,0,0.0,0,10
BT-00237,INV-3839,0,754162,0,0.0,0,10
BT-00237,INV-3478,0,1240,2,0.0,0,10
BT-00237,INV-5370,0,971957,0,0.0,0,10
BT-00237,INV-1990,0,880835,18,0.0,0,10
BT-00237,INV-7653,0,100,2,0.0,0,10
BT-00238,INV-5570,0,0,13,0.0,0,6
BT-00238,INV-9292,0,334188,19,0.333,0,6
BT-00238,INV-5537,0,100,22,0.0,0,6
BT-00238,INV-9285,0,0,12,0.0,0,6
BT-00238,INV-2217,0,100,13,0.0,0,6
BT-00238,INV-5905,1,0,0,0.333,0,6
BT-00239,INV-4663,0,100,2,0.2,0,7
BT-00239,INV-4120,0,200159,14,0.5,0,7
BT-00239,INV-7990,1,0,0,0.5,1,7
BT-00239,INV-4343,0,2180705,0,0.0,0,7
BT-00239,INV-9627,0,100,2,0.0,0,7
BT-00239,INV-5040,0,194603,0,0.0,0,7
BT-00239,INV-9711,0,100,3,0.0,0,7
BT-00240,INV-6611,1,37070,0,0.25,0,10
BT-00240,INV-1989,0,1250614,0,0.25,0,10
BT-00240,INV-9449,0,37070,12,0.25,0,10
BT-00240,INV-6355,0,36970,9,0.0,0,10
BT-00240,INV-4585,0,37070,10,0.0,0,10
BT-00240,INV-2885,0,36970,1,0.25,0,10
BT-00240,INV-9438,0,1950437,10,0.25,0,10
BT-00240,INV-6419,0,307400,0,0.25,0,10
BT-00240,INV-9488,0,1420261,2,0.25,0,10
BT-00240,INV-3281,0,1371942,0,0.0,0,10
BT-00241,INV-3917,1,0,0,0.0,0,5
BT-00241,INV-8655,0,100,12,0.0,0,5
BT-00241,INV-1291,0,100,2,0.0,0,5
BT-00241,INV-3629,0,150106,0,0.0,0,5
BT-00241,INV-3888,0,514962,0,0.0,0,5
BT-00242,INV-8843,0,105585,2,0.0,0,7
BT-00242,INV-6834,0,288999,12,0.25,0,7
BT-00242,INV-7525,0,1318854,0,0.25,0,7
BT-00242,INV-4034,0,1253627,0,0.0,0,7
BT-00242,INV-2258,0,102756,0,0.0,0,7
BT-00242,INV-1195,1,105685,0,0.25,0,7
BT-00242,INV-4445,0,675187,4,0.25,0,7
BT-00243,INV-6533,0,1466236,4,0.25,0,8
BT-00243,INV-5733,0,802835,0,0.0,0,8
BT-00243,INV-9224,0,100,12,0.25,0,8
BT-00243,INV-1740,0,456557,0,0.0,0,8
BT-00243,INV-4275,1,0,0,0.25,0,8
BT-00243,INV-1660,0,0,5,0.0,0,8
BT-00243,INV-4583,0,1240,5,0.0,0,8
BT-00243,INV-3860,0,55412,0,0.0,0,8
BT-00244,INV-2297,0,1240,26,0.0,0,4
BT-00244,INV-1646,0,100,3,0.0,0,4
BT-00244,INV-4859,1,0,0,0.25,0,4
BT-00244,INV-2431,0,100,17,0.25,0,4
BT-00245,INV-8696,0,482893,0,0.0,0,7
BT-00245,INV-4663,1,146854,0,0.5,1,7
BT-00245,INV-2870,0,950297,0,0.0,0,7
BT-00245,INV-3233,0,310742,20,0.5,0,7
BT-00245,INV-5528,0,1107669,0,0.0,0,7
BT-00245,INV-4248,0,1077765,10,0.5,0,7
BT-00245,INV-1040,0,953561,2,0.5,0,7
BT-00246,INV-3277,0,1240913,0,0.0,0,5
BT-00246,INV-8166,0,521828,0,0.0,0,5
BT-00246,INV-7714,1,0,0,0.0,0,5
BT-00246,INV-5740,0,1840020,0,0.0,0,5
BT-00246,INV-2592,0,100,2,0.0,0,5
BT-00247,INV-1086,0,100,1,0.0,0,7
BT-00247,INV-9136,0,1207728,6,0.5,0,7
BT-00247,INV-8854,0,791789,12,0.5,0,7
BT-00247,INV-9168,0,711159,0,0.0,0,7
BT-00247,INV-3005,1,0,0,0.5,1,7
BT-00247,INV-3473,0,975348,0,0.0,0,7
BT-00247,INV-5793,0,0,2,0.0,0,7
BT-00248,INV-9406,0,1990188,0,0.0,0,4
BT-00248,INV-4868,0,1278554,0,0.0,0,4
BT-00248,INV-9376,0,2225917,0,0.0,0,4
BT-00248,INV-6518,1,0,0,0.0,0,4
BT-00249,INV-8637,0,1240,1,0.0,0,7
BT-00249,INV-8149,1,0,0,0.25,0,7
BT-00249,INV-3893,0,1149234,0,0.0,0,7
BT-00249,INV-8824,0,361101,4,0.25,0,7
BT-00249,INV-9306,0,1971998,8,0.25,0,7
BT-00249,INV-6651,0,1640349,0,0.0,0,7
BT-00249,INV-9481,0,100,6,0.0,0,7
BT-00250,INV-4320,0,1919176,3,0.25,0,9
BT-00250,INV-8444,0,1394713,0,0.0,0,9
BT-00250,INV-7627,0,1352735,0,0.0,0,9
BT-00250,INV-4605,0,25398,0,0.0,0,9
BT-00250,INV-2159,0,1531272,7,0.25,0,9
BT-00250,INV-6100,0,100,5,0.0,0,9
BT-00250,INV-2577,0,162999,5,0.25,0,9
BT-00250,INV-9030,1,0,0,0.25,0,9
BT-00250,INV-5507,0,1325251,0,0.0,0,9
BT-00251,INV-1825,0,0,17,0.0,0,8
BT-00251,INV-1429,0,1240,1,0.0,0,8
BT-00251,INV-3602,0,267709,0,0.0,0,8
BT-00251,INV-5039,1,0,0,0.5,1,8
BT-00251,INV-1490,0,1070022,0,0.0,0,8
BT-00251,INV-5272,0,590853,0,0.2,0,8
BT-00251,INV-6269,0,1240,6,0.0,0,8
BT-00251,INV-4153,0,411282,0,0.5,0,8
BT-00252,INV-6092,0,979503,17,0.333,0,7
BT-00252,INV-9385,1,0,0,0.333,0,7
BT-00252,INV-7068,0,229215,0,0.0,0,7
BT-00252,INV-4730,0,0,2,0.0,0,7
BT-00252,INV-1242,0,0,17,0.0,0,7
BT-00252,INV-3623,0,289943,25,0.333,0,7
BT-00252,INV-6636,0,100,16,0.0,0,7
BT-00253,INV-9322,1,74200,0,0.667,0,8
BT-00253,INV-8536,0,74300,6,0.0,0,8
BT-00253,INV-5946,0,366352,8,0.667,0,8
BT-00253,INV-4318,0,74100,5,0.0,0,8
BT-00253,INV-1397,0,74200,1,0.0,0,8
BT-00253,INV-6892,0,193528,9,0.667,0,8
BT-00253,INV-5561,0,1350157,0,0.0,0,8
BT-00253,INV-8565,0,74100,8,0.667,0,8
BT-00254,INV-7956,1,0,0,0.0,0,5
BT-00254,INV-2745,0,100,16,0.0,0,5
BT-00254,INV-7062,0,226845,14,0.0,0,5
BT-00254,INV-9283,0,1240,4,0.0,0,5
BT-00254,INV-9097,0,1240,0,0.0,0,5
BT-00255,INV-6022,0,610215,0,0.0,0,7
BT-00255,INV-1484,0,1240,8,0.2,0,7
BT-00255,INV-2569,0,694831,20,0.5,0,7
BT-00255,INV-8849,1,0,0,0.5,1,7
BT-00255,INV-9278,0,100,0,0.0,0,7
BT-00255,INV-6214,0,799932,0,0.5,0,7
BT-00255,INV-4809,0,270749,0,0.0,0,7
BT-00256,INV-6603,0,200781,0,0.0,0,8
BT-00256,INV-4027,0,1816041,16,0.0,0,8
BT-00256,INV-9565,0,1761440,19,0.0,0,8
BT-00256,INV-4223,0,1709370,0,0.0,0,8
BT-00256,INV-6061,0,1240,4,0.0,0,8
BT-00256,INV-9720,0,2377648,11,0.0,0,8
BT-00256,INV-1869,1,0,0,0.0,0,8
BT-00256,INV-4408,0,2318436,5,0.0,0,8
BT-00257,INV-4216,0,184258,5,0.0,0,10
BT-00257,INV-2135,0,263076,10,0.5,0,10
BT-00257,INV-8569,0,185598,5,0.0,0,10
BT-00257,INV-4171,0,184458,4,0.0,0,10
BT-00257,INV-8773,1,184358,0,0.5,1,10
BT-00257,INV-5674,0,25486,6,0.5,0,10
BT-00257,INV-1822,0,184458,7,0.2,0,10
BT-00257,INV-5150,0,547919,0,0.0,0,10
BT-00257,INV-9684,0,184458,10,0.0,0,10
BT-00257,INV-3631,0,991532,0,0.0,0,10
BT-00258,INV-7400,0,500687,19,0.333,0,7
BT-00258,INV-4253,0,331653,0,0.0,0,7
BT-00258,INV-9239,0,599944,0,0.0,0,7
BT-00258,INV-8145,0,499025,0,0.0,0,7
BT-00258,INV-3839,0,100,19,0.0,0,7
BT-00258,INV-3567,0,0,5,0.0,0,7
BT-00258,INV-2944,1,0,0,0.333,0,7
BT-00259,INV-7958,0,100209,6,0.667,0,4
BT-00259,INV-3281,1,227775,0,0.667,0,4
BT-00259,INV-8793,0,1327773,0,0.0,0,4
BT-00259,INV-1540,0,227675,7,0.0,0,4
BT-00260,INV-3622,0,100,9,0.0,0,6
BT-00260,INV-2176,0,1240,13,0.0,0,6
BT-00260,INV-4492,0,1553844,0,0.0,0,6
BT-00260,INV-6098,0,1558550,8,0.333,0,6
BT-00260,INV-9347,1,0,0,0.333,0,6
BT-00260,INV-1309,0,218563,6,0.333,0,6
BT-00261,INV-6923,0,1112336,1,0.333,0,10
BT-00261,INV-5426,0,210034,17,0.333,0,10
BT-00261,INV-5615,1,0,0,0.333,0,10
BT-00261,INV-3442,0,0,16,0.0,0,10
BT-00261,INV-5754,0,1240,25,0.0,0,10
BT-00261,INV-1218,0,100,21,0.0,0,10
BT-00261,INV-8908,0,547128,0,0.333,0,10
BT-00261,INV-3656,0,365532,5,0.333,0,10
BT-00261,INV-1237,0,1315120,0,0.0,0,10
BT-00261,INV-1795,0,100,23,0.0,0,10
BT-00262,INV-1211,1,0,0,0.25,0,6
BT-00262,INV-6935,0,804927,21,0.25,0,6
BT-00262,INV-8720,0,330218,5,0.25,0,6
BT-00262,INV-9323,0,1034834,0,0.0,0,6
BT-00262,INV-4018,0,100,11,0.0,0,6
BT-00262,INV-3243,0,0,7,0.0,0,6
BT-00263,INV-9512,0,1350926,16,0.5,0,7
BT-00263,INV-6445,1,0,0,0.5,1,7
BT-00263,INV-8986,0,1240,4,0.2,0,7
BT-00263,INV-3166,0,252096,15,0.5,0,7
BT-00263,INV-3195,0,1375635,0,0.0,0,7
BT-00263,INV-7186,0,1104365,13,0.5,0,7
BT-00263,INV-7398,0,358064,8,0.5,0,7
BT-00264,INV-5287,0,77967,18,0.0,0,8
BT-00264,INV-9707,0,413950,0,0.0,0,8
BT-00264,INV-1423,0,76727,2,0.0,0,8
BT-00264,INV-5262,1,76727,0,0.25,0,8
BT-00264,INV-5257,0,304765,26,0.25,0,8
BT-00264,INV-8980,0,76827,10,0.0,0,8
BT-00264,INV-2342,0,33521,26,0.25,0,8
BT-00264,INV-4484,0,462236,3,0.25,0,8
BT-00265,INV-6102,0,96328,15,0.25,0,7
BT-00265,INV-7643,0,1033273,0,0.0,0,7
BT-00265,INV-2071,0,430048,0,0.0,0,7
BT-00265,INV-2687,1,0,0,0.25,0,7
BT-00265,INV-6760,0,100,14,0.0,0,7
BT-00265,INV-1715,0,1889738,0,0.25,0,7
BT-00265,INV-2516,0,1446337,27,0.25,0,7
BT-00266,INV-3311,0,720348,1,0.25,0,9
BT-00266,INV-3314,0,600315,9,0.25,0,9
BT-00266,INV-4908,0,0,14,0.25,0,9
BT-00266,INV-4190,0,1303893,0,0.0,0,9
BT-00266,INV-7332,0,88253,3,0.25,0,9
BT-00266,INV-7932,0,0,7,0.0,0,9
BT-00266,INV-1940,0,347727,11,0.25,0,9
BT-00266,INV-4726,0,1240,1,0.0,0,9
BT-00266,INV-8532,1,0,0,0.25,0,9
BT-00267,INV-3398,0,100,17,0.0,0,5
BT-00267,INV-7242,0,1237672,0,0.0,0,5
BT-00267,INV-4549,0,100,9,0.0,0,5
BT-00267,INV-8133,0,1914650,23,0.25,0,5
BT-00267,INV-2507,1,0,0,0.25,0,5
BT-00268,INV-2372,1,0,0,0.0,0,7
BT-00268,INV-2318,0,1135296,14,0.0,0,7
BT-00268,INV-5248,0,1378165,0,0.0,0,7
BT-00268,INV-7203,0,893340,10,0.0,0,7
BT-00268,INV-4840,0,1116292,0,0.0,0,7
BT-00268,INV-2400,0,108670,0,0.0,0,7
BT-00268,INV-4275,0,540578,8,0.0,0,7
BT-00269,INV-9947,0,230669,13,0.0,0,9
BT-00269,INV-1032,0,229529,9,0.0,0,9
BT-00269,INV-8734,0,229529,14,0.0,0,9
BT-00269,INV-4167,0,359830,20,0.0,0,9
BT-00269,INV-2504,0,366624,0,0.0,0,9
BT-00269,INV-2612,0,57512,14,0.0,0,9
BT-00269,INV-8351,1,229429,0,0.0,0,9
BT-00269,INV-4787,0,229529,4,0.0,0,9
BT-00269,INV-1758,0,230669,15,0.0,0,9
BT-00270,INV-3314,0,1240,1,0.0,0,5
BT-00270,INV-9002,0,974823,0,0.0,0,5
BT-00270,INV-4443,0,1275808,0,0.0,0,5
BT-00270,INV-5550,0,646027,0,0.5,0,5
BT-00270,INV-1357,1,0,0,0.5,1,5
BT-00271,INV-7894,0,595715,11,0.333,0,6
BT-00271,INV-7389,0,677725,5,0.333,0,6
BT-00271,INV-3568,0,1240,9,0.0,0,6
BT-00271,INV-8009,1,0,0,0.333,0,6
BT-00271,INV-8225,0,1425755,0,0.0,0,6
BT-00271,INV-5687,0,0,17,0.0,0,6
BT-00272,INV-7612,1,0,0,0.25,0,8
BT-00272,INV-2060,0,100,8,0.0,0,8
BT-00272,INV-6973,0,1696020,0,0.0,0,8
BT-00272,INV-2625,0,100,8,0.0,0,8
BT-00272,INV-6928,0,1260547,8,0.25,0,8
BT-00272,INV-8682,0,100,3,0.0,0,8
BT-00272,INV-7199,0,1402762,0,0.0,0,8
BT-00272,INV-1409,0,651980,0,0.0,0,8
BT-00273,INV-5201,0,1240,12,0.0,0,10
BT-00273,INV-7833,1,0,0,0.333,0,10
BT-00273,INV-3030,0,288808,2,0.333,0,10
BT-00273,INV-5644,0,557492,0,0.0,0,10
BT-00273,INV-7598,0,934155,0,0.0,0,10
BT-00273,INV-6070,0,733684,1,0.333,0,10
BT-00273,INV-9964,0,1070417,0,0.0,0,10
BT-00273,INV-1407,0,240446,0,0.0,0,10
BT-00273,INV-9767,0,264231,12,0.333,0,10
BT-00273,INV-6110,0,336736,18,0.333,0,10
BT-00274,INV-1461,0,0,9,0.0,0,4
BT-00274,INV-9522,1,0,0,0.5,1,4
BT-00274,INV-2941,0,100,2,0.0,0,4
BT-00274,INV-5372,0,1123537,0,0.0,0,4
BT-00275,INV-3368,0,1240,13,0.0,0,6
BT-00275,INV-4944,0,1987821,8,0.25,0,6
BT-00275,INV-1313,1,0,0,0.25,0,6
BT-00275,INV-8432,0,2081387,2,0.25,0,6
BT-00275,INV-1703,0,951320,14,0.25,0,6
BT-00275,INV-9349,0,1240,0,0.0,0,6
BT-00276,INV-4787,0,314093,0,0.0,0,6
BT-00276,INV-1222,0,778667,1,0.5,0,6
BT-00276,INV-2279,1,0,0,0.5,1,6
BT-00276,INV-4699,0,0,2,0.0,0,6
BT-00276,INV-4373,0,2169436,7,0.5,0,6
BT-00276,INV-3027,0,2101018,0,0.2,0,6
BT-00277,INV-2651,0,873486,0,0.333,0,10
BT-00277,INV-8259,0,19153,18,0.333,0,10
BT-00277,INV-8305,1,71522,0,0.333,0,10
BT-00277,INV-9495,0,59339,0,0.0,0,10
BT-00277,INV-2497,0,1635827,7,0.333,0,10
BT-00277,INV-2311,0,72762,17,0.0,0,10
BT-00277,INV-2484,0,71522,20,0.0,0,10
BT-00277,INV-3963,0,71522,7,0.0,0,10
BT-00277,INV-9150,0,240408,13,0.333,0,10
BT-00277,INV-1398,0,1417537,0,0.0,0,10
BT-00278,INV-8210,0,248723,7,0.25,0,6
BT-00278,INV-9164,0,47871,0,0.0,0,6
BT-00278,INV-2330,0,100,14,0.0,0,6
BT-00278,INV-1080,0,401142,0,0.0,0,6
BT-00278,INV-1387,0,759909,24,0.25,0,6
BT-00278,INV-5398,1,0,0,0.25,0,6
BT-00279,INV-2247,0,552928,0,0.25,0,7
BT-00279,INV-1795,0,0,15,0.0,0,7
BT-00279,INV-1973,0,1865094,0,0.0,0,7
BT-00279,INV-2393,1,0,0,0.25,0,7
BT-00279,INV-3363,0,1505194,5,0.25,0,7
BT-00279,INV-2958,0,0,11,0.0,0,7
BT-00279,INV-3440,0,405383,16,0.25,0,7
BT-00280,INV-8522,1,0,0,0.5,1,8
BT-00280,INV-8476,0,100,14,0.0,0,8
BT-00280,INV-5888,0,467997,0,0.0,0,8
BT-00280,INV-8653,0,100,3,0.0,0,8
BT-00280,INV-4649,0,1240,16,0.0,0,8
BT-00280,INV-5459,0,100,7,0.2,0,8
BT-00280,INV-6561,0,1240,10,0.0,0,8
BT-00280,INV-1490,0,411515,0,0.0,0,8
BT-00281,INV-5866,0,100,6,0.0,0,8
BT-00281,INV-1959,0,272469,5,0.333,0,8
BT-00281,INV-6740,0,102186,0,0.0,0,8
BT-00281,INV-1819,1,0,0,0.333,0,8
BT-00281,INV-3713,0,256186,14,0.333,0,8
BT-00281,INV-6189,0,137423,0,0.0,0,8
BT-00281,INV-9181,0,100,9,0.0,0,8
BT-00281,INV-4680,0,929007,0,0.0,0,8
BT-00282,INV-8919,0,100,4,0.0,0,7
BT-00282,INV-5178,0,283694,0,0.0,0,7
BT-00282,INV-9177,1,0,0,0.0,0,7
BT-00282,INV-9198,0,1150331,9,0.0,0,7
BT-00282,INV-6227,0,1954526,0,0.0,0,7
BT-00282,INV-1007,0,100,2,0.0,0,7
BT-00282,INV-1780,0,1211169,8,0.0,0,7
BT-00283,INV-4701,0,16271,16,0.0,0,9
BT-00283,INV-6368,0,17611,1,0.0,0,9
BT-00283,INV-2530,0,17611,0,0.0,0,9
BT-00283,INV-6156,0,1924573,0,0.0,0,9
BT-00283,INV-8792,0,16471,17,0.0,0,9
BT-00283,INV-3348,0,16471,6,0.0,0,9
BT-00283,INV-7568,0,1785491,0,0.25,0,9
BT-00283,INV-2636,0,17611,1,0.0,0,9
BT-00283,INV-7230,1,16371,0,0.25,0,9
BT-00284,INV-8671,0,100,14,0.0,0,9
BT-00284,INV-9278,0,0,11,0.2,0,9
BT-00284,INV-7860,0,100,2,0.0,0,9
BT-00284,INV-9398,0,578535,0,0.0,0,9
BT-00284,INV-4451,0,100,6,0.0,0,9
BT-00284,INV-7696,0,459218,14,0.5,0,9
BT-00284,INV-5873,0,1094801,0,0.0,0,9
BT-00284,INV-3285,0,100,13,0.0,0,9
BT-00284,INV-3734,1,0,0,0.5,1,9
BT-00285,INV-4242,0,218987,9,0.0,0,8
BT-00285,INV-3912,0,222717,0,0.0,0,8
BT-00285,INV-4149,0,112417,24,0.0,0,8
BT-00285,INV-8849,0,1557,16,0.0,0,8
BT-00285,INV-9051,0,728156,5,0.0,0,8
BT-00285,INV-8494,0,1092626,0,0.0,0,8
BT-00285,INV-6691,0,112417,17,0.0,0,8
BT-00285,INV-4646,1,112317,0,0.0,0,8
BT-00286,INV-9421,1,0,0,0.5,1,6
BT-00286,INV-3620,0,979856,0,0.0,0,6
BT-00286,INV-5170,0,0,4,0.0,0,6
BT-00286,INV-1430,0,452621,0,0.0,0,6
BT-00286,INV-5175,0,763182,1,0.5,0,6
BT-00286,INV-1899,0,1380066,9,0.5,0,6
BT-00287,INV-4863,0,180055,4,0.0,0,10
BT-00287,INV-4576,0,23922,0,0.0,0,10
BT-00287,INV-1959,0,1240,10,0.0,0,10
BT-00287,INV-3583,0,0,6,0.0,0,10
BT-00287,INV-1938,0,489890,14,0.0,0,10
BT-00287,INV-9917,0,756145,11,0.0,0,10
BT-00287,INV-1199,1,0,0,0.0,0,10
BT-00287,INV-3408,0,1240,22,0.0,0,10
BT-00287,INV-5235,0,800228,0,0.0,0,10
BT-00287,INV-4258,0,100,13,0.0,0,10
BT-00288,INV-9674,0,643150,17,0.25,0,9
BT-00288,INV-6548,0,330544,0,0.0,0,9
BT-00288,INV-7278,0,748268,0,0.0,0,9
BT-00288,INV-1798,0,714454,12,0.25,0,9
BT-00288,INV-1417,0,1240,11,0.0,0,9
BT-00288,INV-1109,0,56989,0,0.25,0,9
BT-00288,INV-5573,1,0,0,0.25,0,9
BT-00288,INV-1911,0,1364972,0,0.0,0,9
BT-00288,INV-5899,0,134427,12,0.25,0,9
BT-00289,INV-3056,0,229683,0,0.0,0,7
BT-00289,INV-1978,1,0,0,0.5,1,7
BT-00289,INV-2378,0,538232,4,0.5,0,7
BT-00289,INV-6159,0,292074,3,0.5,0,7
BT-00289,INV-3979,0,185983,0,0.2,0,7
BT-00289,INV-6600,0,561511,14,0.5,0,7
BT-00289,INV-2527,0,518160,0,0.0,0,7
BT-00290,INV-2904,1,0,0,0.667,0,8
BT-00290,INV-5374,0,746581,10,0.667,0,8
BT-00290,INV-1938,0,626518,3,0.667,0,8
BT-00290,INV-3490,0,100,4,0.0,0,8
BT-00290,INV-5160,0,100,10,0.25,0,8
BT-00290,INV-7125,0,1227447,0,0.25,0,8
BT-00290,INV-2144,0,300624,11,0.667,0,8
BT-00290,INV-1055,0,1240,10,0.0,0,8
BT-00291,INV-2876,0,316342,2,0.333,0,7
BT-00291,INV-4321,0,2050883,9,0.333,0,7
BT-00291,INV-9414,1,0,0,0.333,0,7
BT-00291,INV-1989,0,0,22,0.0,0,7
BT-00291,INV-9134,0,100,4,0.333,0,7
BT-00291,INV-3349,0,2162714,4,0.333,0,7
BT-00291,INV-3659,0,1240,16,0.0,0,7
BT-00292,INV-6213,0,469972,7,0.25,0,5
BT-00292,INV-5714,0,502780,14,0.25,0,5
BT-00292,INV-6247,0,1240,4,0.0,0,5
BT-00292,INV-1338,0,752024,11,0.25,0,5
BT-00292,INV-4832,1,0,0,0.25,0,5
BT-00293,INV-8613,1,0,0,0.0,0,9
BT-00293,INV-2949,0,1605635,4,0.0,0,9
BT-00293,INV-7378,0,0,1,0.0,0,9
BT-00293,INV-8137,0,142707,5,0.0,0,9
BT-00293,INV-1543,0,654788,0,0.0,0,9
BT-00293,INV-9600,0,1240,12,0.0,0,9
BT-00293,INV-9623,0,652921,13,0.0,0,9
BT-00293,INV-3716,0,1915696,0,0.0,0,9
BT-00293,INV-2597,0,296526,0,0.0,0,9
BT-00294,INV-9372,0,1609141,6,0.0,0,8
BT-00294,INV-1060,1,0,0,0.0,0,8
BT-00294,INV-1701,0,1097800,0,0.0,0,8
BT-00294,INV-5338,0,153871,1,0.0,0,8
BT-00294,INV-3695,0,1966501,3,0.0,0,8
BT-00294,INV-6878,0,0,5,0.0,0,8
BT-00294,INV-7288,0,100,13,0.0,0,8
BT-00294,INV-6421,0,411423,1,0.0,0,8
BT-00295,INV-6224,0,741774,0,0.0,0,8
BT-00295,INV-7909,0,1437077,0,0.0,0,8
BT-00295,INV-1485,0,0,3,0.0,0,8
BT-00295,INV-8343,0,1715541,13,0.0,0,8
BT-00295,INV-1761,0,1844764,9,0.0,0,8
BT-00295,INV-5715,0,903315,0,0.0,0,8
BT-00295,INV-4336,1,0,0,0.0,0,8
BT-00295,INV-6902,0,100,5,0.0,0,8
BT-00296,INV-8297,0,1372919,8,0.0,0,8
BT-00296,INV-3742,0,621940,0,0.0,0,8
BT-00296,INV-8652,0,192691,0,0.0,0,8
BT-00296,INV-4860,0,100,2,0.0,0,8
BT-00296,INV-2794,1,0,0,0.0,0,8
BT-00296,INV-7275,0,1253918,0,0.0,0,8
BT-00296,INV-8947,0,100,18,0.0,0,8
BT-00296,INV-8442,0,321141,2,0.0,0,8
BT-00297,INV-3565,0,22959,0,0.0,0,4
BT-00297,INV-4196,0,113288,0,0.0,0,4
BT-00297,INV-8093,0,1310506,24,0.25,0,4
BT-00297,INV-7152,1,0,0,0.25,0,4
BT-00298,INV-8518,0,478025,0,0.0,0,9
BT-00298,INV-7217,0,107785,0,0.0,0,9
BT-00298,INV-3549,0,131891,0,0.0,0,9
BT-00298,INV-1985,0,992801,12,0.25,0,9
BT-00298,INV-2178,1,0,0,0.25,0,9
BT-00298,INV-9151,0,399074,9,0.25,0,9
BT-00298,INV-6333,0,100,15,0.0,0,9
BT-00298,INV-3192,0,0,7,0.0,0,9
BT-00298,INV-5429,0,205758,2,0.25,0,9
BT-00299,INV-2034,0,112512,0,0.0,0,7
BT-00299,INV-1007,0,1110684,0,0.333,0,7
BT-00299,INV-6308,0,334424,0,0.0,0,7
BT-00299,INV-7655,0,317917,3,0.333,0,7
BT-00299,INV-5265,1,0,0,0.333,0,7
BT-00299,INV-1675,0,1129107,5,0.333,0,7
BT-00299,INV-5105,0,856006,0,0.0,0,7
BT-00300,INV-1520,0,0,6,0.0,0,6
BT-00300,INV-3890,0,1240,7,0.0,0,6
BT-00300,INV-3774,0,100,11,0.0,0,6
BT-00300,INV-8128,0,0,3,0.0,0,6
BT-00300,INV-8630,1,0,0,0.25,0,6
BT-00300,INV-7442,0,654129,0,0.0,0,6
BT-00301,INV-5859,0,0,14,0.0,0,10
BT-00301,INV-7488,0,100,7,0.0,0,10
BT-00301,INV-2788,0,1298676,4,0.25,0,10
BT-00301,INV-9282,0,181081,12,0.25,0,10
BT-00301,INV-8687,0,0,9,0.0,0,10
BT-00301,INV-4711,0,0,12,0.0,0,10
BT-00301,INV-7570,0,733006,5,0.25,0,10
BT-00301,INV-2583,0,100,10,0.0,0,10
BT-00301,INV-3705,0,1030589,3,0.25,0,10
BT-00301,INV-4110,1,0,0,0.25,0,10
BT-00302,INV-6066,0,100,2,0.0,0,7
BT-00302,INV-5579,1,0,0,0.667,0,7
BT-00302,INV-7892,0,229139,2,0.667,0,7
BT-00302,INV-9546,0,81216,20,0.667,0,7
BT-00302,INV-9032,0,1240,6,0.0,0,7
BT-00302,INV-4351,0,1909441,0,0.0,0,7
BT-00302,INV-8239,0,100,19,0.25,0,7
BT-00303,INV-1160,1,0,0,0.333,0,9
BT-00303,INV-6449,0,746899,20,0.333,0,9
BT-00303,INV-8080,0,1297367,12,0.333,0,9
BT-00303,INV-9226,0,141876,0,0.333,0,9
BT-00303,INV-8270,0,705021,0,0.0,0,9
BT-00303,INV-8881,0,449895,3,0.333,0,9
BT-00303,INV-9733,0,1308496,0,0.0,0,9
BT-00303,INV-1785,0,230167,11,0.333,0,9
BT-00303,INV-1138,0,100,26,0.0,0,9
BT-00304,INV-9958,0,1152016,9,0.0,0,9
BT-00304,INV-9454,0,59863,9,0.0,0,9
BT-00304,INV-4808,0,58623,16,0.0,0,9
BT-00304,INV-5299,0,1565735,0,0.0,0,9
BT-00304,INV-3161,0,58723,21,0.0,0,9
BT-00304,INV-5449,0,323724,0,0.0,0,9
BT-00304,INV-8343,0,1634547,0,0.0,0,9
BT-00304,INV-8078,1,58623,0,0.0,0,9
BT-00304,INV-1781,0,1737389,16,0.0,0,9
BT-00305,INV-3880,0,1492260,0,0.0,0,10
BT-00305,INV-8600,0,65853,13,0.0,0,10
BT-00305,INV-7489,0,64513,17,0.25,0,10
BT-00305,INV-1665,1,64613,0,0.25,0,10
BT-00305,INV-8743,0,1246703,0,0.0,0,10
BT-00305,INV-4143,0,535288,0,0.25,0,10
BT-00305,INV-1723,0,1560741,24,0.25,0,10
BT-00305,INV-8509,0,41212,6,0.25,0,10
BT-00305,INV-5513,0,65853,18,0.0,0,10
BT-00305,INV-2990,0,64613,5,0.0,0,10
BT-00306,INV-9765,0,789340,19,0.0,0,4
BT-00306,INV-9183,0,100,14,0.0,0,4
BT-00306,INV-6902,0,1240,5,0.0,0,4
BT-00306,INV-1617,1,0,0,0.0,0,4
BT-00307,INV-6341,0,595955,6,0.333,0,7
BT-00307,INV-6856,0,1029199,0,0.0,0,7
BT-00307,INV-1464,1,0,0,0.333,0,7
BT-00307,INV-9139,0,0,10,0.0,0,7
BT-00307,INV-6683,0,327731,4,0.333,0,7
BT-00307,INV-6822,0,914080,1,0.333,0,7
BT-00307,INV-3654,0,299132,0,0.333,0,7
BT-00308,INV-6172,0,100,10,0.25,0,10
BT-00308,INV-8856,0,1242615,0,0.0,0,10
BT-00308,INV-2433,0,1101008,0,0.25,0,10
BT-00308,INV-2216,0,223090,7,0.667,0,10
BT-00308,INV-2003,0,100,8,0.0,0,10
BT-00308,INV-8608,0,1240,7,0.0,0,10
BT-00308,INV-2439,0,637193,6,0.667,0,10
BT-00308,INV-8713,1,0,0,0.667,0,10
BT-00308,INV-3071,0,547632,9,0.667,0,10
BT-00308,INV-3050,0,884873,0,0.0,0,10
BT-00309,INV-7944,0,1240,0,0.0,0,7
BT-00309,INV-5494,0,2263876,1,0.0,0,7
BT-00309,INV-3591,0,607496,18,0.0,0,7
BT-00309,INV-7227,0,1654513,5,0.0,0,7
BT-00309,INV-8297,0,1439796,0,0.0,0,7
BT-00309,INV-7443,1,0,0,0.0,0,7
BT-00309,INV-6022,0,100,13,0.0,0,7
BT-00310,INV-4951,0,1767308,4,0.0,0,8
BT-00310,INV-5848,1,0,0,0.0,0,8
BT-00310,INV-3987,0,1352321,0,0.0,0,8
BT-00310,INV-5668,0,322759,0,0.0,0,8
BT-00310,INV-3797,0,181672,2,0.0,0,8
BT-00310,INV-3281,0,1862844,15,0.0,0,8
BT-00310,INV-8302,0,1649485,11,0.0,0,8
BT-00310,INV-5306,0,1675760,0,0.0,0,8
BT-00311,INV-7817,0,712341,8,0.0,0,6
BT-00311,INV-6431,1,0,0,0.0,0,6
BT-00311,INV-9052,0,1240,5,0.0,0,6
BT-00311,INV-4501,0,100,9,0.0,0,6
BT-00311,INV-5034,0,0,2,0.0,0,6
BT-00311,INV-7016,0,283189,0,0.0,0,6
BT-00312,INV-8960,0,124863,4,0.0,0,8
BT-00312,INV-6484,0,118199,4,0.333,0,8
BT-00312,INV-6778,0,124663,7,0.333,0,8
BT-00312,INV-9065,0,1279488,0,0.0,0,8
BT-00312,INV-7986,0,126003,1,0.0,0,8
BT-00312,INV-7770,0,124663,2,0.0,0,8
BT-00312,INV-9177,0,926716,8,0.333,0,8
BT-00312,INV-2789,1,124763,0,0.333,0,8
BT-00313,INV-5421,0,1240,2,0.0,0,6
BT-00313,INV-7087,0,1682886,0,0.0,0,6
BT-00313,INV-7792,1,0,0,0.25,0,6
BT-00313,INV-7733,0,1896551,11,0.25,0,6
BT-00313,INV-1636,0,1602068,20,0.25,0,6
BT-00313,INV-4557,0,1272638,0,0.0,0,6
BT-00314,INV-8270,0,100,23,0.0,0,4
BT-00314,INV-1560,0,752175,3,0.333,0,4
BT-00314,INV-3493,1,0,0,0.333,0,4
BT-00314,INV-2029,0,1179808,0,0.0,0,4
BT-00315,INV-8932,0,540362,0,0.0,0,4
BT-00315,INV-9462,0,147163,0,0.0,0,4
BT-00315,INV-3175,0,1240,5,0.0,0,4
BT-00315,INV-4737,1,0,0,0.333,0,4
BT-00316,INV-2036,0,100,7,0.0,0,9
BT-00316,INV-2935,0,559574,18,0.0,0,9
BT-00316,INV-9384,0,100,19,0.0,0,9
BT-00316,INV-6720,0,100,22,0.0,0,9
BT-00316,INV-7737,0,22222,0,0.0,0,9
BT-00316,INV-5854,1,0,0,0.0,0,9
BT-00316,INV-9199,0,1240,13,0.0,0,9
BT-00316,INV-1277,0,549365,0,0.0,0,9
BT-00316,INV-6803,0,564538,1,0.0,0,9
BT-00317,INV-7756,0,206159,0,0.0,0,10
BT-00317,INV-8993,0,1657679,2,0.0,0,10
BT-00317,INV-8326,0,100,8,0.0,0,10
BT-00317,INV-3013,0,826470,4,0.0,0,10
BT-00317,INV-9559,0,437377,0,0.0,0,10
BT-00317,INV-5400,0,478720,5,0.0,0,10
BT-00317,INV-9724,1,0,0,0.0,0,10
BT-00317,INV-6048,0,1240,13,0.0,0,10
BT-00317,INV-8538,0,1679814,0,0.0,0,10
BT-00317,INV-8473,0,1198717,0,0.0,0,10
BT-00318,INV-9181,0,137955,3,0.0,0,5
BT-00318,INV-4326,0,139295,5,0.0,0,5
BT-00318,INV-6356,0,1121679,0,0.0,0,5
BT-00318,INV-7577,1,138055,0,0.25,0,5
BT-00318,INV-1049,0,491991,9,0.25,0,5
BT-00319,INV-6363,0,345355,19,0.25,0,9
BT-00319,INV-3981,0,100,4,0.0,0,9
BT-00319,INV-7452,1,0,0,0.25,0,9
BT-00319,INV-9763,0,134825,18,0.25,0,9
BT-00319,INV-4777,0,160459,2,0.25,0,9
BT-00319,INV-6100,0,100,24,0.0,0,9
BT-00319,INV-3713,0,649841,0,0.0,0,9
BT-00319,INV-3365,0,1270470,15,0.25,0,9
BT-00319,INV-6358,0,980246,8,0.25,0,9
BT-00320,INV-1202,0,379125,2,0.0,0,5
BT-00320,INV-4005,0,1814734,9,0.0,0,5
BT-00320,INV-8387,0,1834539,11,0.0,0,5
BT-00320,INV-7433,0,1337497,4,0.0,0,5
BT-00320,INV-5599,1,0,0,0.0,0,5
BT-00321,INV-3183,0,178010,0,0.0,0,9
BT-00321,INV-5736,1,0,0,0.333,0,9
BT-00321,INV-1512,0,501816,0,0.0,0,9
BT-00321,INV-2790,0,314287,17,0.333,0,9
BT-00321,INV-3430,0,100,8,0.0,0,9
BT-00321,INV-2295,0,100,18,0.333,0,9
BT-00321,INV-7904,0,821878,8,0.333,0,9
BT-00321,INV-3482,0,44045,0,0.333,0,9
BT-00321,INV-3278,0,947299,9,0.333,0,9
BT-00322,INV-1349,0,1094633,17,0.0,0,6
BT-00322,INV-1604,0,100,21,0.0,0,6
BT-00322,INV-4308,0,100,13,0.0,0,6
BT-00322,INV-3210,0,459912,2,0.0,0,6
BT-00322,INV-3944,1,0,0,0.0,0,6
BT-00322,INV-7160,0,1240,3,0.0,0,6
BT-00323,INV-8455,0,51048,0,0.0,0,6
BT-00323,INV-8076,0,695587,0,0.0,0,6
BT-00323,INV-7172,0,495669,13,0.0,0,6
BT-00323,INV-6926,0,911612,2,0.0,0,6
BT-00323,INV-2193,1,0,0,0.0,0,6
BT-00323,INV-5789,0,1515399,25,0.0,0,6
BT-00324,INV-6883,0,600776,5,0.5,0,8
BT-00324,INV-3146,0,1920886,0,0.0,0,8
BT-00324,INV-2238,0,1950184,0,0.2,0,8
BT-00324,INV-4698,0,1992689,0,0.2,0,8
BT-00324,INV-7802,0,8862,11,0.0,0,8
BT-00324,INV-7969,0,1430712,7,0.5,0,8
BT-00324,INV-1470,1,8962,0,0.5,1,8
BT-00324,INV-6304,0,8862,11,0.2,0,8
BT-00325,INV-8482,0,267385,0,0.0,0,4
BT-00325,INV-3410,1,210833,0,0.25,0,4
BT-00325,INV-6014,0,210833,1,0.0,0,4
BT-00325,INV-9630,0,210933,12,0.0,0,4
BT-00326,INV-6243,0,1492848,0,0.25,0,10
BT-00326,INV-9364,0,12621,9,0.0,0,10
BT-00326,INV-7315,0,12521,2,0.0,0,10
BT-00326,INV-2140,0,12721,8,0.0,0,10
BT-00326,INV-6631,0,75123,8,0.25,0,10
BT-00326,INV-3799,0,1804465,0,0.0,0,10
BT-00326,INV-7520,0,12721,4,0.0,0,10
BT-00326,INV-6558,0,1284822,0,0.0,0,10
BT-00326,INV-7173,0,2094872,8,0.25,0,10
BT-00326,INV-4756,1,12621,0,0.25,0,10
BT-00327,INV-7866,0,1808488,0,0.0,0,4
BT-00327,INV-4766,0,1960262,16,0.0,0,4
BT-00327,INV-1351,1,0,0,0.0,0,4
BT-00327,INV-7374,0,678932,16,0.0,0,4
BT-00328,INV-6092,0,100,7,0.0,0,9
BT-00328,INV-8121,0,1240,2,0.0,0,9
BT-00328,INV-1508,0,199789,0,0.25,0,9
BT-00328,INV-2508,0,1240,4,0.25,0,9
BT-00328,INV-8592,0,877961,0,0.0,0,9
BT-00328,INV-6047,1,0,0,0.25,0,9
BT-00328,INV-1955,0,100,1,0.0,0,9
BT-00328,INV-4621,0,1451087,0,0.0,0,9
BT-00328,INV-7503,0,0,16,0.0,0,9
BT-00329,INV-7840,0,1240,13,0.0,0,9
BT-00329,INV-4587,0,1240,14,0.0,0,9
BT-00329,INV-4663,0,158879,0,0.2,0,9
BT-00329,INV-9068,0,132572,8,0.5,0,9
BT-00329,INV-3811,0,115912,0,0.0,0,9
BT-00329,INV-8701,0,1292593,14,0.5,0,9
BT-00329,INV-7186,0,953807,0,0.0,0,9
BT-00329,INV-6641,0,100,8,0.2,0,9
BT-00329,INV-8509,1,0,0,0.5,1,9
BT-00330,INV-2825,0,1198654,20,0.25,0,5
BT-00330,INV-7039,0,250631,22,0.25,0,5
BT-00330,INV-5130,1,0,0,0.25,0,5
BT-00330,INV-3306,0,0,12,0.0,0,5
BT-00330,INV-6474,0,1696212,1,0.25,0,5
BT-00331,INV-5656,0,1311936,10,0.5,0,10
BT-00331,INV-4113,0,108372,13,0.5,0,10
BT-00331,INV-3965,0,641688,0,0.0,0,10
BT-00331,INV-9725,0,136429,0,0.0,0,10
BT-00331,INV-4496,0,178718,0,0.2,0,10
BT-00331,INV-3332,0,1240,9,0.0,0,10
BT-00331,INV-9172,1,0,0,0.5,1,10
BT-00331,INV-7339,0,1188164,2,0.5,0,10
BT-00331,INV-7287,0,100,11,0.0,0,10
BT-00331,INV-9391,0,396009,0,0.0,0,10
BT-00332,INV-4520,0,893541,9,0.0,0,10
BT-00332,INV-9992,0,1240,17,0.0,0,10
BT-00332,INV-2252,0,325372,16,0.0,0,10
BT-00332,INV-1183,0,378761,25,0.0,0,10
BT-00332,INV-2927,0,0,13,0.0,0,10
BT-00332,INV-2086,0,0,15,0.0,0,10
BT-00332,INV-7592,0,1137098,10,0.0,0,10
BT-00332,INV-4465,0,592774,0,0.0,0,10
BT-00332,INV-9553,1,0,0,0.0,0,10
BT-00332,INV-8452,0,1525008,20,0.0,0,10
BT-00333,INV-6433,1,0,0,0.333,0,10
BT-00333,INV-7895,0,954690,2,0.333,0,10
BT-00333,INV-3650,0,100,8,0.0,0,10
BT-00333,INV-4193,0,0,3,0.0,0,10
BT-00333,INV-1571,0,672407,0,0.0,0,10
BT-00333,INV-3439,0,100,0,0.0,0,10
BT-00333,INV-3791,0,429757,0,0.0,0,10
BT-00333,INV-7675,0,723049,0,0.333,0,10
BT-00333,INV-2717,0,620903,10,0.333,0,10
BT-00333,INV-9948,0,32643,16,0.333,0,10
BT-00334,INV-8836,0,1240,11,0.0,0,4
BT-00334,INV-9981,1,0,0,0.0,0,4
BT-00334,INV-8736,0,100,18,0.0,0,4
BT-00334,INV-7865,0,100,10,0.0,0,4
BT-00335,INV-6251,0,1427126,0,0.0,0,8
BT-00335,INV-4161,0,498543,5,0.5,0,8
BT-00335,INV-8306,1,0,0,0.5,1,8
BT-00335,INV-2637,0,100,3,0.2,0,8
BT-00335,INV-8858,0,778978,0,0.0,0,8
BT-00335,INV-1209,0,176107,0,0.0,0,8
BT-00335,INV-1705,0,510088,0,0.2,0,8
BT-00335,INV-5666,0,0,5,0.0,0,8
BT-00336,INV-5281,1,198503,0,0.25,0,4
BT-00336,INV-2282,0,198603,14,0.0,0,4
BT-00336,INV-9185,0,692279,0,0.0,0,4
BT-00336,INV-6413,0,199743,4,0.0,0,4
BT-00337,INV-2556,0,636209,13,0.25,0,5
BT-00337,INV-4913,1,0,0,0.25,0,5
BT-00337,INV-7766,0,392463,0,0.0,0,5
BT-00337,INV-1756,0,100,12,0.0,0,5
BT-00337,INV-6674,0,100,1,0.0,0,5
BT-00338,INV-7577,0,668726,0,0.0,0,10
BT-00338,INV-3168,0,100,6,0.0,0,10
BT-00338,INV-9852,0,176197,4,0.25,0,10
BT-00338,INV-9589,0,985347,0,0.0,0,10
BT-00338,INV-1597,1,0,0,0.25,0,10
BT-00338,INV-7489,0,1240,3,0.0,0,10
BT-00338,INV-8996,0,0,16,0.0,0,10
BT-00338,INV-2488,0,100,21,0.25,0,10
BT-00338,INV-1417,0,100,23,0.0,0,10
BT-00338,INV-9318,0,1323798,12,0.25,0,10
BT-00339,INV-7563,0,100,17,0.0,0,7
BT-00339,INV-2686,0,100,11,0.0,0,7
BT-00339,INV-6282,0,516708,0,0.0,0,7
BT-00339,INV-7357,1,0,0,0.5,1,7
BT-00339,INV-9021,0,100,1,0.0,0,7
BT-00339,INV-5428,0,499740,0,0.2,0,7
BT-00339,INV-7456,0,134842,0,0.0,0,7
BT-00340,INV-8768,0,907424,11,0.5,0,10
BT-00340,INV-4023,1,0,0,0.5,1,10
BT-00340,INV-9614,0,446475,10,0.5,0,10
BT-00340,INV-4270,0,224103,10,0.5,0,10
BT-00340,INV-2209,0,1240,0,0.0,0,10
BT-00340,INV-4982,0,1167321,5,0.5,0,10
BT-00340,INV-8380,0,1240,2,0.0,0,10
BT-00340,INV-4470,0,0,0,0.0,0,10
BT-00340,INV-1119,0,1240,4,0.0,0,10
BT-00340,INV-6345,0,0,3,0.0,0,10
BT-00341,INV-2497,1,0,0,0.0,0,4
BT-00341,INV-5346,0,0,6,0.0,0,4
BT-00341,INV-5561,0,100,14,0.0,0,4
BT-00341,INV-7763,0,1334781,7,0.0,0,4
BT-00342,INV-8106,0,100,22,0.0,0,7
BT-00342,INV-2921,0,1685222,0,0.0,0,7
BT-00342,INV-7349,0,100,20,0.0,0,7
BT-00342,INV-7791,1,0,0,0.25,0,7
BT-00342,INV-3654,0,678306,11,0.25,0,7
BT-00342,INV-2045,0,2749,23,0.25,0,7
BT-00342,INV-5711,0,416362,18,0.25,0,7
BT-00343,INV-1766,0,1240,14,0.0,0,10
BT-00343,INV-3753,0,1299543,0,0.0,0,10
BT-00343,INV-6205,0,411379,11,0.0,0,10
BT-00343,INV-7482,0,742377,4,0.0,0,10
BT-00343,INV-3433,0,514733,0,0.0,0,10
BT-00343,INV-5986,0,749713,21,0.0,0,10
BT-00343,INV-7724,0,0,9,0.0,0,10
BT-00343,INV-5273,0,1240,12,0.0,0,10
BT-00343,INV-1695,0,728938,0,0.0,0,10
BT-00343,INV-7654,1,0,0,0.0,0,10
BT-00344,INV-9835,0,605872,0,0.25,0,5
BT-00344,INV-2855,0,0,8,0.0,0,5
BT-00344,INV-5784,1,0,0,0.25,0,5
BT-00344,INV-3687,0,181005,2,0.25,0,5
BT-00344,INV-1466,0,861817,15,0.25,0,5
BT-00345,INV-1989,0,2350916,18,0.5,0,7
BT-00345,INV-6284,0,2382937,0,0.0,0,7
BT-00345,INV-9993,0,1591222,6,0.5,0,7
BT-00345,INV-6319,1,0,0,0.5,1,7
BT-00345,INV-5804,0,100,4,0.0,0,7
BT-00345,INV-4802,0,2123307,2,0.5,0,7
BT-00345,INV-5922,0,100,17,0.0,0,7
BT-00346,INV-6273,0,1230260,4,0.25,0,5
BT-00346,INV-8391,0,304947,11,0.25,0,5
BT-00346,INV-3364,1,127676,0,0.25,0,5
BT-00346,INV-6460,0,128916,14,0.0,0,5
BT-00346,INV-4328,0,584917,17,0.25,0,5
BT-00347,INV-1546,0,142754,21,0.0,0,6
BT-00347,INV-6650,0,223290,15,0.25,0,6
BT-00347,INV-1207,0,142554,21,0.0,0,6
BT-00347,INV-1901,0,142654,0,0.0,0,6
BT-00347,INV-8351,0,142654,9,0.0,0,6
BT-00347,INV-8782,1,142654,0,0.25,0,6
BT-00348,INV-8383,0,578437,0,0.333,0,4
BT-00348,INV-1545,0,1683423,0,0.333,0,4
BT-00348,INV-2411,1,0,0,0.333,0,4
BT-00348,INV-7928,0,756864,8,0.333,0,4
BT-00349,INV-6599,1,0,0,0.25,0,9
BT-00349,INV-3077,0,879029,12,0.25,0,9
BT-00349,INV-5283,0,31940,0,0.25,0,9
BT-00349,INV-2877,0,1240,9,0.0,0,9
BT-00349,INV-7341,0,798408,0,0.0,0,9
BT-00349,INV-6032,0,1240,8,0.0,0,9
BT-00349,INV-5280,0,1370168,0,0.0,0,9
BT-00349,INV-2374,0,100,4,0.0,0,9
BT-00349,INV-5679,0,484136,1,0.25,0,9
BT-00350,INV-5061,0,606070,1,0.333,0,10
BT-00350,INV-3378,0,9732,0,0.0,0,10
BT-00350,INV-2645,1,0,0,0.333,0,10
BT-00350,INV-3583,0,1277175,0,0.333,0,10
BT-00350,INV-7204,0,1132576,5,0.333,0,10
BT-00350,INV-6601,0,465771,0,0.0,0,10
BT-00350,INV-2408,0,1332044,3,0.333,0,10
BT-00350,INV-6496,0,1240,3,0.0,0,10
BT-00350,INV-3621,0,1276486,16,0.333,0,10
BT-00350,INV-6265,0,1240,5,0.0,0,10
BT-00351,INV-4681,0,890228,0,0.0,0,8
BT-00351,INV-4332,1,0,0,0.667,0,8
BT-00351,INV-6229,0,395066,0,0.0,0,8
BT-00351,INV-6011,0,100,7,0.0,0,8
BT-00351,INV-2924,0,1240,1,0.0,0,8
BT-00351,INV-1494,0,798372,21,0.667,0,8
BT-00351,INV-9406,0,21999,12,0.667,0,8
BT-00351,INV-8043,0,331648,3,0.667,0,8
BT-00352,INV-3716,0,1774027,0,0.0,0,8
BT-00352,INV-5397,0,1776211,1,0.667,0,8
BT-00352,INV-7363,0,0,16,0.0,0,8
BT-00352,INV-8901,1,0,0,0.667,0,8
BT-00352,INV-4658,0,757324,13,0.667,0,8
BT-00352,INV-6433,0,1300172,13,0.667,0,8
BT-00352,INV-3468,0,0,18,0.25,0,8
BT-00352,INV-9936,0,147727,14,0.667,0,8
BT-00353,INV-4427,0,933743,0,0.0,0,8
BT-00353,INV-5088,0,100,2,0.0,0,8
BT-00353,INV-2477,0,346855,4,0.0,0,8
BT-00353,INV-5452,0,100,10,0.0,0,8
BT-00353,INV-5666,0,0,11,0.0,0,8
BT-00353,INV-7670,0,857729,7,0.0,0,8
BT-00353,INV-5611,1,0,0,0.0,0,8
BT-00353,INV-6597,0,9809,7,0.0,0,8
BT-00354,INV-5292,0,100,7,0.0,0,5
BT-00354,INV-3513,0,1851775,0,0.0,0,5
BT-00354,INV-8148,0,293682,2,0.0,0,5
BT-00354,INV-4212,1,0,0,0.0,0,5
BT-00354,INV-1407,0,0,21,0.0,0,5
BT-00355,INV-9527,0,0,10,0.0,0,8
BT-00355,INV-5632,0,2262227,13,0.25,0,8
BT-00355,INV-6408,1,0,0,0.25,0,8
BT-00355,INV-4033,0,0,6,0.0,0,8
BT-00355,INV-4798,0,1667910,9,0.25,0,8
BT-00355,INV-2382,0,746691,0,0.0,0,8
BT-00355,INV-9801,0,2172074,26,0.25,0,8
BT-00355,INV-5422,0,0,7,0.25,0,8
BT-00356,INV-8227,0,2434290,0,0.0,0,8
BT-00356,INV-2802,0,100,10,0.0,0,8
BT-00356,INV-9605,0,534368,0,0.0,0,8
BT-00356,INV-9205,0,1336939,0,0.0,0,8
BT-00356,INV-9417,0,2359110,0,0.0,0,8
BT-00356,INV-2540,0,100,7,0.0,0,8
BT-00356,INV-7223,0,1982938,0,0.0,0,8
BT-00356,INV-6847,1,0,0,0.333,0,8
BT-00357,INV-4567,1,0,0,0.0,0,4
BT-00357,INV-2294,0,1141376,0,0.0,0,4
BT-00357,INV-3821,0,853670,8,0.0,0,4
BT-00357,INV-7698,0,228789,0,0.0,0,4
BT-00358,INV-3797,1,0,0,0.25,0,4
BT-00358,INV-1790,0,353235,3,0.25,0,4
BT-00358,INV-8003,0,23855,0,0.0,0,4
BT-00358,INV-1927,0,322745,8,0.25,0,4
BT-00359,INV-3747,0,405915,0,0.0,0,9
BT-00359,INV-9660,0,236004,13,0.0,0,9
BT-00359,INV-8587,0,1805062,23,0.5,0,9
BT-00359,INV-9170,1,235904,0,0.5,1,9
BT-00359,INV-8258,0,237144,13,0.0,0,9
BT-00359,INV-8034,0,1683657,1,0.5,0,9
BT-00359,INV-9183,0,1739875,15,0.5,0,9
BT-00359,INV-8898,0,460698,0,0.0,0,9
BT-00359,INV-7918,0,1584486,0,0.0,0,9
BT-00360,INV-5458,0,100,12,0.0,0,8
BT-00360,INV-2241,0,75989,0,0.0,0,8
BT-00360,INV-6426,0,666867,10,0.0,0,8
BT-00360,INV-8789,1,0,0,0.0,0,8
BT-00360,INV-2743,0,69750,0,0.0,0,8
BT-00360,INV-1689,0,329106,0,0.0,0,8
BT-00360,INV-8219,0,628867,0,0.0,0,8
BT-00360,INV-9540,0,678376,5,0.0,0,8
BT-00361,INV-1536,0,2235759,7,0.333,0,8
BT-00361,INV-3910,0,952803,10,0.333,0,8
BT-00361,INV-1240,0,1759242,3,0.333,0,8
BT-00361,INV-7519,1,0,0,0.333,0,8
BT-00361,INV-1012,0,2014169,6,0.333,0,8
BT-00361,INV-7711,0,1637142,0,0.0,0,8
BT-00361,INV-5009,0,852591,0,0.0,0,8
BT-00361,INV-4224,0,1297996,8,0.333,0,8
BT-00362,INV-4328,0,569291,11,0.333,0,9
BT-00362,INV-6828,0,2334720,9,0.333,0,9
BT-00362,INV-1671,0,100,25,0.333,0,9
BT-00362,INV-8081,0,2154041,0,0.0,0,9
BT-00362,INV-3025,0,1240,16,0.0,0,9
BT-00362,INV-8487,0,1446675,0,0.0,0,9
BT-00362,INV-6393,0,100,9,0.0,0,9
BT-00362,INV-3082,0,1717696,0,0.0,0,9
BT-00362,INV-1211,1,0,0,0.333,0,9
BT-00363,INV-4548,0,1643385,9,0.0,0,9
BT-00363,INV-6312,0,1240,22,0.0,0,9
BT-00363,INV-9684,1,0,0,0.0,0,9
BT-00363,INV-9841,0,1735961,3,0.0,0,9
BT-00363,INV-3556,0,417754,15,0.0,0,9
BT-00363,INV-7324,0,100,10,0.0,0,9
BT-00363,INV-2505,0,16793,7,0.0,0,9
BT-00363,INV-3512,0,407753,7,0.0,0,9
BT-00363,INV-2091,0,1240,3,0.0,0,9
BT-00364,INV-7350,0,512952,12,0.5,0,10
BT-00364,INV-2668,0,493606,0,0.0,0,10
BT-00364,INV-6569,1,0,0,0.5,1,10
BT-00364,INV-7527,0,566585,8,0.5,0,10
BT-00364,INV-8767,0,134312,0,0.2,0,10
BT-00364,INV-7186,0,833423,5,0.5,0,10
BT-00364,INV-2472,0,100,1,0.2,0,10
BT-00364,INV-1460,0,100,9,0.0,0,10
BT-00364,INV-6706,0,328238,0,0.2,0,10
BT-00364,INV-1002,0,100,15,0.0,0,10
BT-00365,INV-6887,0,100,11,0.25,0,10
BT-00365,INV-2936,0,0,0,0.0,0,10
BT-00365,INV-6194,0,1240,18,0.0,0,10
BT-00365,INV-3336,0,100,13,0.25,0,10
BT-00365,INV-4586,0,1201547,0,0.0,0,10
BT-00365,INV-7054,1,0,0,0.25,0,10
BT-00365,INV-7385,0,756582,0,0.0,0,10
BT-00365,INV-3339,0,517550,10,0.25,0,10
BT-00365,INV-5300,0,8922,0,0.0,0,10
BT-00365,INV-1815,0,1025579,6,0.25,0,10
BT-00366,INV-7298,0,100389,13,0.0,0,8
BT-00366,INV-3794,0,100289,11,0.0,0,8
BT-00366,INV-1399,0,100489,18,0.0,0,8
BT-00366,INV-1141,1,100389,0,0.0,0,8
BT-00366,INV-6826,0,101629,15,0.0,0,8
BT-00366,INV-4778,0,391502,11,0.0,0,8
BT-00366,INV-8896,0,629211,1,0.0,0,8
BT-00366,INV-9849,0,422122,0,0.0,0,8
BT-00367,INV-4838,0,107166,7,0.333,0,8
BT-00367,INV-7983,0,457751,0,0.0,0,8
BT-00367,INV-1462,1,0,0,0.333,0,8
BT-00367,INV-6719,0,1679804,0,0.0,0,8
BT-00367,INV-9622,0,180932,0,0.0,0,8
BT-00367,INV-4306,0,130048,24,0.333,0,8
BT-00367,INV-3596,0,1240,18,0.0,0,8
BT-00367,INV-3162,0,1172786,21,0.333,0,8
BT-00368,INV-2423,0,720098,14,0.25,0,10
BT-00368,INV-7941,1,0,0,0.25,0,10
BT-00368,INV-4826,0,0,21,0.0,0,10
BT-00368,INV-6642,0,0,10,0.0,0,10
BT-00368,INV-4631,0,100,3,0.0,0,10
BT-00368,INV-5966,0,610249,20,0.25,0,10
BT-00368,INV-2644,0,515935,0,0.0,0,10
BT-00368,INV-6787,0,1026106,0,0.0,0,10
BT-00368,INV-1934,0,386429,4,0.25,0,10
BT-00368,INV-7210,0,810260,27,0.25,0,10
BT-00369,INV-2611,1,0,0,0.25,0,4
BT-00369,INV-2565,0,498743,0,0.0,0,4
BT-00369,INV-6623,0,372445,0,0.0,0,4
BT-00369,INV-9258,0,656158,0,0.0,0,4
BT-00370,INV-2273,1,233105,0,0.0,0,5
BT-00370,INV-5381,0,234345,4,0.0,0,5
BT-00370,INV-1014,0,129154,10,0.0,0,5
BT-00370,INV-3115,0,233005,1,0.0,0,5
BT-00370,INV-4549,0,1373261,3,0.0,0,5
BT-00371,INV-8522,0,1265603,0,0.0,0,9
BT-00371,INV-1131,0,100,2,0.0,0,9
BT-00371,INV-4653,0,2083631,17,0.333,0,9
BT-00371,INV-7031,0,1890732,5,0.333,0,9
BT-00371,INV-9117,0,477815,1,0.333,0,9
BT-00371,INV-4195,1,0,0,0.333,0,9
BT-00371,INV-8636,0,0,16,0.0,0,9
BT-00371,INV-9643,0,254292,0,0.0,0,9
BT-00371,INV-7454,0,100,8,0.333,0,9
BT-00372,INV-5049,1,0,0,0.5,1,7
BT-00372,INV-8307,0,1370736,0,0.0,0,7
BT-00372,INV-8238,0,1240,3,0.0,0,7
BT-00372,INV-8704,0,497297,2,0.5,0,7
BT-00372,INV-7429,0,100,21,0.0,0,7
BT-00372,INV-8283,0,100,5,0.2,0,7
BT-00372,INV-1882,0,845379,8,0.5,0,7
BT-00373,INV-7854,0,1307751,0,0.0,0,9
BT-00373,INV-1300,0,989504,0,0.0,0,9
BT-00373,INV-9656,0,1240,20,0.0,0,9
BT-00373,INV-4856,1,0,0,0.0,0,9
BT-00373,INV-5591,0,3959,6,0.0,0,9
BT-00373,INV-9597,0,100,14,0.0,0,9
BT-00373,INV-3303,0,100,11,0.0,0,9
BT-00373,INV-3796,0,1261808,0,0.0,0,9
BT-00373,INV-8585,0,221098,19,0.0,0,9
BT-00374,INV-1499,0,1198262,15,0.25,0,7
BT-00374,INV-5857,0,164195,5,0.0,0,7
BT-00374,INV-3835,0,54536,3,0.25,0,7
BT-00374,INV-4755,1,164195,0,0.25,0,7
BT-00374,INV-8985,0,164095,5,0.0,0,7
BT-00374,INV-8161,0,165435,13,0.0,0,7
BT-00374,INV-2648,0,164195,10,0.0,0,7
BT-00375,INV-2261,0,1052120,0,0.2,0,9
BT-00375,INV-2826,1,0,0,0.5,1,9
BT-00375,INV-4510,0,1316861,0,0.0,0,9
BT-00375,INV-9780,0,144052,17,0.5,0,9
BT-00375,INV-1933,0,420471,2,0.5,0,9
BT-00375,INV-8993,0,835,4,0.5,0,9
BT-00375,INV-3461,0,1240,0,0.0,0,9
BT-00375,INV-7688,0,1015128,13,0.5,0,9
BT-00375,INV-6780,0,777857,21,0.5,0,9
BT-00376,INV-2590,1,0,0,0.25,0,8
BT-00376,INV-4717,0,937664,8,0.25,0,8
BT-00376,INV-7546,0,740765,0,0.25,0,8
BT-00376,INV-4398,0,1196498,10,0.25,0,8
BT-00376,INV-6563,0,1937662,0,0.0,0,8
BT-00376,INV-2189,0,800060,0,0.0,0,8
BT-00376,INV-2009,0,516099,9,0.25,0,8
BT-00376,INV-5652,0,1240,1,0.0,0,8
BT-00377,INV-7032,0,977913,4,0.5,0,10
BT-00377,INV-4181,0,806417,0,0.0,0,10
BT-00377,INV-5473,0,80501,1,0.5,0,10
BT-00377,INV-7198,1,0,0,0.5,1,10
BT-00377,INV-8461,0,398114,13,0.5,0,10
BT-00377,INV-7683,0,10185,23,0.5,0,10
BT-00377,INV-2019,0,1046648,0,0.0,0,10
BT-00377,INV-9708,0,911967,0,0.5,0,10
BT-00377,INV-7134,0,792620,0,0.0,0,10
BT-00377,INV-8308,0,0,0,0.0,0,10
BT-00378,INV-5970,0,134461,23,0.0,0,5
BT-00378,INV-9643,0,134261,2,0.0,0,5
BT-00378,INV-4313,0,134461,9,0.0,0,5
BT-00378,INV-2383,1,134361,0,0.333,0,5
BT-00378,INV-3406,0,134261,19,0.0,0,5
BT-00379,INV-9015,0,1240,12,0.0,0,10
BT-00379,INV-2316,0,0,13,0.25,0,10
BT-00379,INV-5350,1,0,0,0.25,0,10
BT-00379,INV-9535,0,0,15,0.0,0,10
BT-00379,INV-8948,0,1380631,2,0.25,0,10
BT-00379,INV-9742,0,1602733,1,0.25,0,10
BT-00379,INV-8075,0,272220,0,0.0,0,10
BT-00379,INV-5815,0,100,18,0.0,0,10
BT-00379,INV-2013,0,1644611,17,0.25,0,10
BT-00379,INV-3811,0,1129457,0,0.0,0,10
BT-00380,INV-9855,0,300899,11,0.25,0,6
BT-00380,INV-7259,1,0,0,0.25,0,6
BT-00380,INV-6870,0,1133371,0,0.0,0,6
BT-00380,INV-2405,0,484576,13,0.25,0,6
BT-00380,INV-6565,0,21351,0,0.0,0,6
BT-00380,INV-8635,0,405316,0,0.0,0,6
BT-00381,INV-6754,0,392091,5,0.25,0,10
BT-00381,INV-5796,0,272957,0,0.0,0,10
BT-00381,INV-2797,0,100,6,0.0,0,10
BT-00381,INV-9389,0,760616,0,0.25,0,10
BT-00381,INV-7154,0,1501225,2,0.25,0,10
BT-00381,INV-5178,0,131491,0,0.0,0,10
BT-00381,INV-3967,0,938688,1,0.25,0,10
BT-00381,INV-7170,0,780172,0,0.25,0,10
BT-00381,INV-8163,0,100,15,0.0,0,10
BT-00381,INV-5665,1,0,0,0.25,0,10
BT-00382,INV-5642,1,0,0,0.5,1,9
BT-00382,INV-8578,0,1363123,0,0.0,0,9
BT-00382,INV-3024,0,303086,0,0.0,0,9
BT-00382,INV-7726,0,269505,0,0.0,0,9
BT-00382,INV-2728,0,194142,13,0.5,0,9
BT-00382,INV-1851,0,1212444,21,0.5,0,9
BT-00382,INV-3647,0,1240,6,0.0,0,9
BT-00382,INV-2888,0,1240,2,0.0,0,9
BT-00382,INV-6006,0,1193657,16,0.5,0,9
BT-00383,INV-1328,0,1593940,22,0.333,0,8
BT-00383,INV-2933,0,0,7,0.0,0,8
BT-00383,INV-2649,0,561906,0,0.0,0,8
BT-00383,INV-2480,0,1779294,0,0.0,0,8
BT-00383,INV-8735,1,0,0,0.333,0,8
BT-00383,INV-3530,0,439137,12,0.333,0,8
BT-00383,INV-5936,0,1340723,0,0.0,0,8
BT-00383,INV-8591,0,337619,0,0.333,0,8
BT-00384,INV-8666,0,633006,17,0.5,0,8
BT-00384,INV-8246,1,0,0,0.5,1,8
BT-00384,INV-2886,0,100,4,0.2,0,8
BT-00384,INV-1894,0,1240,7,0.0,0,8
BT-00384,INV-2628,0,817124,0,0.0,0,8
BT-00384,INV-3967,0,2167415,9,0.5,0,8
BT-00384,INV-8769,0,941139,0,0.0,0,8
BT-00384,INV-4919,0,100,3,0.0,0,8
BT-00385,INV-4704,0,89168,11,0.0,0,7
BT-00385,INV-7218,0,761886,0,0.5,0,7
BT-00385,INV-6687,0,89168,4,0.2,0,7
BT-00385,INV-2842,0,819312,6,0.5,0,7
BT-00385,INV-5745,0,88028,6,0.2,0,7
BT-00385,INV-7433,0,56073,9,0.5,0,7
BT-00385,INV-2009,1,87928,0,0.5,1,7
BT-00386,INV-2758,0,0,3,0.0,0,5
BT-00386,INV-7825,1,0,0,0.0,0,5
BT-00386,INV-6626,0,57274,8,0.0,0,5
BT-00386,INV-3274,0,1578748,16,0.0,0,5
BT-00386,INV-7559,0,392670,0,0.0,0,5
BT-00387,INV-9951,0,100,5,0.0,0,8
BT-00387,INV-1407,0,1832821,1,0.0,0,8
BT-00387,INV-3563,0,1208907,0,0.0,0,8
BT-00387,INV-4286,1,0,0,0.0,0,8
BT-00387,INV-2137,0,1367822,9,0.0,0,8
BT-00387,INV-1291,0,1601508,10,0.0,0,8
BT-00387,INV-8733,0,1386687,3,0.0,0,8
BT-00387,INV-8788,0,169295,8,0.0,0,8
BT-00388,INV-9662,0,100,3,0.0,0,4
BT-00388,INV-6183,0,169810,14,0.0,0,4
BT-00388,INV-9892,0,0,7,0.0,0,4
BT-00388,INV-8703,1,0,0,0.0,0,4
BT-00389,INV-8262,0,54107,6,0.5,0,7
BT-00389,INV-8832,1,0,0,0.5,1,7
BT-00389,INV-5671,0,607672,22,0.5,0,7
BT-00389,INV-6335,0,195660,10,0.5,0,7
BT-00389,INV-4744,0,1397397,0,0.0,0,7
BT-00389,INV-4850,0,0,24,0.0,0,7
BT-00389,INV-4184,0,1328801,0,0.0,0,7
BT-00390,INV-9338,1,0,0,0.333,0,6
BT-00390,INV-8217,0,755795,0,0.0,0,6
BT-00390,INV-9956,0,28807,1,0.333,0,6
BT-00390,INV-6033,0,763287,0,0.0,0,6
BT-00390,INV-4926,0,0,2,0.0,0,6
BT-00390,INV-6399,0,773070,6,0.333,0,6
BT-00391,INV-8262,0,388413,4,0.0,0,4
BT-00391,INV-2617,0,744903,0,0.0,0,4
BT-00391,INV-2339,1,0,0,0.0,0,4
BT-00391,INV-9265,0,1000359,0,0.0,0,4
BT-00392,INV-3707,0,363776,0,0.0,0,8
BT-00392,INV-6609,0,711202,6,0.333,0,8
BT-00392,INV-4818,0,100,4,0.0,0,8
BT-00392,INV-6237,0,173018,1,0.333,0,8
BT-00392,INV-3755,1,0,0,0.333,0,8
BT-00392,INV-5784,0,1763139,1,0.333,0,8
BT-00392,INV-3207,0,100,5,0.0,0,8
BT-00392,INV-3904,0,183148,0,0.333,0,8
BT-00393,INV-1504,0,100,17,0.0,0,9
BT-00393,INV-5657,0,1757399,20,0.333,0,9
BT-00393,INV-8165,0,19506,0,0.0,0,9
BT-00393,INV-8926,1,0,0,0.333,0,9
BT-00393,INV-9852,0,0,13,0.0,0,9
BT-00393,INV-4485,0,241649,0,0.0,0,9
BT-00393,INV-3572,0,1498850,0,0.0,0,9
BT-00393,INV-1728,0,2036532,6,0.333,0,9
BT-00393,INV-8525,0,0,6,0.0,0,9
BT-00394,INV-8731,1,0,0,0.5,1,7
BT-00394,INV-8871,0,1797660,0,0.2,0,7
BT-00394,INV-1691,0,100,2,0.0,0,7
BT-00394,INV-5080,0,322985,3,0.5,0,7
BT-00394,INV-7059,0,1069533,1,0.5,0,7
BT-00394,INV-4871,0,100,0,0.5,0,7
BT-00394,INV-9725,0,1240,3,0.0,0,7
BT-00395,INV-6190,0,394292,16,0.5,0,7
BT-00395,INV-3345,0,630453,0,0.0,0,7
BT-00395,INV-3129,0,442924,2,0.5,0,7
BT-00395,INV-7057,0,100,4,0.0,0,7
BT-00395,INV-6745,1,0,0,0.5,1,7
BT-00395,INV-5603,0,0,8,0.0,0,7
BT-00395,INV-3118,0,100,4,0.0,0,7
BT-00396,INV-2382,0,100,14,0.0,0,10
BT-00396,INV-1373,1,0,0,0.333,0,10
BT-00396,INV-5679,0,242840,0,0.0,0,10
BT-00396,INV-9012,0,1240,6,0.0,0,10
BT-00396,INV-7308,0,455395,0,0.0,0,10
BT-00396,INV-1454,0,982430,1,0.333,0,10
BT-00396,INV-8712,0,0,10,0.0,0,10
BT-00396,INV-8969,0,405708,0,0.0,0,10
BT-00396,INV-4423,0,100,5,0.0,0,10
BT-00396,INV-1817,0,0,10,0.0,0,10
BT-00397,INV-3886,0,292212,17,0.25,0,8
BT-00397,INV-6003,0,1007591,8,0.25,0,8
BT-00397,INV-2764,0,0,6,0.0,0,8
BT-00397,INV-1505,0,2218485,9,0.25,0,8
BT-00397,INV-4371,0,1371164,6,0.25,0,8
BT-00397,INV-7459,0,1810410,10,0.25,0,8
BT-00397,INV-1928,0,1070699,1,0.25,0,8
BT-00397,INV-9000,1,0,0,0.25,0,8
BT-00398,INV-2669,0,361670,0,0.0,0,4
BT-00398,INV-1498,0,100,3,0.0,0,4
BT-00398,INV-4329,1,0,0,0.25,0,4
BT-00398,INV-3760,0,100,9,0.0,0,4
BT-00399,INV-8310,0,0,10,0.0,0,5
BT-00399,INV-6978,0,840313,5,0.333,0,5
BT-00399,INV-9963,0,0,3,0.0,0,5
BT-00399,INV-4507,1,0,0,0.333,0,5
BT-00399,INV-6439,0,0,3,0.0,0,5
BT-00400,INV-3668,0,977901,5,0.5,0,5
BT-00400,INV-8117,0,957398,0,0.0,0,5
BT-00400,INV-9831,0,100,4,0.0,0,5
BT-00400,INV-7501,0,1797270,9,0.5,0,5
BT-00400,INV-7008,1,0,0,0.5,1,5
BT-00401,INV-8987,1,0,0,0.0,0,5
BT-00401,INV-8397,0,100,8,0.0,0,5
BT-00401,INV-9761,0,176323,0,0.0,0,5
BT-00401,INV-5429,0,100,6,0.0,0,5
BT-00401,INV-1843,0,1499388,0,0.0,0,5
BT-00402,INV-5676,0,926073,0,0.0,0,10
BT-00402,INV-2124,0,0,5,0.0,0,10
BT-00402,INV-2655,1,0,0,0.0,0,10
BT-00402,INV-3039,0,1240,9,0.0,0,10
BT-00402,INV-4279,0,1956394,0,0.0,0,10
BT-00402,INV-4006,0,0,0,0.0,0,10
BT-00402,INV-3368,0,145261,2,0.0,0,10
BT-00402,INV-7389,0,12095,15,0.0,0,10
BT-00402,INV-2045,0,1979354,0,0.0,0,10
BT-00402,INV-9012,0,1627589,0,0.0,0,10
BT-00403,INV-2528,0,311805,0,0.0,0,4
BT-00403,INV-3067,0,491280,0,0.0,0,4
BT-00403,INV-8070,0,1240,9,0.0,0,4
BT-00403,INV-9626,1,0,0,0.0,0,4
BT-00404,INV-5591,0,8858,8,0.0,0,8
BT-00404,INV-8371,0,7518,4,0.0,0,8
BT-00404,INV-1024,0,55548,7,0.0,0,8
BT-00404,INV-3254,0,1106104,10,0.0,0,8
BT-00404,INV-9697,0,1503318,0,0.0,0,8
BT-00404,INV-4880,0,1445991,0,0.0,0,8
BT-00404,INV-8249,1,7618,0,0.0,0,8
BT-00404,INV-9988,0,7618,16,0.0,0,8
BT-00405,INV-8469,0,1046583,0,0.0,0,10
BT-00405,INV-4273,1,0,0,0.0,0,10
BT-00405,INV-6688,0,308879,7,0.0,0,10
BT-00405,INV-5532,0,354681,7,0.0,0,10
BT-00405,INV-3133,0,100,14,0.0,0,10
BT-00405,INV-4581,0,1240,12,0.0,0,10
BT-00405,INV-4748,0,489102,1,0.0,0,10
BT-00405,INV-9970,0,904783,15,0.0,0,10
BT-00405,INV-2398,0,459537,0,0.0,0,10
BT-00405,INV-9745,0,351615,0,0.0,0,10
BT-00406,INV-2424,0,627661,21,0.333,0,4
BT-00406,INV-3203,1,0,0,0.333,0,4
BT-00406,INV-8762,0,1010978,0,0.0,0,4
BT-00406,INV-3680,0,1545747,6,0.333,0,4
BT-00407,INV-7705,0,65192,0,0.0,0,10
BT-00407,INV-6162,0,212365,18,0.25,0,10
BT-00407,INV-8446,0,1829712,1,0.25,0,10
BT-00407,INV-2130,0,110466,0,0.0,0,10
BT-00407,INV-9785,1,0,0,0.25,0,10
BT-00407,INV-5638,0,1108649,0,0.0,0,10
BT-00407,INV-7296,0,0,4,0.0,0,10
BT-00407,INV-2353,0,1855905,1,0.25,0,10
BT-00407,INV-8806,0,100,12,0.0,0,10
BT-00407,INV-3933,0,0,6,0.0,0,10
BT-00408,INV-3876,0,78769,8,0.0,0,4
BT-00408,INV-6270,1,0,0,0.0,0,4
BT-00408,INV-5068,0,443517,2,0.0,0,4
BT-00408,INV-7019,0,1240,4,0.0,0,4
BT-00409,INV-3266,1,214382,0,0.5,1,4
BT-00409,INV-3595,0,1162290,8,0.5,0,4
BT-00409,INV-8040,0,1077797,6,0.5,0,4
BT-00409,INV-5408,0,883397,0,0.0,0,4
BT-00410,INV-9412,0,1081866,23,0.25,0,10
BT-00410,INV-5225,1,0,0,0.25,0,10
BT-00410,INV-4515,0,100,2,0.0,0,10
BT-00410,INV-6327,0,609878,0,0.0,0,10
BT-00410,INV-2546,0,234535,0,0.0,0,10
BT-00410,INV-5510,0,1519967,5,0.25,0,10
BT-00410,INV-8263,0,307964,11,0.25,0,10
BT-00410,INV-7090,0,1240,2,0.0,0,10
BT-00410,INV-1349,0,95385,1,0.25,0,10
BT-00410,INV-3037,0,445551,14,0.25,0,10
BT-00411,INV-4204,0,685587,0,0.0,0,4
BT-00411,INV-9418,0,1673197,0,0.0,0,4
BT-00411,INV-8184,1,0,0,0.25,0,4
BT-00411,INV-3613,0,100,1,0.25,0,4
BT-00412,INV-1535,0,675145,2,0.333,0,8
BT-00412,INV-4499,0,1240,15,0.0,0,8
BT-00412,INV-8498,1,0,0,0.333,0,8
BT-00412,INV-1092,0,684362,10,0.333,0,8
BT-00412,INV-3292,0,654762,3,0.333,0,8
BT-00412,INV-6695,0,305927,0,0.0,0,8
BT-00412,INV-2238,0,1240,2,0.0,0,8
BT-00412,INV-4746,0,543726,11,0.333,0,8
BT-00413,INV-7094,0,33672,2,0.0,0,10
BT-00413,INV-9143,0,35012,6,0.0,0,10
BT-00413,INV-5978,0,1363044,0,0.0,0,10
BT-00413,INV-8717,0,1449231,26,0.5,0,10
BT-00413,INV-7627,0,33872,7,0.0,0,10
BT-00413,INV-4573,0,613486,0,0.0,0,10
BT-00413,INV-1338,0,461671,21,0.5,0,10
BT-00413,INV-4852,1,33772,0,0.5,1,10
BT-00413,INV-8119,0,1506961,0,0.2,0,10
BT-00413,INV-5431,0,1311193,22,0.5,0,10
BT-00414,INV-6195,1,197100,0,0.333,0,5
BT-00414,INV-4135,0,721977,0,0.0,0,5
BT-00414,INV-8485,0,1647765,11,0.333,0,5
BT-00414,INV-9833,0,426500,0,0.0,0,5
BT-00414,INV-5820,0,1530707,0,0.0,0,5
BT-00415,INV-3175,1,0,0,0.333,0,5
BT-00415,INV-9902,0,1489316,0,0.0,0,5
BT-00415,INV-9749,0,100,23,0.0,0,5
BT-00415,INV-2184,0,1507362,0,0.0,0,5
BT-00415,INV-6830,0,0,20,0.0,0,5
BT-00416,INV-7002,1,0,0,0.0,0,4
BT-00416,INV-6394,0,0,11,0.0,0,4
BT-00416,INV-3662,0,100,3,0.0,0,4
BT-00416,INV-3777,0,100,13,0.0,0,4
BT-00417,INV-2914,0,1240,10,0.2,0,9
BT-00417,INV-7513,0,378295,0,0.0,0,9
BT-00417,INV-6263,0,262814,0,0.0,0,9
BT-00417,INV-2224,0,0,7,0.0,0,9
BT-00417,INV-6686,1,0,0,0.5,1,9
BT-00417,INV-6696,0,1449945,0,0.5,0,9
BT-00417,INV-1041,0,376667,0,0.0,0,9
BT-00417,INV-4513,0,1857358,0,0.0,0,9
BT-00417,INV-3522,0,1441796,0,0.0,0,9
BT-00418,INV-7669,0,683456,2,0.25,0,9
BT-00418,INV-9892,1,0,0,0.25,0,9
BT-00418,INV-3176,0,100,5,0.0,0,9
BT-00418,INV-2492,0,260186,2,0.25,0,9
BT-00418,INV-6217,0,1974385,0,0.0,0,9
BT-00418,INV-3719,0,94566,5,0.25,0,9
BT-00418,INV-1003,0,986015,19,0.25,0,9
BT-00418,INV-4152,0,100,8,0.0,0,9
BT-00418,INV-6586,0,100,7,0.0,0,9
BT-00419,INV-6285,0,682642,3,0.333,0,6
BT-00419,INV-9250,0,100,4,0.0,0,6
BT-00419,INV-1914,0,1240,8,0.0,0,6
BT-00419,INV-3018,1,0,0,0.333,0,6
BT-00419,INV-9967,0,1010281,0,0.0,0,6
BT-00419,INV-7024,0,100,2,0.0,0,6
BT-00420,INV-1847,0,2372209,6,0.0,0,9
BT-00420,INV-5347,0,1806624,0,0.0,0,9
BT-00420,INV-5768,0,1037910,2,0.0,0,9
BT-00420,INV-1091,0,1240,11,0.0,0,9
BT-00420,INV-2133,0,100,1,0.0,0,9
BT-00420,INV-2405,0,1665983,20,0.0,0,9
BT-00420,INV-9144,0,100,9,0.0,0,9
BT-00420,INV-4678,1,0,0,0.0,0,9
BT-00420,INV-8526,0,1641759,4,0.0,0,9
BT-00421,INV-9305,0,310942,11,0.333,0,7
BT-00421,INV-9247,1,0,0,0.333,0,7
BT-00421,INV-2965,0,100,13,0.333,0,7
BT-00421,INV-5407,0,2115521,2,0.333,0,7
BT-00421,INV-7337,0,826140,5,0.333,0,7
BT-00421,INV-1921,0,100,3,0.0,0,7
BT-00421,INV-9919,0,1825716,2,0.333,0,7
BT-00422,INV-4878,0,1860035,0,0.2,0,4
BT-00422,INV-3564,0,45756,19,0.0,0,4
BT-00422,INV-7590,1,44516,0,0.5,1,4
BT-00422,INV-5085,0,915197,14,0.5,0,4
BT-00423,INV-4970,0,1542439,0,0.0,0,10
BT-00423,INV-6405,0,259943,0,0.333,0,10
BT-00423,INV-9662,0,100,18,0.0,0,10
BT-00423,INV-3106,0,0,9,0.0,0,10
BT-00423,INV-9122,0,0,4,0.0,0,10
BT-00423,INV-6667,0,1394602,13,0.333,0,10
BT-00423,INV-9240,0,256214,10,0.333,0,10
BT-00423,INV-6712,1,0,0,0.333,0,10
BT-00423,INV-4988,0,154228,0,0.0,0,10
BT-00423,INV-5632,0,514759,24,0.333,0,10
BT-00424,INV-7922,0,157184,21,0.0,0,9
BT-00424,INV-5592,0,310242,0,0.0,0,9
BT-00424,INV-9527,0,521726,0,0.0,0,9
BT-00424,INV-7470,0,490230,24,0.333,0,9
BT-00424,INV-8201,0,157284,6,0.0,0,9
BT-00424,INV-7499,0,157384,25,0.0,0,9
BT-00424,INV-3938,0,157384,15,0.0,0,9
BT-00424,INV-1218,0,81515,0,0.0,0,9
BT-00424,INV-3804,1,157284,0,0.333,0,9
BT-00425,INV-9206,0,189888,0,0.0,0,10
BT-00425,INV-8079,0,358340,12,0.5,0,10
BT-00425,INV-3138,0,281405,8,0.5,0,10
BT-00425,INV-5414,0,47866,0,0.0,0,10
BT-00425,INV-8098,0,0,7,0.0,0,10
BT-00425,INV-6284,1,0,0,0.5,1,10
BT-00425,INV-2227,0,96257,8,0.5,0,10
BT-00425,INV-3204,0,1240,1,0.0,0,10
BT-00425,INV-5295,0,1240,4,0.2,0,10
BT-00425,INV-7866,0,1240,5,0.0,0,10
BT-00426,INV-5970,0,101013,11,0.0,0,5
BT-00426,INV-7683,1,101013,0,0.333,0,5
BT-00426,INV-7241,0,102253,4,0.0,0,5
BT-00426,INV-9832,0,102253,3,0.333,0,5
BT-00426,INV-6272,0,101013,25,0.0,0,5
BT-00427,INV-5696,1,0,0,0.5,1,4
BT-00427,INV-4446,0,100,3,0.0,0,4
BT-00427,INV-7420,0,344091,0,0.0,0,4
BT-00427,INV-4558,0,748509,21,0.5,0,4
BT-00428,INV-4365,0,597825,0,0.0,0,10
BT-00428,INV-6738,0,782333,0,0.0,0,10
BT-00428,INV-8368,0,151225,13,0.0,0,10
BT-00428,INV-3752,0,161967,0,0.0,0,10
BT-00428,INV-5043,0,360966,12,0.0,0,10
BT-00428,INV-2989,1,149985,0,0.0,0,10
BT-00428,INV-5777,0,555859,10,0.0,0,10
BT-00428,INV-5798,0,991461,4,0.0,0,10
BT-00428,INV-5733,0,598381,14,0.0,0,10
BT-00428,INV-8635,0,685606,14,0.0,0,10
BT-00429,INV-8731,0,427779,0,0.0,0,6
BT-00429,INV-8737,0,100,11,0.0,0,6
BT-00429,INV-1337,0,1695925,17,0.333,0,6
BT-00429,INV-8538,0,1240,14,0.0,0,6
BT-00429,INV-6071,1,0,0,0.333,0,6
BT-00429,INV-2704,0,0,21,0.0,0,6
BT-00430,INV-9935,1,0,0,0.333,0,10
BT-00430,INV-6300,0,425305,0,0.333,0,10
BT-00430,INV-8274,0,397610,10,0.333,0,10
BT-00430,INV-5451,0,572341,3,0.333,0,10
BT-00430,INV-1999,0,883245,15,0.333,0,10
BT-00430,INV-7298,0,324444,0,0.0,0,10
BT-00430,INV-8989,0,100,16,0.0,0,10
BT-00430,INV-7344,0,151164,0,0.0,0,10
BT-00430,INV-2019,0,209225,11,0.333,0,10
BT-00430,INV-6761,0,1240,14,0.0,0,10
BT-00431,INV-1465,0,760445,0,0.0,0,8
BT-00431,INV-9456,1,0,0,0.333,0,8
BT-00431,INV-7885,0,100,19,0.0,0,8
BT-00431,INV-1177,0,219893,5,0.333,0,8
BT-00431,INV-2974,0,1695224,0,0.0,0,8
BT-00431,INV-4075,0,1073806,0,0.0,0,8
BT-00431,INV-3636,0,373327,0,0.0,0,8
BT-00431,INV-3212,0,1240,4,0.0,0,8
BT-00432,INV-2877,0,12275,23,0.0,0,6
BT-00432,INV-8078,0,2035776,13,0.333,0,6
BT-00432,INV-6586,1,12375,0,0.333,0,6
BT-00432,INV-1132,0,1052646,1,0.333,0,6
BT-00432,INV-6099,0,796697,16,0.333,0,6
BT-00432,INV-6442,0,885606,21,0.333,0,6
BT-00433,INV-7134,0,100,5,0.0,0,6
BT-00433,INV-6255,0,981536,8,0.333,0,6
BT-00433,INV-9708,0,130959,17,0.333,0,6
BT-00433,INV-9428,1,0,0,0.333,0,6
BT-00433,INV-6759,0,235793,0,0.0,0,6
BT-00433,INV-9300,0,0,7,0.0,0,6
BT-00434,INV-5819,0,1240,24,0.0,0,5
BT-00434,INV-7330,0,510561,20,0.5,0,5
BT-00434,INV-9698,0,27006,0,0.0,0,5
BT-00434,INV-3097,0,978598,15,0.5,0,5
BT-00434,INV-4675,1,0,0,0.5,1,5
BT-00435,INV-5688,0,1491846,0,0.0,0,7
BT-00435,INV-4996,0,0,1,0.0,0,7
BT-00435,INV-4072,0,375812,0,0.25,0,7
BT-00435,INV-9928,0,100,24,0.0,0,7
BT-00435,INV-5618,0,662124,0,0.25,0,7
BT-00435,INV-7260,0,100,23,0.0,0,7
BT-00435,INV-4508,1,0,0,0.667,0,7
BT-00436,INV-9286,1,0,0,0.25,0,7
BT-00436,INV-3402,0,1240,23,0.0,0,7
BT-00436,INV-9591,0,1138590,16,0.25,0,7
BT-00436,INV-4046,0,100,24,0.0,0,7
BT-00436,INV-7225,0,1565662,0,0.0,0,7
BT-00436,INV-8195,0,100,24,0.0,0,7
BT-00436,INV-7906,0,804390,23,0.25,0,7
BT-00437,INV-3323,0,100,7,0.0,0,8
BT-00437,INV-5416,1,0,0,0.5,1,8
BT-00437,INV-4710,0,100,17,0.2,0,8
BT-00437,INV-9557,0,2331676,0,0.2,0,8
BT-00437,INV-7966,0,100,20,0.0,0,8
BT-00437,INV-5313,0,366531,0,0.2,0,8
BT-00437,INV-6094,0,526374,17,0.5,0,8
BT-00437,INV-6695,0,1240,5,0.0,0,8
BT-00438,INV-6143,0,0,7,0.0,0,10
BT-00438,INV-4794,0,709645,20,0.25,0,10
BT-00438,INV-6633,1,0,0,0.25,0,10
BT-00438,INV-7979,0,933001,7,0.25,0,10
BT-00438,INV-3191,0,100,24,0.0,0,10
BT-00438,INV-1570,0,1240,20,0.0,0,10
BT-00438,INV-8776,0,320560,0,0.0,0,10
BT-00438,INV-5124,0,664031,23,0.25,0,10
BT-00438,INV-4156,0,1055031,0,0.0,0,10
BT-00438,INV-8693,0,691000,14,0.25,0,10
BT-00439,INV-8520,1,160214,0,0.25,0,9
BT-00439,INV-4545,0,986863,15,0.25,0,9
BT-00439,INV-6298,0,160114,11,0.0,0,9
BT-00439,INV-5982,0,635280,0,0.0,0,9
BT-00439,INV-2621,0,160114,2,0.0,0,9
BT-00439,INV-9234,0,586834,2,0.25,0,9
BT-00439,INV-6235,0,160214,4,0.25,0,9
BT-00439,INV-4391,0,160214,15,0.0,0,9
BT-00439,INV-6522,0,1078829,3,0.25,0,9
BT-00440,INV-9681,0,1240,2,0.0,0,5
BT-00440,INV-7780,0,0,8,0.0,0,5
BT-00440,INV-6973,1,0,0,0.5,1,5
BT-00440,INV-1273,0,0,2,0.0,0,5
BT-00440,INV-3882,0,520125,5,0.5,0,5
BT-00441,INV-4731,0,318913,8,0.25,0,9
BT-00441,INV-8337,0,100,23,0.0,0,9
BT-00441,INV-8028,0,1325833,0,0.0,0,9
BT-00441,INV-3030,0,1228481,14,0.25,0,9
BT-00441,INV-7205,0,188969,0,0.0,0,9
BT-00441,INV-7928,0,1662179,13,0.25,0,9
BT-00441,INV-4254,0,1812679,0,0.0,0,9
BT-00441,INV-3391,0,1270422,4,0.25,0,9
BT-00441,INV-2948,1,0,0,0.25,0,9
BT-00442,INV-4775,0,1221763,0,0.0,0,9
BT-00442,INV-9143,0,360320,0,0.0,0,9
BT-00442,INV-4003,1,0,0,0.0,0,9
BT-00442,INV-3460,0,373330,0,0.0,0,9
BT-00442,INV-6335,0,619843,22,0.0,0,9
BT-00442,INV-2594,0,1199044,0,0.0,0,9
BT-00442,INV-4096,0,1240,2,0.0,0,9
BT-00442,INV-4112,0,130826,16,0.0,0,9
BT-00442,INV-9457,0,1341816,5,0.0,0,9
BT-00443,INV-3666,0,1149481,3,0.5,0,7
BT-00443,INV-4182,0,939631,0,0.0,0,7
BT-00443,INV-8086,0,585649,1,0.5,0,7
BT-00443,INV-2709,0,1240,12,0.0,0,7
BT-00443,INV-5714,0,250097,0,0.2,0,7
BT-00443,INV-8023,0,1240,1,0.0,0,7
BT-00443,INV-6748,1,0,0,0.5,1,7
BT-00444,INV-3064,0,159402,0,0.0,0,10
BT-00444,INV-5948,1,0,0,0.333,0,10
BT-00444,INV-7173,0,896202,0,0.0,0,10
BT-00444,INV-4681,0,100,8,0.333,0,10
BT-00444,INV-5295,0,1085479,8,0.333,0,10
BT-00444,INV-8219,0,100,6,0.333,0,10
BT-00444,INV-4891,0,693863,0,0.0,0,10
BT-00444,INV-5883,0,1416743,16,0.333,0,10
BT-00444,INV-4816,0,812235,0,0.333,0,10
BT-00444,INV-2670,0,711666,19,0.333,0,10
BT-00445,INV-6154,1,0,0,0.25,0,6
BT-00445,INV-5183,0,33619,7,0.25,0,6
BT-00445,INV-7119,0,460716,13,0.25,0,6
BT-00445,INV-5257,0,100,1,0.0,0,6
BT-00445,INV-3092,0,820805,0,0.0,0,6
BT-00445,INV-4218,0,213258,7,0.25,0,6
BT-00446,INV-6832,0,119525,14,0.0,0,6
BT-00446,INV-2391,0,263922,18,0.5,0,6
BT-00446,INV-2530,0,147097,0,0.0,0,6
BT-00446,INV-7878,1,118285,0,0.5,1,6
BT-00446,INV-3462,0,118285,6,0.0,0,6
BT-00446,INV-4224,0,513360,0,0.2,0,6
BT-00447,INV-6746,0,849844,0,0.0,0,9
BT-00447,INV-2346,1,0,0,0.25,0,9
BT-00447,INV-1956,0,100,7,0.0,0,9
BT-00447,INV-1068,0,1352648,1,0.25,0,9
BT-00447,INV-8401,0,338075,0,0.0,0,9
BT-00447,INV-4234,0,343280,0,0.0,0,9
BT-00447,INV-4620,0,84459,24,0.25,0,9
BT-00447,INV-1291,0,1240,15,0.0,0,9
BT-00447,INV-4639,0,1240,10,0.0,0,9
BT-00448,INV-6473,0,569998,4,0.0,0,8
BT-00448,INV-5250,0,100,1,0.0,0,8
BT-00448,INV-3242,1,0,0,0.0,0,8
BT-00448,INV-7026,0,1240,7,0.0,0,8
BT-00448,INV-4111,0,1285836,9,0.0,0,8
BT-00448,INV-9231,0,1164452,0,0.0,0,8
BT-00448,INV-6351,0,1250146,1,0.0,0,8
BT-00448,INV-4326,0,239020,0,0.0,0,8
BT-00449,INV-9266,0,672874,0,0.0,0,4
BT-00449,INV-1192,1,0,0,0.0,0,4
BT-00449,INV-6117,0,901629,0,0.0,0,4
BT-00449,INV-7040,0,225719,0,0.0,0,4
BT-00450,INV-1563,0,100,11,0.0,0,10
BT-00450,INV-5529,0,115033,0,0.0,0,10
BT-00450,INV-2029,0,1620909,0,0.0,0,10
BT-00450,INV-9431,0,1240,5,0.0,0,10
BT-00450,INV-8312,0,1777478,0,0.0,0,10
BT-00450,INV-9777,0,2110744,0,0.0,0,10
BT-00450,INV-6675,0,772995,0,0.0,0,10
BT-00450,INV-1834,1,0,0,0.5,1,10
BT-00450,INV-7361,0,0,13,0.0,0,10
BT-00450,INV-1925,0,1273252,0,0.0,0,10
BT-00451,INV-6711,0,654556,0,0.0,0,6
BT-00451,INV-4409,1,0,0,0.5,1,6
BT-00451,INV-7920,0,316000,9,0.5,0,6
BT-00451,INV-8571,0,0,1,0.0,0,6
BT-00451,INV-4128,0,100,13,0.0,0,6
BT-00451,INV-2085,0,1240,12,0.0,0,6
BT-00452,INV-4497,0,621862,12,0.5,0,4
BT-00452,INV-5946,0,1663901,8,0.5,0,4
BT-00452,INV-9140,0,755216,0,0.0,0,4
BT-00452,INV-5012,1,0,0,0.5,1,4
BT-00453,INV-6258,0,1057137,0,0.0,0,8
BT-00453,INV-5015,0,1240,6,0.0,0,8
BT-00453,INV-2056,0,1528687,8,0.25,0,8
BT-00453,INV-7036,0,1240,17,0.0,0,8
BT-00453,INV-2065,0,1055585,3,0.25,0,8
BT-00453,INV-2072,1,0,0,0.25,0,8
BT-00453,INV-6224,0,757410,2,0.25,0,8
BT-00453,INV-6496,0,100,1,0.25,0,8
BT-00454,INV-9572,0,1184051,14,0.333,0,6
BT-00454,INV-7935,0,1368544,0,0.333,0,6
BT-00454,INV-1260,0,100,1,0.0,0,6
BT-00454,INV-8311,0,1939534,0,0.0,0,6
BT-00454,INV-3885,0,100,0,0.0,0,6
BT-00454,INV-2110,1,0,0,0.333,0,6
BT-00455,INV-5209,1,0,0,0.5,1,9
BT-00455,INV-6379,0,501893,6,0.5,0,9
BT-00455,INV-6306,0,39302,0,0.0,0,9
BT-00455,INV-1606,0,100,3,0.0,0,9
BT-00455,INV-5319,0,0,14,0.0,0,9
BT-00455,INV-2726,0,0,8,0.0,0,9
BT-00455,INV-8429,0,1427984,0,0.0,0,9
BT-00455,INV-3810,0,316254,12,0.5,0,9
BT-00455,INV-6788,0,461962,9,0.5,0,9
BT-00456,INV-4814,0,0,23,0.0,0,10
BT-00456,INV-1117,0,100,0,0.0,0,10
BT-00456,INV-9469,0,218200,24,0.0,0,10
BT-00456,INV-9609,0,1063537,19,0.0,0,10
BT-00456,INV-6707,0,0,7,0.0,0,10
BT-00456,INV-2153,0,164635,0,0.0,0,10
BT-00456,INV-5249,1,0,0,0.0,0,10
BT-00456,INV-4910,0,522649,0,0.0,0,10
BT-00456,INV-3918,0,100,8,0.0,0,10
BT-00456,INV-3797,0,954749,5,0.0,0,10
BT-00457,INV-6801,1,0,0,0.25,0,6
BT-00457,INV-1768,0,210020,0,0.0,0,6
BT-00457,INV-8765,0,30411,5,0.25,0,6
BT-00457,INV-7270,0,662128,0,0.0,0,6
BT-00457,INV-5504,0,158596,0,0.0,0,6
BT-00457,INV-5756,0,1637145,14,0.25,0,6
BT-00458,INV-2389,0,1543575,19,0.25,0,4
BT-00458,INV-9964,0,798098,15,0.25,0,4
BT-00458,INV-9482,1,0,0,0.25,0,4
BT-00458,INV-9710,0,811561,0,0.0,0,4
BT-00459,INV-1778,0,805719,0,0.0,0,9
BT-00459,INV-7402,0,1063546,7,0.5,0,9
BT-00459,INV-3176,0,2299815,0,0.0,0,9
BT-00459,INV-4447,0,98626,0,0.0,0,9
BT-00459,INV-8664,0,1084075,0,0.2,0,9
BT-00459,INV-5824,0,1642898,0,0.0,0,9
BT-00459,INV-9468,0,1298222,0,0.0,0,9
BT-00459,INV-6157,1,0,0,0.5,1,9
BT-00459,INV-3219,0,1796106,0,0.2,0,9
BT-00460,INV-9938,0,64477,22,0.0,0,4
BT-00460,INV-3333,0,3225,0,0.0,0,4
BT-00460,INV-4515,0,1668406,9,0.0,0,4
BT-00460,INV-6126,1,0,0,0.0,0,4
BT-00461,INV-3615,0,292226,1,0.0,0,4
BT-00461,INV-5864,1,0,0,0.0,0,4
BT-00461,INV-2445,0,100,19,0.0,0,4
BT-00461,INV-2884,0,1071596,0,0.0,0,4
BT-00462,INV-1070,1,0,0,0.333,0,6
BT-00462,INV-2655,0,100,5,0.0,0,6
BT-00462,INV-2213,0,76382,6,0.333,0,6
BT-00462,INV-6112,0,588404,12,0.333,0,6
BT-00462,INV-5473,0,350082,14,0.333,0,6
BT-00462,INV-7165,0,1414581,10,0.333,0,6
BT-00463,INV-3469,0,100,6,0.0,0,10
BT-00463,INV-2763,0,1240,10,0.0,0,10
BT-00463,INV-9876,0,0,12,0.2,0,10
BT-00463,INV-8121,0,0,9,0.0,0,10
BT-00463,INV-2771,0,550237,5,0.5,0,10
BT-00463,INV-7841,0,539586,13,0.5,0,10
BT-00463,INV-1577,0,706614,0,0.2,0,10
BT-00463,INV-7911,1,0,0,0.5,1,10
BT-00463,INV-8728,0,100,9,0.0,0,10
BT-00463,INV-4241,0,1240,13,0.0,0,10
BT-00464,INV-2492,1,0,0,0.667,0,4
BT-00464,INV-2590,0,86096,6,0.667,0,4
BT-00464,INV-2677,0,125725,3,0.667,0,4
BT-00464,INV-7661,0,1240,1,0.0,0,4
BT-00465,INV-6660,0,1436843,0,0.0,0,5
BT-00465,INV-2538,0,0,3,0.0,0,5
BT-00465,INV-5255,0,56207,0,0.0,0,5
BT-00465,INV-7918,0,100,16,0.0,0,5
BT-00465,INV-7758,1,0,0,0.0,0,5
BT-00466,INV-3591,0,0,4,0.333,0,6
BT-00466,INV-1332,0,1919008,16,0.333,0,6
BT-00466,INV-6612,0,100,7,0.0,0,6
BT-00466,INV-5319,0,349865,10,0.333,0,6
BT-00466,INV-7358,1,0,0,0.333,0,6
BT-00466,INV-1063,0,100,15,0.0,0,6
BT-00467,INV-2381,0,0,10,0.0,0,5
BT-00467,INV-7986,0,1544341,0,0.0,0,5
BT-00467,INV-7952,0,939656,23,0.333,0,5
BT-00467,INV-1136,1,0,0,0.333,0,5
BT-00467,INV-2598,0,1077449,9,0.333,0,5
BT-00468,INV-6104,0,0,4,0.0,0,8
BT-00468,INV-7277,0,1140312,0,0.0,0,8
BT-00468,INV-2698,0,1251984,0,0.0,0,8
BT-00468,INV-1679,0,0,16,0.0,0,8
BT-00468,INV-9597,0,945777,0,0.0,0,8
BT-00468,INV-6221,1,0,0,0.0,0,8
BT-00468,INV-5058,0,552229,0,0.0,0,8
BT-00468,INV-2724,0,1240,16,0.0,0,8
BT-00469,INV-7329,0,1440725,0,0.0,0,9
BT-00469,INV-3016,1,0,0,0.333,0,9
BT-00469,INV-7899,0,172444,3,0.333,0,9
BT-00469,INV-1829,0,0,2,0.0,0,9
BT-00469,INV-8049,0,1240,2,0.333,0,9
BT-00469,INV-8409,0,1194596,15,0.333,0,9
BT-00469,INV-8761,0,1986603,11,0.333,0,9
BT-00469,INV-8328,0,0,9,0.0,0,9
BT-00469,INV-2664,0,100,21,0.0,0,9
BT-00470,INV-7226,0,0,3,0.0,0,6
BT-00470,INV-8075,0,0,3,0.0,0,6
BT-00470,INV-9863,0,1030845,0,0.0,0,6
BT-00470,INV-9635,1,0,0,0.0,0,6
BT-00470,INV-1812,0,160774,9,0.0,0,6
BT-00470,INV-6823,0,0,7,0.0,0,6
BT-00471,INV-1347,0,726320,3,0.25,0,10
BT-00471,INV-3665,0,487008,25,0.25,0,10
BT-00471,INV-9171,0,1122876,0,0.0,0,10
BT-00471,INV-7456,1,0,0,0.25,0,10
BT-00471,INV-4491,0,464778,0,0.0,0,10
BT-00471,INV-1855,0,395006,0,0.25,0,10
BT-00471,INV-1640,0,100,25,0.25,0,10
BT-00471,INV-3095,0,738343,7,0.25,0,10
BT-00471,INV-6350,0,1240,15,0.25,0,10
BT-00471,INV-6256,0,0,26,0.25,0,10
BT-00472,INV-6879,1,40911,0,0.333,0,5
BT-00472,INV-4458,0,40911,23,0.0,0,5
BT-00472,INV-8375,0,1981380,0,0.0,0,5
BT-00472,INV-7313,0,40811,12,0.0,0,5
BT-00472,INV-8730,0,41011,1,0.0,0,5
BT-00473,INV-2690,0,954344,10,0.0,0,9
BT-00473,INV-7155,0,100,5,0.0,0,9
BT-00473,INV-8769,0,100,17,0.0,0,9
BT-00473,INV-6745,0,1240,23,0.0,0,9
BT-00473,INV-8646,0,904864,0,0.0,0,9
BT-00473,INV-5733,0,100,22,0.0,0,9
BT-00473,INV-4323,1,0,0,0.0,0,9
BT-00473,INV-7938,0,1240,14,0.0,0,9
BT-00473,INV-8568,0,1240,1,0.0,0,9
BT-00474,INV-1886,1,0,0,0.25,0,8
BT-00474,INV-9003,0,1240,9,0.0,0,8
BT-00474,INV-4009,0,546024,2,0.25,0,8
BT-00474,INV-7196,0,0,7,0.0,0,8
BT-00474,INV-6312,0,401603,0,0.0,0,8
BT-00474,INV-5024,0,38887,20,0.25,0,8
BT-00474,INV-2537,0,592152,7,0.25,0,8
BT-00474,INV-7104,0,424768,0,0.0,0,8
BT-00475,INV-7559,1,0,0,0.25,0,4
BT-00475,INV-7710,0,0,12,0.0,0,4
BT-00475,INV-5914,0,1038232,0,0.0,0,4
BT-00475,INV-3653,0,457922,2,0.25,0,4
BT-00476,INV-3647,0,1240,13,0.25,0,5
BT-00476,INV-7563,0,100,27,0.25,0,5
BT-00476,INV-5730,1,0,0,0.25,0,5
BT-00476,INV-2943,0,100,3,0.0,0,5
BT-00476,INV-1390,0,1012081,23,0.25,0,5
BT-00477,INV-8859,1,0,0,0.25,0,6
BT-00477,INV-9311,0,1224451,0,0.25,0,6
BT-00477,INV-6678,0,983619,10,0.25,0,6
BT-00477,INV-5821,0,1240,11,0.25,0,6
BT-00477,INV-9205,0,715099,0,0.0,0,6
BT-00477,INV-4661,0,1240,2,0.0,0,6
BT-00478,INV-8727,0,753003,13,0.667,0,9
BT-00478,INV-9562,0,1115668,17,0.667,0,9
BT-00478,INV-4821,0,120945,14,0.667,0,9
BT-00478,INV-2080,1,0,0,0.667,0,9
BT-00478,INV-2400,0,0,2,0.25,0,9
BT-00478,INV-2335,0,100,16,0.0,0,9
BT-00478,INV-7880,0,1240,2,0.0,0,9
BT-00478,INV-6097,0,0,6,0.0,0,9
BT-00478,INV-1565,0,872056,0,0.25,0,9
BT-00479,INV-2414,0,0,8,0.0,0,10
BT-00479,INV-9458,0,1528786,7,0.5,0,10
BT-00479,INV-2589,0,1207124,0,0.2,0,10
BT-00479,INV-5394,0,2103829,6,0.5,0,10
BT-00479,INV-6850,0,2254316,6,0.5,0,10
BT-00479,INV-2708,0,511180,0,0.0,0,10
BT-00479,INV-3451,0,411449,0,0.0,0,10
BT-00479,INV-2528,0,2375415,0,0.0,0,10
BT-00479,INV-8087,0,100,11,0.0,0,10
BT-00479,INV-2125,1,0,0,0.5,1,10
BT-00480,INV-7884,0,100,2,0.0,0,8
BT-00480,INV-2642,0,194016,6,0.333,0,8
BT-00480,INV-4700,1,0,0,0.333,0,8
BT-00480,INV-4390,0,1540031,1,0.333,0,8
BT-00480,INV-2607,0,100,3,0.0,0,8
BT-00480,INV-9117,0,100,9,0.0,0,8
BT-00480,INV-1832,0,100,3,0.0,0,8
BT-00480,INV-9497,0,1789541,11,0.333,0,8
BT-00481,INV-5736,0,100,10,0.0,0,10
BT-00481,INV-4602,0,561348,14,0.0,0,10
BT-00481,INV-6541,0,218227,19,0.0,0,10
BT-00481,INV-3613,0,727890,0,0.0,0,10
BT-00481,INV-9254,0,2096177,0,0.0,0,10
BT-00481,INV-8025,0,100,15,0.0,0,10
BT-00481,INV-2022,0,1723384,0,0.0,0,10
BT-00481,INV-7191,0,1299952,8,0.0,0,10
BT-00481,INV-3833,1,0,0,0.0,0,10
BT-00481,INV-8697,0,71127,10,0.0,0,10
BT-00482,INV-4340,0,299758,0,0.0,0,4
BT-00482,INV-5639,1,0,0,0.0,0,4
BT-00482,INV-1263,0,558269,19,0.0,0,4
BT-00482,INV-8671,0,100,5,0.0,0,4
BT-00483,INV-2149,0,328938,0,0.0,0,9
BT-00483,INV-5383,0,436365,14,0.0,0,9
BT-00483,INV-4576,0,682294,0,0.0,0,9
BT-00483,INV-9403,0,58159,0,0.0,0,9
BT-00483,INV-8897,0,147446,8,0.0,0,9
BT-00483,INV-5938,0,100,3,0.0,0,9
BT-00483,INV-8594,1,0,0,0.0,0,9
BT-00483,INV-5473,0,499317,0,0.0,0,9
BT-00483,INV-4296,0,793119,0,0.0,0,9
BT-00484,INV-6963,0,215905,1,0.0,0,7
BT-00484,INV-4881,0,518539,0,0.0,0,7
BT-00484,INV-3638,0,1158052,11,0.0,0,7
BT-00484,INV-4582,1,215905,0,0.0,0,7
BT-00484,INV-8391,0,1645117,0,0.0,0,7
BT-00484,INV-9983,0,215905,10,0.0,0,7
BT-00484,INV-9588,0,1090018,0,0.0,0,7
BT-00485,INV-8177,0,635157,6,0.5,0,4
BT-00485,INV-8193,0,100,3,0.0,0,4
BT-00485,INV-4788,1,0,0,0.5,1,4
BT-00485,INV-2027,0,100,11,0.0,0,4
BT-00486,INV-6122,0,1240,2,0.0,0,4
BT-00486,INV-7427,0,1240,5,0.0,0,4
BT-00486,INV-9360,1,0,0,0.25,0,4
BT-00486,INV-9529,0,1240,15,0.25,0,4
BT-00487,INV-1409,0,837504,0,0.333,0,4
BT-00487,INV-2985,1,59055,0,0.333,0,4
BT-00487,INV-5510,0,58955,8,0.0,0,4
BT-00487,INV-6067,0,1818111,0,0.0,0,4
BT-00488,INV-2021,0,293631,0,0.0,0,9
BT-00488,INV-7550,0,100,3,0.0,0,9
BT-00488,INV-1216,0,829262,19,0.25,0,9
BT-00488,INV-3635,0,595496,1,0.25,0,9
BT-00488,INV-8256,0,0,2,0.25,0,9
BT-00488,INV-2438,1,0,0,0.25,0,9
BT-00488,INV-7247,0,585017,2,0.25,0,9
BT-00488,INV-5636,0,100,4,0.0,0,9
BT-00488,INV-5713,0,100,8,0.0,0,9
BT-00489,INV-3987,0,0,14,0.0,0,5
BT-00489,INV-2167,0,0,4,0.0,0,5
BT-00489,INV-4981,1,0,0,0.333,0,5
BT-00489,INV-8333,0,100,5,0.0,0,5
BT-00489,INV-5887,0,541092,12,0.333,0,5
BT-00490,INV-9543,0,1116916,0,0.0,0,9
BT-00490,INV-8002,0,100,1,0.0,0,9
BT-00490,INV-5329,1,0,0,0.0,0,9
BT-00490,INV-2242,0,2107073,6,0.0,0,9
BT-00490,INV-4321,0,2188877,0,0.0,0,9
BT-00490,INV-8814,0,1243703,14,0.0,0,9
BT-00490,INV-8439,0,100,8,0.0,0,9
BT-00490,INV-8298,0,800739,6,0.0,0,9
BT-00490,INV-2978,0,100,17,0.0,0,9
BT-00491,INV-9619,0,889197,0,0.0,0,4
BT-00491,INV-8274,1,0,0,0.25,0,4
BT-00491,INV-1478,0,100,5,0.0,0,4
BT-00491,INV-5060,0,0,22,0.0,0,4
BT-00492,INV-3476,0,100,15,0.0,0,8
BT-00492,INV-3300,0,359832,12,0.5,0,8
BT-00492,INV-9675,1,0,0,0.5,1,8
BT-00492,INV-8718,0,1046743,6,0.5,0,8
BT-00492,INV-8686,0,0,14,0.0,0,8
BT-00492,INV-3119,0,699437,0,0.0,0,8
BT-00492,INV-6503,0,0,11,0.2,0,8
BT-00492,INV-3015,0,617062,9,0.5,0,8
BT-00493,INV-1280,0,1111871,6,0.5,0,6
BT-00493,INV-1667,0,379075,13,0.5,0,6
BT-00493,INV-8033,1,0,0,0.5,1,6
BT-00493,INV-7524,0,507095,2,0.5,0,6
BT-00493,INV-2032,0,834681,10,0.5,0,6
BT-00493,INV-9152,0,0,5,0.2,0,6
BT-00494,INV-6283,0,100,1,0.0,0,6
BT-00494,INV-8154,0,1240,7,0.0,0,6
BT-00494,INV-6656,0,196934,0,0.0,0,6
BT-00494,INV-9041,1,0,0,0.25,0,6
BT-00494,INV-8482,0,602413,18,0.25,0,6
BT-00494,INV-2128,0,1259107,0,0.0,0,6
BT-00495,INV-8879,0,100,7,0.0,0,6
BT-00495,INV-4284,0,100,6,0.2,0,6
BT-00495,INV-8920,1,0,0,0.5,1,6
BT-00495,INV-2454,0,0,7,0.0,0,6
BT-00495,INV-3351,0,177598,6,0.5,0,6
BT-00495,INV-5324,0,0,19,0.0,0,6
BT-00496,INV-9008,0,400530,16,0.25,0,5
BT-00496,INV-7306,1,201135,0,0.25,0,5
BT-00496,INV-4840,0,202375,3,0.0,0,5
BT-00496,INV-6811,0,448014,14,0.25,0,5
BT-00496,INV-3994,0,202375,3,0.25,0,5
BT-00497,INV-2890,0,653247,9,0.5,0,6
BT-00497,INV-9728,1,0,0,0.5,1,6
BT-00497,INV-2093,0,16792,18,0.5,0,6
BT-00497,INV-2589,0,1547555,0,0.2,0,6
BT-00497,INV-7219,0,214921,2,0.5,0,6
BT-00497,INV-8010,0,1240,7,0.0,0,6
BT-00498,INV-9375,0,1240,3,0.0,0,9
BT-00498,INV-4001,0,747872,0,0.0,0,9
BT-00498,INV-8233,0,101927,4,0.25,0,9
BT-00498,INV-5237,0,1240,18,0.0,0,9
BT-00498,INV-9233,0,1020613,0,0.0,0,9
BT-00498,INV-7785,0,0,1,0.0,0,9
BT-00498,INV-4625,0,767016,0,0.0,0,9
BT-00498,INV-9713,0,510913,4,0.25,0,9
BT-00498,INV-2633,1,0,0,0.25,0,9
BT-00499,INV-4846,0,457696,0,0.0,0,9
BT-00499,INV-3284,0,1909011,0,0.0,0,9
BT-00499,INV-7968,0,63055,0,0.0,0,9
BT-00499,INV-3447,0,1178101,0,0.0,0,9
BT-00499,INV-2091,0,1617285,0,0.0,0,9
BT-00499,INV-7353,0,0,0,0.0,0,9
BT-00499,INV-4407,1,0,0,0.25,0,9
BT-00499,INV-6130,0,0,11,0.25,0,9
BT-00499,INV-8262,0,100,21,0.0,0,9
BT-00500,INV-2670,1,0,0,0.0,0,4
BT-00500,INV-5661,0,659412,0,0.0,0,4
BT-00500,INV-1061,0,43681,8,0.0,0,4
BT-00500,INV-5968,0,100,2,0.0,0,4
BT-00501,INV-2953,1,0,0,0.0,0,8
BT-00501,INV-7379,0,100,2,0.0,0,8
BT-00501,INV-7803,0,669662,6,0.0,0,8
BT-00501,INV-1734,0,1470460,16,0.0,0,8
BT-00501,INV-2169,0,1240,16,0.0,0,8
BT-00501,INV-8530,0,149569,7,0.0,0,8
BT-00501,INV-6877,0,1240,3,0.0,0,8
BT-00501,INV-2246,0,100,9,0.0,0,8
BT-00502,INV-5063,0,0,6,0.0,0,8
BT-00502,INV-5068,0,2017741,1,0.5,0,8
BT-00502,INV-7862,1,0,0,0.5,1,8
BT-00502,INV-2664,0,1668037,0,0.0,0,8
BT-00502,INV-4145,0,1269734,14,0.5,0,8
BT-00502,INV-1995,0,100,6,0.0,0,8
BT-00502,INV-9279,0,1146004,0,0.0,0,8
BT-00502,INV-2211,0,898195,0,0.2,0,8
BT-00503,INV-1907,1,0,0,0.0,0,6
BT-00503,INV-3864,0,0,5,0.0,0,6
BT-00503,INV-4611,0,100,26,0.0,0,6
BT-00503,INV-1178,0,1719606,0,0.0,0,6
BT-00503,INV-1779,0,1394890,9,0.0,0,6
BT-00503,INV-2923,0,935573,0,0.0,0,6
BT-00504,INV-1715,1,0,0,0.0,0,5
BT-00504,INV-7434,0,689990,0,0.0,0,5
BT-00504,INV-9953,0,100,17,0.0,0,5
BT-00504,INV-8182,0,164661,0,0.0,0,5
BT-00504,INV-3555,0,1534248,13,0.0,0,5
BT-00505,INV-6047,0,100,3,0.25,0,10
BT-00505,INV-4855,1,0,0,0.25,0,10
BT-00505,INV-4080,0,476389,5,0.25,0,10
BT-00505,INV-6750,0,470250,0,0.0,0,10
BT-00505,INV-6073,0,1018883,16,0.25,0,10
BT-00505,INV-3291,0,882336,2,0.25,0,10
BT-00505,INV-1690,0,1240,4,0.0,0,10
BT-00505,INV-2914,0,100,19,0.0,0,10
BT-00505,INV-3490,0,841159,12,0.25,0,10
BT-00505,INV-2665,0,107846,0,0.0,0,10
BT-00506,INV-5438,0,1240,8,0.0,0,9
BT-00506,INV-5137,0,100,9,0.0,0,9
BT-00506,INV-2763,0,0,12,0.0,0,9
BT-00506,INV-5226,0,443840,0,0.0,0,9
BT-00506,INV-7654,0,0,16,0.0,0,9
BT-00506,INV-3048,0,1764724,9,0.0,0,9
BT-00506,INV-1165,1,0,0,0.0,0,9
BT-00506,INV-8913,0,1240,13,0.0,0,9
BT-00506,INV-6790,0,914917,0,0.0,0,9
BT-00507,INV-3702,1,0,0,0.667,0,6
BT-00507,INV-5817,0,1205749,6,0.667,0,6
BT-00507,INV-9290,0,855884,0,0.25,0,6
BT-00507,INV-8225,0,133279,0,0.0,0,6
BT-00507,INV-1383,0,100,3,0.667,0,6
BT-00507,INV-8982,0,0,8,0.0,0,6
BT-00508,INV-4877,0,1240,13,0.25,0,5
BT-00508,INV-8916,0,711305,0,0.0,0,5
BT-00508,INV-7220,0,970672,24,0.25,0,5
BT-00508,INV-1669,1,0,0,0.25,0,5
BT-00508,INV-8070,0,0,21,0.0,0,5
BT-00509,INV-3291,0,1240,4,0.0,0,7
BT-00509,INV-4277,0,330228,9,0.5,0,7
BT-00509,INV-3672,0,551406,15,0.5,0,7
BT-00509,INV-8648,0,100,14,0.0,0,7
BT-00509,INV-8258,0,700541,0,0.0,0,7
BT-00509,INV-4084,0,119651,2,0.5,0,7
BT-00509,INV-8109,1,0,0,0.5,1,7
BT-00510,INV-5873,1,70615,0,0.5,1,6
BT-00510,INV-2968,0,1500492,0,0.0,0,6
BT-00510,INV-5397,0,929511,0,0.0,0,6
BT-00510,INV-4076,0,114805,25,0.5,0,6
BT-00510,INV-1583,0,273262,0,0.0,0,6
BT-00510,INV-2588,0,70615,1,0.0,0,6
BT-00511,INV-5836,0,1240,18,0.0,0,10
BT-00511,INV-9795,0,100,2,0.0,0,10
BT-00511,INV-1540,0,100,19,0.25,0,10
BT-00511,INV-8626,0,100,5,0.0,0,10
BT-00511,INV-1210,0,371040,0,0.0,0,10
BT-00511,INV-4701,0,154228,23,0.25,0,10
BT-00511,INV-6934,0,0,3,0.0,0,10
BT-00511,INV-3776,0,0,16,0.0,0,10
BT-00511,INV-8176,1,0,0,0.25,0,10
BT-00511,INV-5257,0,1480097,0,0.0,0,10
BT-00512,INV-2514,1,0,0,0.333,0,4
BT-00512,INV-6090,0,1240,5,0.0,0,4
BT-00512,INV-6323,0,882708,6,0.333,0,4
BT-00512,INV-6910,0,1358279,0,0.333,0,4
BT-00513,INV-7894,0,700258,7,0.25,0,6
BT-00513,INV-1527,0,1240,19,0.0,0,6
BT-00513,INV-3262,0,44965,0,0.0,0,6
BT-00513,INV-7931,0,100,8,0.0,0,6
BT-00513,INV-7218,1,0,0,0.25,0,6
BT-00513,INV-9378,0,508230,8,0.25,0,6
BT-00514,INV-2100,0,346187,18,0.5,0,5
BT-00514,INV-2597,0,1240,2,0.0,0,5
BT-00514,INV-2424,0,1045904,0,0.0,0,5
BT-00514,INV-2089,0,646386,24,0.5,0,5
BT-00514,INV-2285,1,0,0,0.5,1,5
BT-00515,INV-8414,0,2068159,0,0.0,0,10
BT-00515,INV-2935,0,707751,11,0.333,0,10
BT-00515,INV-9581,0,167931,0,0.0,0,10
BT-00515,INV-3221,0,650685,0,0.333,0,10
BT-00515,INV-8103,0,2177381,16,0.333,0,10
BT-00515,INV-7037,1,0,0,0.333,0,10
BT-00515,INV-8985,0,146267,0,0.0,0,10
BT-00515,INV-3236,0,1240,0,0.0,0,10
BT-00515,INV-5571,0,198740,0,0.0,0,10
BT-00515,INV-2846,0,1466245,4,0.333,0,10
BT-00516,INV-3746,0,1091905,21,0.5,0,5
BT-00516,INV-8705,1,0,0,0.5,1,5
BT-00516,INV-2810,0,100,5,0.0,0,5
BT-00516,INV-9376,0,0,11,0.0,0,5
BT-00516,INV-3450,0,100,4,0.0,0,5
BT-00517,INV-5363,1,0,0,0.25,0,10
BT-00517,INV-7904,0,13380,0,0.0,0,10
BT-00517,INV-8649,0,1557320,0,0.0,0,10
BT-00517,INV-6450,0,100,3,0.0,0,10
BT-00517,INV-8304,0,400539,0,0.0,0,10
BT-00517,INV-9687,0,1240,12,0.0,0,10
BT-00517,INV-6754,0,1250234,4,0.25,0,10
BT-00517,INV-8130,0,100,5,0.0,0,10
BT-00517,INV-4566,0,868314,5,0.25,0,10
BT-00517,INV-6633,0,1240,7,0.0,0,10
BT-00518,INV-9346,0,128673,0,0.0,0,9
BT-00518,INV-8799,0,100,9,0.0,0,9
BT-00518,INV-9052,0,0,0,0.0,0,9
BT-00518,INV-7811,0,0,12,0.0,0,9
BT-00518,INV-4269,0,625353,0,0.667,0,9
BT-00518,INV-4326,0,1240,7,0.0,0,9
BT-00518,INV-1813,0,922731,6,0.667,0,9
BT-00518,INV-1649,0,100,2,0.25,0,9
BT-00518,INV-2106,1,0,0,0.667,0,9
BT-00519,INV-2477,0,1127164,12,0.0,0,4
BT-00519,INV-2206,0,50347,23,0.0,0,4
BT-00519,INV-1219,0,596763,12,0.0,0,4
BT-00519,INV-8584,1,0,0,0.0,0,4
BT-00520,INV-3924,0,745456,0,0.0,0,10
BT-00520,INV-8780,0,0,8,0.0,0,10
BT-00520,INV-6507,0,809986,27,0.0,0,10
BT-00520,INV-3362,0,1078167,15,0.0,0,10
BT-00520,INV-1330,0,0,23,0.0,0,10
BT-00520,INV-6842,1,0,0,0.0,0,10
BT-00520,INV-5164,0,338018,1,0.0,0,10
BT-00520,INV-9442,0,692521,0,0.0,0,10
BT-00520,INV-6689,0,100,13,0.0,0,10
BT-00520,INV-8754,0,436397,13,0.0,0,10
BT-00521,INV-5808,1,0,0,0.25,0,7
BT-00521,INV-7485,0,0,20,0.0,0,7
BT-00521,INV-7081,0,561286,0,0.25,0,7
BT-00521,INV-8769,0,326818,0,0.25,0,7
BT-00521,INV-6357,0,1240,12,0.0,0,7
BT-00521,INV-7942,0,466514,0,0.0,0,7
BT-00521,INV-3723,0,114647,21,0.25,0,7
BT-00522,INV-7722,1,0,0,0.333,0,8
BT-00522,INV-6793,0,535016,0,0.0,0,8
BT-00522,INV-4093,0,0,20,0.333,0,8
BT-00522,INV-5966,0,100,7,0.0,0,8
BT-00522,INV-5778,0,0,7,0.0,0,8
BT-00522,INV-4084,0,234119,19,0.333,0,8
BT-00522,INV-4047,0,235998,10,0.333,0,8
BT-00522,INV-1057,0,0,21,0.333,0,8
BT-00523,INV-6629,1,0,0,0.5,1,4
BT-00523,INV-4046,0,219571,13,0.5,0,4
BT-00523,INV-6218,0,100,20,0.0,0,4
BT-00523,INV-8026,0,752172,0,0.0,0,4
BT-00524,INV-1480,0,122090,21,0.0,0,5
BT-00524,INV-5541,0,122090,4,0.0,0,5
BT-00524,INV-8430,0,123430,20,0.0,0,5
BT-00524,INV-7512,1,122190,0,0.5,1,5
BT-00524,INV-5563,0,569726,0,0.0,0,5
BT-00525,INV-5118,1,24012,0,0.0,0,5
BT-00525,INV-9672,0,179886,0,0.0,0,5
BT-00525,INV-5535,0,596842,0,0.0,0,5
BT-00525,INV-3781,0,2131592,13,0.0,0,5
BT-00525,INV-9120,0,319360,0,0.0,0,5
BT-00526,INV-1777,0,100,20,0.0,0,7
BT-00526,INV-5618,0,310264,8,0.5,0,7
BT-00526,INV-2509,0,100,3,0.0,0,7
BT-00526,INV-6445,0,47663,2,0.5,0,7
BT-00526,INV-5204,1,0,0,0.5,1,7
BT-00526,INV-1513,0,1240,16,0.0,0,7
BT-00526,INV-7287,0,100,7,0.2,0,7
BT-00527,INV-7476,0,1240,15,0.0,0,5
BT-00527,INV-7329,0,512692,0,0.0,0,5
BT-00527,INV-2512,1,0,0,0.333,0,5
BT-00527,INV-8677,0,598716,15,0.333,0,5
BT-00527,INV-3053,0,0,14,0.0,0,5
BT-00528,INV-7801,0,74740,10,0.333,0,9
BT-00528,INV-7585,0,100,8,0.0,0,9
BT-00528,INV-1152,0,140650,0,0.0,0,9
BT-00528,INV-3134,0,100,6,0.0,0,9
BT-00528,INV-2065,0,772977,1,0.333,0,9
BT-00528,INV-5239,0,100,4,0.0,0,9
BT-00528,INV-5932,0,100,7,0.0,0,9
BT-00528,INV-5142,1,0,0,0.333,0,9
BT-00528,INV-9225,0,100,12,0.0,0,9
BT-00529,INV-4263,0,100,23,0.333,0,8
BT-00529,INV-9651,0,2174247,0,0.0,0,8
BT-00529,INV-3529,0,2066801,0,0.0,0,8
BT-00529,INV-7067,1,0,0,0.333,0,8
BT-00529,INV-7887,0,418387,0,0.0,0,8
BT-00529,INV-2252,0,100,21,0.0,0,8
BT-00529,INV-9092,0,1483272,9,0.333,0,8
BT-00529,INV-9298,0,1424219,0,0.0,0,8
BT-00530,INV-7228,1,0,0,0.0,0,5
BT-00530,INV-6193,0,132155,17,0.0,0,5
BT-00530,INV-8249,0,100,17,0.0,0,5
BT-00530,INV-5384,0,63819,20,0.0,0,5
BT-00530,INV-3622,0,57967,0,0.0,0,5
BT-00531,INV-5210,0,1188412,0,0.0,0,8
BT-00531,INV-2693,0,1212313,24,0.5,0,8
BT-00531,INV-6749,0,139888,1,0.0,0,8
BT-00531,INV-1153,0,1101735,14,0.5,0,8
BT-00531,INV-9793,1,139888,0,0.5,1,8
BT-00531,INV-4459,0,764344,6,0.5,0,8
BT-00531,INV-5423,0,506987,17,0.5,0,8
BT-00531,INV-3061,0,491768,0,0.0,0,8
BT-00532,INV-1453,1,0,0,0.0,0,7
BT-00532,INV-7539,0,100,13,0.0,0,7
BT-00532,INV-5191,0,0,5,0.0,0,7
BT-00532,INV-8245,0,100,10,0.0,0,7
BT-00532,INV-9014,0,337194,13,0.0,0,7
BT-00532,INV-9592,0,100,13,0.0,0,7
BT-00532,INV-8644,0,0,9,0.0,0,7
BT-00533,INV-1047,0,1240,6,0.0,0,7
BT-00533,INV-9694,0,2070172,11,0.667,0,7
BT-00533,INV-2692,0,1240,18,0.0,0,7
BT-00533,INV-5534,0,173737,1,0.667,0,7
BT-00533,INV-9338,0,953782,0,0.0,0,7
BT-00533,INV-5652,1,0,0,0.667,0,7
BT-00533,INV-5931,0,2030456,0,0.0,0,7
BT-00534,INV-3338,0,209240,14,0.0,0,5
BT-00534,INV-7222,1,209340,0,0.0,0,5
BT-00534,INV-8188,0,15681,0,0.0,0,5
BT-00534,INV-2776,0,209440,4,0.0,0,5
BT-00534,INV-5087,0,209240,22,0.0,0,5
BT-00535,INV-9623,0,177116,5,0.25,0,5
BT-00535,INV-9092,0,100,0,0.0,0,5
BT-00535,INV-1014,0,255700,0,0.25,0,5
BT-00535,INV-7118,0,303971,0,0.0,0,5
BT-00535,INV-3179,1,0,0,0.25,0,5
BT-00536,INV-1761,0,100,5,0.0,0,5
BT-00536,INV-5295,0,210103,0,0.0,0,5
BT-00536,INV-3847,1,0,0,0.0,0,5
BT-00536,INV-8031,0,614144,4,0.0,0,5
BT-00536,INV-6542,0,100,17,0.0,0,5
BT-00537,INV-6521,1,0,0,0.333,0,8
BT-00537,INV-5551,0,0,7,0.333,0,8
BT-00537,INV-7767,0,0,21,0.0,0,8
BT-00537,INV-6755,0,14659,0,0.0,0,8
BT-00537,INV-5135,0,0,12,0.0,0,8
BT-00537,INV-2353,0,0,2,0.0,0,8
BT-00537,INV-2839,0,100,19,0.0,0,8
BT-00537,INV-6478,0,550828,9,0.333,0,8
BT-00538,INV-5582,0,322020,14,0.5,0,4
BT-00538,INV-1877,0,178058,3,0.0,0,4
BT-00538,INV-4948,0,334173,0,0.0,0,4
BT-00538,INV-9222,1,178158,0,0.5,1,4
BT-00539,INV-5865,0,330139,11,0.5,0,5
BT-00539,INV-6992,0,0,10,0.2,0,5
BT-00539,INV-6667,0,332163,14,0.5,0,5
BT-00539,INV-2240,0,1240,23,0.0,0,5
BT-00539,INV-7723,1,0,0,0.5,1,5
BT-00540,INV-4781,0,0,2,0.0,0,9
BT-00540,INV-3287,0,406604,0,0.0,0,9
BT-00540,INV-6582,0,100,17,0.0,0,9
BT-00540,INV-2781,0,1240,12,0.0,0,9
BT-00540,INV-1079,0,100,5,0.0,0,9
BT-00540,INV-7491,0,26730,0,0.0,0,9
BT-00540,INV-1866,0,966910,12,0.0,0,9
BT-00540,INV-4886,0,1240006,3,0.0,0,9
BT-00540,INV-3164,1,0,0,0.0,0,9
BT-00541,INV-8251,0,861233,0,0.0,0,6
BT-00541,INV-4068,0,553281,0,0.0,0,6
BT-00541,INV-6770,0,928238,10,0.25,0,6
BT-00541,INV-7838,0,1015422,0,0.0,0,6
BT-00541,INV-4524,0,315607,2,0.25,0,6
BT-00541,INV-4475,1,0,0,0.25,0,6
BT-00542,INV-6247,1,0,0,0.333,0,10
BT-00542,INV-3886,0,938863,4,0.333,0,10
BT-00542,INV-6346,0,1858720,9,0.333,0,10
BT-00542,INV-5612,0,518551,9,0.333,0,10
BT-00542,INV-6290,0,100,0,0.0,0,10
BT-00542,INV-8174,0,584443,5,0.333,0,10
BT-00542,INV-1069,0,284874,8,0.333,0,10
BT-00542,INV-7831,0,100,5,0.0,0,10
BT-00542,INV-6277,0,78175,0,0.0,0,10
BT-00542,INV-1510,0,473617,0,0.333,0,10
BT-00543,INV-5810,0,420842,0,0.0,0,5
BT-00543,INV-7138,1,75340,0,0.0,0,5
BT-00543,INV-5376,0,1179609,9,0.0,0,5
BT-00543,INV-2112,0,388801,1,0.0,0,5
BT-00543,INV-9238,0,75240,17,0.0,0,5
BT-00544,INV-7859,0,100,5,0.0,0,8
BT-00544,INV-8350,0,1283105,0,0.0,0,8
BT-00544,INV-6882,1,0,0,0.333,0,8
BT-00544,INV-8151,0,2425740,3,0.333,0,8
BT-00544,INV-6463,0,1464773,0,0.0,0,8
BT-00544,INV-2126,0,1637352,0,0.0,0,8
BT-00544,INV-4634,0,1182303,0,0.0,0,8
BT-00544,INV-7162,0,1973323,4,0.333,0,8
BT-00545,INV-2530,0,144781,0,0.0,0,9
BT-00545,INV-7142,0,225969,13,0.333,0,9
BT-00545,INV-8345,0,100,1,0.333,0,9
BT-00545,INV-2683,0,566539,0,0.333,0,9
BT-00545,INV-5334,0,910078,21,0.333,0,9
BT-00545,INV-2939,0,100,24,0.0,0,9
BT-00545,INV-9450,0,230382,25,0.333,0,9
BT-00545,INV-1142,0,1275367,0,0.333,0,9
BT-00545,INV-7312,1,0,0,0.333,0,9
BT-00546,INV-3957,0,1005139,0,0.0,0,8
BT-00546,INV-4386,0,0,3,0.0,0,8
BT-00546,INV-6145,0,0,11,0.0,0,8
BT-00546,INV-2901,0,88272,21,0.333,0,8
BT-00546,INV-9964,1,0,0,0.333,0,8
BT-00546,INV-1279,0,100,4,0.0,0,8
BT-00546,INV-6995,0,1413572,0,0.0,0,8
BT-00546,INV-7106,0,0,10,0.0,0,8
BT-00547,INV-9172,1,0,0,0.333,0,8
BT-00547,INV-2482,0,0,6,0.0,0,8
BT-00547,INV-4182,0,100,5,0.0,0,8
BT-00547,INV-9376,0,950491,0,0.0,0,8
BT-00547,INV-5842,0,100,3,0.333,0,8
BT-00547,INV-5803,0,123677,15,0.333,0,8
BT-00547,INV-4264,0,617287,3,0.333,0,8
BT-00547,INV-7661,0,735054,11,0.333,0,8
BT-00548,INV-1192,0,0,3,0.0,0,10
BT-00548,INV-6376,1,0,0,0.0,0,10
BT-00548,INV-9316,0,174280,0,0.0,0,10
BT-00548,INV-4849,0,1515273,3,0.0,0,10
BT-00548,INV-7527,0,205484,7,0.0,0,10
BT-00548,INV-8126,0,1240,6,0.0,0,10
BT-00548,INV-3689,0,1240,11,0.0,0,10
BT-00548,INV-4855,0,992111,5,0.0,0,10
BT-00548,INV-3015,0,0,17,0.0,0,10
BT-00548,INV-7361,0,1291668,2,0.0,0,10
BT-00549,INV-5467,0,36264,6,0.0,0,6
BT-00549,INV-3710,0,542092,0,0.0,0,6
BT-00549,INV-5997,0,36164,2,0.0,0,6
BT-00549,INV-5088,0,1023921,1,0.333,0,6
BT-00549,INV-6767,0,2060,20,0.333,0,6
BT-00549,INV-1152,1,36164,0,0.333,0,6
BT-00550,INV-9492,0,995126,0,0.0,0,10
BT-00550,INV-4437,0,100,2,0.0,0,10
BT-00550,INV-8706,0,1854666,0,0.0,0,10
BT-00550,INV-1750,0,1473812,0,0.0,0,10
BT-00550,INV-1296,0,1240,24,0.0,0,10
BT-00550,INV-8785,0,1857994,24,0.25,0,10
BT-00550,INV-2294,0,100,20,0.0,0,10
BT-00550,INV-8129,0,100,22,0.0,0,10
BT-00550,INV-4242,1,0,0,0.25,0,10
BT-00550,INV-7747,0,455756,0,0.0,0,10
BT-00551,INV-1268,0,440554,0,0.0,0,4
BT-00551,INV-5674,1,0,0,0.333,0,4
BT-00551,INV-5271,0,745232,0,0.0,0,4
BT-00551,INV-8509,0,1140013,4,0.333,0,4
BT-00552,INV-9858,0,188039,0,0.0,0,9
BT-00552,INV-5059,0,1253362,0,0.0,0,9
BT-00552,INV-6975,0,508704,4,0.0,0,9
BT-00552,INV-7926,0,1129004,12,0.0,0,9
BT-00552,INV-3498,1,0,0,0.0,0,9
BT-00552,INV-3720,0,871129,0,0.0,0,9
BT-00552,INV-7327,0,5992,17,0.0,0,9
BT-00552,INV-1146,0,75728,8,0.0,0,9
BT-00552,INV-8022,0,100,3,0.0,0,9
BT-00553,INV-6949,0,4862,2,0.5,0,7
BT-00553,INV-3914,1,0,0,0.5,1,7
BT-00553,INV-5527,0,1240,1,0.0,0,7
BT-00553,INV-9904,0,1861629,0,0.0,0,7
BT-00553,INV-4562,0,2157975,12,0.5,0,7
BT-00553,INV-7130,0,491926,0,0.0,0,7
BT-00553,INV-6240,0,152011,0,0.0,0,7
BT-00554,INV-4243,0,109129,0,0.0,0,4
BT-00554,INV-8282,0,433242,0,0.0,0,4
BT-00554,INV-5382,0,684214,10,0.5,0,4
BT-00554,INV-2131,1,0,0,0.5,1,4
BT-00555,INV-8259,0,1512856,17,0.25,0,6
BT-00555,INV-4373,0,66651,5,0.0,0,6
BT-00555,INV-2830,0,1324746,22,0.25,0,6
BT-00555,INV-1961,0,193482,1,0.25,0,6
BT-00555,INV-4776,1,66651,0,0.25,0,6
BT-00555,INV-1808,0,681751,20,0.25,0,6
BT-00556,INV-3524,1,74679,0,0.333,0,9
BT-00556,INV-7296,0,1633585,0,0.0,0,9
BT-00556,INV-6037,0,74679,18,0.0,0,9
BT-00556,INV-8421,0,438750,2,0.333,0,9
BT-00556,INV-4355,0,75919,2,0.0,0,9
BT-00556,INV-3013,0,74679,0,0.0,0,9
BT-00556,INV-2716,0,1550719,13,0.333,0,9
BT-00556,INV-5376,0,1331121,0,0.0,0,9
BT-00556,INV-8155,0,1609449,5,0.333,0,9
BT-00557,INV-4960,0,1097934,0,0.0,0,9
BT-00557,INV-4501,1,0,0,0.25,0,9
BT-00557,INV-8449,0,0,24,0.0,0,9
BT-00557,INV-4452,0,7517,11,0.25,0,9
BT-00557,INV-3828,0,100,23,0.0,0,9
BT-00557,INV-6193,0,100,19,0.0,0,9
BT-00557,INV-4284,0,1254318,0,0.0,0,9
BT-00557,INV-6075,0,871090,13,0.25,0,9
BT-00557,INV-1168,0,244556,7,0.25,0,9
BT-00558,INV-8590,0,907828,0,0.333,0,10
BT-00558,INV-5134,0,380014,5,0.333,0,10
BT-00558,INV-8887,1,0,0,0.333,0,10
BT-00558,INV-3623,0,100,16,0.0,0,10
BT-00558,INV-6907,0,478267,9,0.333,0,10
BT-00558,INV-6995,0,351295,5,0.333,0,10
BT-00558,INV-5153,0,100,4,0.333,0,10
BT-00558,INV-5886,0,149997,0,0.0,0,10
BT-00558,INV-1434,0,578579,0,0.333,0,10
BT-00558,INV-6412,0,975238,0,0.0,0,10
BT-00559,INV-2648,0,1240,16,0.25,0,6
BT-00559,INV-5943,0,100,7,0.0,0,6
BT-00559,INV-5579,0,100,5,0.0,0,6
BT-00559,INV-2027,0,0,19,0.0,0,6
BT-00559,INV-8651,1,0,0,0.25,0,6
BT-00559,INV-4623,0,308890,0,0.0,0,6
BT-00560,INV-1402,0,602433,0,0.0,0,9
BT-00560,INV-7701,0,574835,18,0.333,0,9
BT-00560,INV-4646,0,658545,15,0.333,0,9
BT-00560,INV-6899,0,833484,0,0.0,0,9
BT-00560,INV-1530,0,100,2,0.0,0,9
BT-00560,INV-4097,0,1101362,1,0.333,0,9
BT-00560,INV-7775,1,0,0,0.333,0,9
BT-00560,INV-3736,0,0,23,0.0,0,9
BT-00560,INV-4176,0,416576,0,0.0,0,9
BT-00561,INV-9184,0,100,16,0.0,0,9
BT-00561,INV-8848,1,0,0,0.5,1,9
BT-00561,INV-5206,0,913717,18,0.5,0,9
BT-00561,INV-6363,0,711079,2,0.5,0,9
BT-00561,INV-5237,0,1233320,5,0.5,0,9
BT-00561,INV-5157,0,0,8,0.2,0,9
BT-00561,INV-8034,0,539862,0,0.0,0,9
BT-00561,INV-3753,0,1081306,13,0.5,0,9
BT-00561,INV-2527,0,249800,0,0.0,0,9
BT-00562,INV-8478,0,1167128,0,0.0,0,7
BT-00562,INV-5739,0,137666,0,0.0,0,7
BT-00562,INV-3290,0,100,3,0.0,0,7
BT-00562,INV-8759,0,1286470,11,0.25,0,7
BT-00562,INV-1583,1,0,0,0.25,0,7
BT-00562,INV-6375,0,883470,0,0.0,0,7
BT-00562,INV-3695,0,1506847,8,0.25,0,7
BT-00563,INV-8105,0,100,1,0.0,0,4
BT-00563,INV-4242,1,0,0,0.0,0,4
BT-00563,INV-1585,0,1099888,0,0.0,0,4
BT-00563,INV-3826,0,0,7,0.0,0,4
BT-00564,INV-2870,0,1796932,10,0.25,0,9
BT-00564,INV-4530,0,894768,6,0.25,0,9
BT-00564,INV-3984,0,100,4,0.0,0,9
BT-00564,INV-5829,1,0,0,0.25,0,9
BT-00564,INV-4752,0,71879,2,0.25,0,9
BT-00564,INV-1529,0,100,5,0.0,0,9
BT-00564,INV-4814,0,464944,8,0.25,0,9
BT-00564,INV-8012,0,100,6,0.0,0,9
BT-00564,INV-3932,0,1773915,0,0.0,0,9
BT-00565,INV-4738,0,792361,0,0.0,0,6
BT-00565,INV-7918,0,100,12,0.0,0,6
BT-00565,INV-7962,0,47203,0,0.0,0,6
BT-00565,INV-4726,0,92893,0,0.0,0,6
BT-00565,INV-1312,0,275163,12,0.0,0,6
BT-00565,INV-4496,1,0,0,0.0,0,6
BT-00566,INV-4310,0,1686389,0,0.0,0,9
BT-00566,INV-2431,0,1406347,4,0.333,0,9
BT-00566,INV-4843,0,188894,21,0.0,0,9
BT-00566,INV-2401,0,189094,21,0.0,0,9
BT-00566,INV-1875,0,1030825,0,0.0,0,9
BT-00566,INV-9768,1,188994,0,0.333,0,9
BT-00566,INV-1843,0,301284,18,0.333,0,9
BT-00566,INV-3472,0,189094,2,0.333,0,9
BT-00566,INV-4960,0,1615917,20,0.333,0,9
BT-00567,INV-8151,1,7030,0,0.333,0,8
BT-00567,INV-3045,0,1908948,9,0.333,0,8
BT-00567,INV-3201,0,1864327,9,0.333,0,8
BT-00567,INV-8389,0,917636,0,0.0,0,8
BT-00567,INV-1412,0,2386817,10,0.333,0,8
BT-00567,INV-9140,0,407083,10,0.333,0,8
BT-00567,INV-6390,0,25161,5,0.333,0,8
BT-00567,INV-4342,0,1678929,0,0.0,0,8
BT-00568,INV-1373,1,0,0,0.333,0,7
BT-00568,INV-3805,0,1240,20,0.0,0,7
BT-00568,INV-3177,0,1448538,14,0.333,0,7
BT-00568,INV-7984,0,1240,11,0.0,0,7
BT-00568,INV-6422,0,158885,1,0.333,0,7
BT-00568,INV-3677,0,379447,7,0.333,0,7
BT-00568,INV-8496,0,654740,4,0.333,0,7
BT-00569,INV-3704,0,1642696,26,0.333,0,6
BT-00569,INV-9449,0,100,16,0.0,0,6
BT-00569,INV-4474,0,1190957,0,0.333,0,6
BT-00569,INV-7704,0,100,26,0.0,0,6
BT-00569,INV-8738,0,110750,0,0.0,0,6
BT-00569,INV-6961,1,0,0,0.333,0,6
BT-00570,INV-7408,0,1189985,0,0.0,0,10
BT-00570,INV-7020,1,153637,0,0.5,1,10
BT-00570,INV-3819,0,1062922,0,0.0,0,10
BT-00570,INV-2570,0,153737,6,0.0,0,10
BT-00570,INV-2419,0,1039836,0,0.0,0,10
BT-00570,INV-9398,0,154877,5,0.2,0,10
BT-00570,INV-8955,0,1162064,0,0.0,0,10
BT-00570,INV-8583,0,1256835,0,0.2,0,10
BT-00570,INV-2069,0,154877,8,0.2,0,10
BT-00570,INV-8436,0,153637,8,0.0,0,10
BT-00571,INV-9609,0,100,14,0.0,0,9
BT-00571,INV-9491,0,1053941,0,0.0,0,9
BT-00571,INV-4373,0,1398595,0,0.0,0,9
BT-00571,INV-9721,1,0,0,0.0,0,9
BT-00571,INV-1023,0,168942,3,0.0,0,9
BT-00571,INV-7805,0,1850884,6,0.0,0,9
BT-00571,INV-8615,0,628025,0,0.0,0,9
BT-00571,INV-1626,0,204424,0,0.0,0,9
BT-00571,INV-6945,0,1271400,0,0.0,0,9
BT-00572,INV-8848,0,507267,3,0.25,0,6
BT-00572,INV-4166,1,0,0,0.25,0,6
BT-00572,INV-3057,0,100,6,0.0,0,6
BT-00572,INV-1854,0,100,11,0.0,0,6
BT-00572,INV-1921,0,100,2,0.0,0,6
BT-00572,INV-7106,0,0,2,0.0,0,6
BT-00573,INV-3580,0,408902,0,0.0,0,4
BT-00573,INV-2298,1,0,0,0.333,0,4
BT-00573,INV-3542,0,0,5,0.0,0,4
BT-00573,INV-9433,0,795093,0,0.333,0,4
BT-00574,INV-4398,0,242306,0,0.0,0,4
BT-00574,INV-2454,0,993399,7,0.0,0,4
BT-00574,INV-5294,1,0,0,0.0,0,4
BT-00574,INV-3900,0,1240,17,0.0,0,4
BT-00575,INV-9871,0,0,24,0.0,0,5
BT-00575,INV-5813,0,1576586,0,0.0,0,5
BT-00575,INV-8280,1,0,0,0.25,0,5
BT-00575,INV-6439,0,0,16,0.0,0,5
BT-00575,INV-4369,0,877529,0,0.0,0,5
BT-00576,INV-9583,0,32702,10,0.2,0,10
BT-00576,INV-2563,0,1409759,0,0.0,0,10
BT-00576,INV-2618,0,1047889,0,0.2,0,10
BT-00576,INV-4924,0,31562,4,0.0,0,10
BT-00576,INV-1144,0,2087566,0,0.0,0,10
BT-00576,INV-5966,0,1722136,0,0.0,0,10
BT-00576,INV-1362,0,31462,13,0.0,0,10
BT-00576,INV-6759,1,31462,0,0.5,1,10
BT-00576,INV-8614,0,332709,8,0.5,0,10
BT-00576,INV-6248,0,1985919,22,0.5,0,10
BT-00577,INV-3307,0,1056758,0,0.0,0,7
BT-00577,INV-7678,0,1572792,0,0.0,0,7
BT-00577,INV-1534,0,1528909,0,0.0,0,7
BT-00577,INV-4985,0,925516,20,0.333,0,7
BT-00577,INV-9919,0,0,24,0.0,0,7
BT-00577,INV-1206,0,1240,21,0.0,0,7
BT-00577,INV-4514,1,0,0,0.333,0,7
BT-00578,INV-5771,1,0,0,0.25,0,6
BT-00578,INV-9880,0,671161,2,0.25,0,6
BT-00578,INV-5541,0,0,14,0.0,0,6
BT-00578,INV-6893,0,100,3,0.0,0,6
BT-00578,INV-1208,0,415843,0,0.0,0,6
BT-00578,INV-2388,0,985076,13,0.25,0,6
BT-00579,INV-4248,0,74661,0,0.0,0,7
BT-00579,INV-6039,0,1421745,5,0.0,0,7
BT-00579,INV-6381,0,1795512,5,0.0,0,7
BT-00579,INV-8297,0,2295496,9,0.0,0,7
BT-00579,INV-1011,0,217066,0,0.0,0,7
BT-00579,INV-3026,1,0,0,0.0,0,7
BT-00579,INV-8167,0,2147628,18,0.0,0,7
BT-00580,INV-4253,0,761725,0,0.0,0,10
BT-00580,INV-9484,0,615910,2,0.0,0,10
BT-00580,INV-4561,1,0,0,0.0,0,10
BT-00580,INV-3642,0,0,4,0.0,0,10
BT-00580,INV-2631,0,428109,0,0.0,0,10
BT-00580,INV-6041,0,1053152,12,0.0,0,10
BT-00580,INV-9541,0,1267960,8,0.0,0,10
BT-00580,INV-2195,0,100,8,0.0,0,10
BT-00580,INV-1170,0,1240,13,0.0,0,10
BT-00580,INV-3620,0,391723,8,0.0,0,10
BT-00581,INV-5701,1,0,0,0.0,0,10
BT-00581,INV-2423,0,1240,1,0.0,0,10
BT-00581,INV-7467,0,1707126,0,0.0,0,10
BT-00581,INV-4582,0,0,20,0.0,0,10
BT-00581,INV-9686,0,1493707,2,0.0,0,10
BT-00581,INV-6298,0,1133465,0,0.0,0,10
BT-00581,INV-1057,0,1735550,0,0.0,0,10
BT-00581,INV-2673,0,1390340,1,0.0,0,10
BT-00581,INV-4897,0,1509893,0,0.0,0,10
BT-00581,INV-1459,0,1910760,0,0.0,0,10
BT-00582,INV-6804,0,805346,2,0.5,0,8
BT-00582,INV-3495,0,1240,15,0.2,0,8
BT-00582,INV-6526,0,8696,9,0.5,0,8
BT-00582,INV-7743,0,1240,0,0.0,0,8
BT-00582,INV-4796,0,1012389,0,0.0,0,8
BT-00582,INV-1295,1,0,0,0.5,1,8
BT-00582,INV-8538,0,100,12,0.0,0,8
BT-00582,INV-5026,0,0,19,0.0,0,8
BT-00583,INV-9620,0,0,3,0.0,0,10
BT-00583,INV-7801,1,0,0,0.333,0,10
BT-00583,INV-2253,0,1322907,0,0.0,0,10
BT-00583,INV-7563,0,90599,14,0.333,0,10
BT-00583,INV-2912,0,100,10,0.0,0,10
BT-00583,INV-3953,0,227519,3,0.333,0,10
BT-00583,INV-7037,0,207344,5,0.333,0,10
BT-00583,INV-6293,0,412649,20,0.333,0,10
BT-00583,INV-5740,0,1443983,0,0.0,0,10
BT-00583,INV-9056,0,804602,0,0.0,0,10
BT-00584,INV-3534,0,368994,0,0.0,0,9
BT-00584,INV-6021,0,424311,5,0.5,0,9
BT-00584,INV-7512,0,1806031,8,0.5,0,9
BT-00584,INV-6606,0,929760,0,0.0,0,9
BT-00584,INV-1945,1,234676,0,0.5,1,9
BT-00584,INV-9046,0,59012,7,0.5,0,9
BT-00584,INV-9347,0,320217,0,0.0,0,9
BT-00584,INV-1921,0,2071337,0,0.0,0,9
BT-00584,INV-1924,0,235916,5,0.0,0,9
BT-00585,INV-3749,0,100,7,0.0,0,6
BT-00585,INV-2278,1,0,0,0.333,0,6
BT-00585,INV-2271,0,9500,0,0.0,0,6
BT-00585,INV-6310,0,338234,11,0.333,0,6
BT-00585,INV-9096,0,1240,1,0.0,0,6
BT-00585,INV-7233,0,1240,8,0.0,0,6
BT-00586,INV-8355,0,191555,8,0.0,0,5
BT-00586,INV-7575,0,1713750,0,0.0,0,5
BT-00586,INV-7579,1,191555,0,0.0,0,5
BT-00586,INV-9477,0,27121,0,0.0,0,5
BT-00586,INV-1203,0,192795,13,0.0,0,5
BT-00587,INV-2003,0,1887805,0,0.2,0,4
BT-00587,INV-9332,1,0,0,0.5,1,4
BT-00587,INV-1264,0,154991,0,0.0,0,4
BT-00587,INV-3985,0,608461,14,0.5,0,4
BT-00588,INV-6759,1,0,0,0.0,0,5
BT-00588,INV-8025,0,304070,7,0.0,0,5
BT-00588,INV-3082,0,836155,3,0.0,0,5
BT-00588,INV-5460,0,992228,11,0.0,0,5
BT-00588,INV-6917,0,207204,0,0.0,0,5
BT-00589,INV-6471,0,1426307,0,0.0,0,5
BT-00589,INV-4029,0,200695,0,0.0,0,5
BT-00589,INV-2061,0,679052,4,0.5,0,5
BT-00589,INV-7702,1,0,0,0.5,1,5
BT-00589,INV-5231,0,100,8,0.0,0,5
BT-00590,INV-9826,1,0,0,0.5,1,8
BT-00590,INV-8870,0,242929,21,0.5,0,8
BT-00590,INV-6895,0,0,5,0.0,0,8
BT-00590,INV-8672,0,878075,10,0.5,0,8
BT-00590,INV-1752,0,624257,0,0.0,0,8
BT-00590,INV-5387,0,947767,0,0.0,0,8
BT-00590,INV-9102,0,2006069,17,0.5,0,8
BT-00590,INV-2440,0,263033,4,0.5,0,8
BT-00591,INV-7809,1,44563,0,0.333,0,5
BT-00591,INV-7172,0,113033,9,0.333,0,5
BT-00591,INV-2796,0,1891332,10,0.333,0,5
BT-00591,INV-4675,0,404162,0,0.0,0,5
BT-00591,INV-1911,0,304613,4,0.333,0,5
BT-00592,INV-5435,0,505233,8,0.25,0,5
BT-00592,INV-6844,0,119314,0,0.0,0,5
BT-00592,INV-7931,1,0,0,0.25,0,5
BT-00592,INV-1996,0,520822,0,0.0,0,5
BT-00592,INV-5237,0,100,1,0.0,0,5
BT-00593,INV-8856,0,100,2,0.0,0,5
BT-00593,INV-8684,1,0,0,0.5,1,5
BT-00593,INV-8151,0,1005854,16,0.5,0,5
BT-00593,INV-1013,0,1647600,0,0.0,0,5
BT-00593,INV-3199,0,1368656,7,0.5,0,5
BT-00594,INV-8083,0,956950,0,0.5,0,9
BT-00594,INV-3662,0,100,6,0.0,0,9
BT-00594,INV-5906,0,0,3,0.2,0,9
BT-00594,INV-6289,0,723203,4,0.5,0,9
BT-00594,INV-4618,0,100,3,0.5,0,9
BT-00594,INV-9505,0,1418281,0,0.0,0,9
BT-00594,INV-6458,0,1335545,10,0.5,0,9
BT-00594,INV-9612,0,1240,1,0.0,0,9
BT-00594,INV-7190,1,0,0,0.5,1,9
BT-00595,INV-4754,0,0,10,0.0,0,7
BT-00595,INV-5219,0,569215,3,0.0,0,7
BT-00595,INV-6995,0,216625,0,0.0,0,7
BT-00595,INV-5783,0,836711,0,0.0,0,7
BT-00595,INV-9907,1,0,0,0.0,0,7
BT-00595,INV-9482,0,1240,6,0.0,0,7
BT-00595,INV-8705,0,848567,0,0.0,0,7
BT-00596,INV-9941,0,100,7,0.0,0,7
BT-00596,INV-5465,0,1041904,0,0.0,0,7
BT-00596,INV-3560,0,100,3,0.0,0,7
BT-00596,INV-1091,0,1638379,15,0.5,0,7
BT-00596,INV-4680,0,100,2,0.0,0,7
BT-00596,INV-3453,1,0,0,0.5,1,7
BT-00596,INV-1659,0,1397505,2,0.5,0,7
BT-00597,INV-9259,0,100,18,0.0,0,7
BT-00597,INV-3958,0,388143,0,0.0,0,7
BT-00597,INV-8936,0,100,13,0.0,0,7
BT-00597,INV-3334,0,933424,2,0.25,0,7
BT-00597,INV-8551,0,675819,0,0.0,0,7
BT-00597,INV-2899,1,0,0,0.25,0,7
BT-00597,INV-6854,0,0,5,0.0,0,7
BT-00598,INV-2408,0,298073,0,0.0,0,4
BT-00598,INV-2846,0,0,2,0.0,0,4
BT-00598,INV-1177,1,0,0,0.25,0,4
BT-00598,INV-6628,0,1576289,0,0.0,0,4
BT-00599,INV-1760,0,1257999,0,0.333,0,9
BT-00599,INV-8539,0,100,20,0.0,0,9
BT-00599,INV-3525,0,1240,7,0.0,0,9
BT-00599,INV-6710,0,224542,16,0.333,0,9
BT-00599,INV-5898,0,1441315,15,0.333,0,9
BT-00599,INV-9644,0,0,24,0.0,0,9
BT-00599,INV-4341,0,1240,2,0.0,0,9
BT-00599,INV-3226,1,0,0,0.333,0,9
BT-00599,INV-4511,0,100,23,0.0,0,9
