bank_txn_id,invoice_id,label,amount_delta_cents,date_delta_days,name_sim,ref_hit,n_candidates
BT-00000,INV-4946,1,0,0,0.333,0,4
BT-00000,INV-9587,0,100,1,0.0,0,4
BT-00000,INV-3022,0,644832,0,0.0,0,4
BT-00000,INV-5846,0,0,12,0.0,0,4
BT-00001,INV-4216,1,0,0,0.667,0,4
BT-00001,INV-6329,0,46024,0,0.0,0,4
BT-00001,INV-2266,0,1047366,1,0.667,0,4
BT-00001,INV-5920,0,140395,0,0.25,0,4
BT-00002,INV-7936,0,1831585,0,0.0,0,6
BT-00002,INV-4227,0,155280,8,0.333,0,6
BT-00002,INV-5596,1,0,0,0.333,0,6
BT-00002,INV-7021,0,216661,16,0.333,0,6
BT-00002,INV-6954,0,100,2,0.0,0,6
BT-00002,INV-4164,0,1438945,8,0.333,0,6
BT-00003,INV-3839,1,0,0,0.333,0,4
BT-00003,INV-7939,0,784539,4,0.333,0,4
BT-00003,INV-5242,0,1921250,9,0.333,0,4
BT-00003,INV-8986,0,251423,0,0.0,0,4
BT-00004,INV-9694,0,576396,3,0.5,0,9
BT-00004,INV-3969,0,204533,14,0.5,0,9
BT-00004,INV-5210,0,463923,8,0.5,0,9
BT-00004,INV-8131,0,100,1,0.2,0,9
BT-00004,INV-3159,0,974198,4,0.5,0,9
BT-00004,INV-4116,1,0,0,0.5,1,9
BT-00004,INV-4716,0,64936,0,0.0,0,9
BT-00004,INV-6643,0,997388,7,0.5,0,9
BT-00004,INV-6571,0,294933,0,0.0,0,9
BT-00005,INV-7442,1,0,0,0.333,0,7
BT-00005,INV-1139,0,100,5,0.0,0,7
BT-00005,INV-7323,0,346001,0,0.0,0,7
BT-00005,INV-1024,0,26328,2,0.333,0,7
BT-00005,INV-9467,0,584884,16,0.333,0,7
BT-00005,INV-9272,0,935739,10,0.333,0,7
BT-00005,INV-8633,0,1531439,11,0.333,0,7
BT-00006,INV-9553,0,783721,0,0.0,0,5
BT-00006,INV-1948,1,169061,0,0.25,0,5
BT-00006,INV-6343,0,169061,3,0.0,0,5
BT-00006,INV-5113,0,169161,12,0.0,0,5
BT-00006,INV-7029,0,170301,7,0.0,0,5
BT-00007,INV-1058,0,1066732,0,0.25,0,10
BT-00007,INV-9476,0,212401,12,0.25,0,10
BT-00007,INV-7549,0,100,5,0.0,0,10
BT-00007,INV-3722,0,1240,11,0.0,0,10
BT-00007,INV-3902,0,1240,4,0.0,0,10
BT-00007,INV-3440,0,839842,0,0.0,0,10
BT-00007,INV-1502,0,100,1,0.0,0,10
BT-00007,INV-8128,0,1088410,5,0.25,0,10
BT-00007,INV-1364,1,0,0,0.25,0,10
BT-00007,INV-7241,0,787242,0,0.0,0,10
BT-00008,INV-4653,0,581412,12,0.333,0,8
BT-00008,INV-2405,0,807064,8,0.333,0,8
BT-00008,INV-4371,0,100,13,0.0,0,8
BT-00008,INV-7782,0,146072,0,0.0,0,8
BT-00008,INV-3194,0,0,9,0.0,0,8
BT-00008,INV-5016,0,1001723,0,0.0,0,8
BT-00008,INV-9392,0,100,8,0.0,0,8
BT-00008,INV-9911,1,0,0,0.333,0,8
BT-00009,INV-2890,1,229713,0,0.5,1,6
BT-00009,INV-7888,0,397039,25,0.5,0,6
BT-00009,INV-2043,0,2059218,0,0.0,0,6
BT-00009,INV-3304,0,493345,3,0.5,0,6
BT-00009,INV-3003,0,229613,24,0.0,0,6
BT-00009,INV-9766,0,1759545,24,0.5,0,6
BT-00010,INV-4401,0,46866,12,0.0,0,9
BT-00010,INV-7998,0,48206,5,0.2,0,9
BT-00010,INV-1222,0,47066,10,0.0,0,9
BT-00010,INV-3133,0,947816,0,0.0,0,9
BT-00010,INV-5224,0,768828,0,0.0,0,9
BT-00010,INV-4062,0,1369924,5,0.5,0,9
BT-00010,INV-4927,1,46966,0,0.5,1,9
BT-00010,INV-1210,0,47066,5,0.2,0,9
BT-00010,INV-4699,0,47066,12,0.0,0,9
BT-00011,INV-1707,0,386626,0,0.0,0,6
BT-00011,INV-1666,0,1049674,7,0.5,0,6
BT-00011,INV-6213,0,1140331,0,0.0,0,6
BT-00011,INV-9360,0,364141,3,0.5,0,6
BT-00011,INV-8684,0,1240,5,0.0,0,6
BT-00011,INV-3624,1,0,0,0.5,1,6
BT-00012,INV-6664,0,1240,4,0.0,0,10
BT-00012,INV-2595,0,0,10,0.0,0,10
BT-00012,INV-8867,1,0,0,0.5,1,10
BT-00012,INV-1947,0,0,8,0.0,0,10
BT-00012,INV-9385,0,38159,0,0.2,0,10
BT-00012,INV-5992,0,126196,8,0.5,0,10
BT-00012,INV-3979,0,100,7,0.2,0,10
BT-00012,INV-9420,0,382131,0,0.0,0,10
BT-00012,INV-9541,0,665953,4,0.5,0,10
BT-00012,INV-2654,0,150710,14,0.5,0,10
BT-00013,INV-7613,0,364904,1,0.333,0,7
BT-00013,INV-2774,1,0,0,0.333,0,7
BT-00013,INV-6450,0,444666,15,0.333,0,7
BT-00013,INV-7723,0,1240,6,0.0,0,7
BT-00013,INV-7861,0,1240,15,0.0,0,7
BT-00013,INV-2684,0,1539,12,0.333,0,7
BT-00013,INV-8091,0,264287,0,0.0,0,7
BT-00014,INV-4316,0,1012148,3,0.25,0,6
BT-00014,INV-8532,1,55368,0,0.25,0,6
BT-00014,INV-2915,0,444715,0,0.0,0,6
BT-00014,INV-1896,0,55268,7,0.25,0,6
BT-00014,INV-7060,0,965261,0,0.0,0,6
BT-00014,INV-1239,0,110828,0,0.0,0,6
BT-00015,INV-2966,0,1260473,4,0.0,0,6
BT-00015,INV-1805,0,583885,6,0.0,0,6
BT-00015,INV-9671,0,587296,0,0.0,0,6
BT-00015,INV-9359,0,1251771,0,0.0,0,6
BT-00015,INV-6829,0,1196216,0,0.0,0,6
BT-00015,INV-5884,1,0,0,0.0,0,6
BT-00016,INV-9769,0,98736,21,0.5,0,4
BT-00016,INV-2316,0,760256,0,0.0,0,4
BT-00016,INV-5302,1,0,0,0.5,1,4
BT-00016,INV-7886,0,15773,3,0.5,0,4
BT-00017,INV-5470,1,137330,0,0.5,1,5
BT-00017,INV-2251,0,674300,0,0.0,0,5
BT-00017,INV-4537,0,71313,0,0.0,0,5
BT-00017,INV-1308,0,137430,16,0.0,0,5
BT-00017,INV-9355,0,285677,0,0.0,0,5
BT-00018,INV-7703,0,100,2,0.0,0,7
BT-00018,INV-1675,0,0,7,0.0,0,7
BT-00018,INV-9385,0,1240,1,0.0,0,7
BT-00018,INV-3909,0,356697,2,0.25,0,7
BT-00018,INV-1808,0,334663,0,0.0,0,7
BT-00018,INV-8933,1,0,0,0.25,0,7
BT-00018,INV-4619,0,1439297,0,0.0,0,7
BT-00019,INV-4336,1,0,0,0.25,0,9
BT-00019,INV-2193,0,271772,0,0.0,0,9
BT-00019,INV-2509,0,329644,3,0.25,0,9
BT-00019,INV-3684,0,419386,16,0.25,0,9
BT-00019,INV-8239,0,1240,2,0.0,0,9
BT-00019,INV-7761,0,1310570,22,0.25,0,9
BT-00019,INV-1741,0,0,20,0.0,0,9
BT-00019,INV-7076,0,1859797,0,0.0,0,9
BT-00019,INV-7773,0,231370,21,0.25,0,9
BT-00020,INV-7295,0,378164,7,0.25,0,8
BT-00020,INV-4128,0,1544663,0,0.0,0,8
BT-00020,INV-7982,0,100,9,0.0,0,8
BT-00020,INV-3646,0,1181864,0,0.0,0,8
BT-00020,INV-2419,0,100,1,0.0,0,8
BT-00020,INV-8444,0,100,0,0.0,0,8
BT-00020,INV-9700,1,0,0,0.25,0,8
BT-00020,INV-1638,0,0,7,0.0,0,8
BT-00021,INV-7153,0,2047972,0,0.0,0,4
BT-00021,INV-7678,0,100,2,0.0,0,4
BT-00021,INV-8704,1,0,0,0.25,0,4
BT-00021,INV-9727,0,0,16,0.0,0,4
BT-00022,INV-3507,1,0,0,0.5,1,8
BT-00022,INV-4884,0,886580,0,0.5,0,8
BT-00022,INV-8811,0,73116,0,0.2,0,8
BT-00022,INV-6232,0,619887,1,0.5,0,8
BT-00022,INV-7292,0,898174,0,0.0,0,8
BT-00022,INV-6045,0,514044,0,0.0,0,8
BT-00022,INV-8206,0,1152241,9,0.5,0,8
BT-00022,INV-5751,0,100,8,0.0,0,8
BT-00023,INV-8556,0,1212106,4,0.333,0,6
BT-00023,INV-5684,0,1301510,0,0.333,0,6
BT-00023,INV-6449,0,1828328,0,0.0,0,6
BT-00023,INV-9967,1,0,0,0.333,0,6
BT-00023,INV-6475,0,1502984,2,0.333,0,6
BT-00023,INV-3751,0,1048313,0,0.0,0,6
BT-00024,INV-4430,0,168079,2,0.0,0,7
BT-00024,INV-9841,0,707196,3,0.5,0,7
BT-00024,INV-6639,0,1261089,0,0.2,0,7
BT-00024,INV-7205,0,168079,2,0.0,0,7
BT-00024,INV-8853,0,220563,0,0.0,0,7
BT-00024,INV-5984,1,167979,0,0.5,1,7
BT-00024,INV-3701,0,167879,2,0.0,0,7
BT-00025,INV-7288,0,30197,0,0.333,0,9
BT-00025,INV-7412,1,0,0,0.333,0,9
BT-00025,INV-8601,0,100,0,0.333,0,9
BT-00025,INV-8136,0,66307,0,0.0,0,9
BT-00025,INV-3822,0,147375,0,0.0,0,9
BT-00025,INV-5652,0,1240,3,0.0,0,9
BT-00025,INV-4201,0,1052577,0,0.333,0,9
BT-00025,INV-8572,0,2058401,0,0.0,0,9
BT-00025,INV-8949,0,0,19,0.0,0,9
BT-00026,INV-2780,0,217493,0,0.0,0,7
BT-00026,INV-4427,0,1240,7,0.0,0,7
BT-00026,INV-5198,0,672603,0,0.0,0,7
BT-00026,INV-6295,0,100,6,0.0,0,7
BT-00026,INV-8513,0,207025,0,0.0,0,7
BT-00026,INV-1582,1,0,0,0.25,0,7
BT-00026,INV-9090,0,842882,13,0.25,0,7
BT-00027,INV-2178,1,0,0,0.333,0,5
BT-00027,INV-3308,0,904258,0,0.333,0,5
BT-00027,INV-8567,0,334756,0,0.0,0,5
BT-00027,INV-2198,0,956570,13,0.333,0,5
BT-00027,INV-4863,0,100,23,0.0,0,5
BT-00028,INV-7991,0,638689,0,0.0,0,9
BT-00028,INV-7921,0,656104,26,0.0,0,9
BT-00028,INV-2258,0,100,1,0.0,0,9
BT-00028,INV-5962,0,412275,0,0.0,0,9
BT-00028,INV-8189,1,0,0,0.0,0,9
BT-00028,INV-8671,0,100,22,0.0,0,9
BT-00028,INV-2346,0,1172228,9,0.0,0,9
BT-00028,INV-2074,0,583829,6,0.0,0,9
BT-00028,INV-4896,0,1760644,0,0.0,0,9
BT-00029,INV-2165,0,1384741,0,0.0,0,10
BT-00029,INV-9324,0,100,13,0.0,0,10
BT-00029,INV-7783,0,1240,12,0.0,0,10
BT-00029,INV-1350,0,1242385,3,0.25,0,10
BT-00029,INV-2621,0,0,17,0.0,0,10
BT-00029,INV-1201,0,985828,9,0.25,0,10
BT-00029,INV-4040,0,457744,3,0.25,0,10
BT-00029,INV-3580,0,1906067,0,0.0,0,10
BT-00029,INV-1209,1,0,0,0.25,0,10
BT-00029,INV-1715,0,100,14,0.0,0,10
BT-00030,INV-4427,0,985432,13,0.0,0,7
BT-00030,INV-6123,0,1879738,0,0.0,0,7
BT-00030,INV-9919,0,2065984,6,0.0,0,7
BT-00030,INV-2969,1,0,0,0.0,0,7
BT-00030,INV-9763,0,100,9,0.0,0,7
BT-00030,INV-3215,0,1701473,0,0.0,0,7
BT-00030,INV-6014,0,116643,16,0.0,0,7
BT-00031,INV-7997,0,457483,0,0.0,0,9
BT-00031,INV-8437,0,653775,15,0.5,0,9
BT-00031,INV-5802,0,100,11,0.0,0,9
BT-00031,INV-7463,0,0,19,0.0,0,9
BT-00031,INV-7278,0,0,1,0.0,0,9
BT-00031,INV-4964,0,100,8,0.2,0,9
BT-00031,INV-3043,0,629375,6,0.5,0,9
BT-00031,INV-3973,1,0,0,0.5,1,9
BT-00031,INV-4088,0,1076163,12,0.5,0,9
BT-00032,INV-8603,0,1481764,12,0.0,0,9
BT-00032,INV-6076,0,275299,14,0.0,0,9
BT-00032,INV-9205,0,501487,3,0.0,0,9
BT-00032,INV-1832,0,1165022,1,0.0,0,9
BT-00032,INV-8020,0,864432,0,0.0,0,9
BT-00032,INV-6614,0,100,10,0.0,0,9
BT-00032,INV-7971,0,490986,0,0.0,0,9
BT-00032,INV-6582,0,0,2,0.0,0,9
BT-00032,INV-7202,1,0,0,0.0,0,9
BT-00033,INV-8429,0,1240,4,0.0,0,6
BT-00033,INV-3531,0,909592,10,0.0,0,6
BT-00033,INV-5985,1,0,0,0.0,0,6
BT-00033,INV-3572,0,100,14,0.0,0,6
BT-00033,INV-2817,0,100,0,0.0,0,6
BT-00033,INV-6917,0,1240,1,0.0,0,6
BT-00034,INV-2385,0,100,7,0.25,0,4
BT-00034,INV-4024,0,468554,11,0.25,0,4
BT-00034,INV-9264,0,372677,0,0.0,0,4
BT-00034,INV-5211,1,0,0,0.25,0,4
BT-00035,INV-6986,0,1822579,1,0.0,0,10
BT-00035,INV-6799,1,0,0,0.0,0,10
BT-00035,INV-8755,0,100,7,0.0,0,10
BT-00035,INV-7220,0,554378,11,0.0,0,10
BT-00035,INV-8187,0,100,7,0.0,0,10
BT-00035,INV-8726,0,1240,15,0.0,0,10
BT-00035,INV-3062,0,987034,8,0.0,0,10
BT-00035,INV-2488,0,100,8,0.0,0,10
BT-00035,INV-5674,0,312395,0,0.0,0,10
BT-00035,INV-1898,0,100,11,0.0,0,10
BT-00036,INV-2355,0,1553143,0,0.0,0,10
BT-00036,INV-3828,1,0,0,0.333,0,10
BT-00036,INV-5113,0,467430,5,0.333,0,10
BT-00036,INV-1472,0,850991,0,0.333,0,10
BT-00036,INV-2885,0,926496,16,0.333,0,10
BT-00036,INV-6494,0,147893,0,0.0,0,10
BT-00036,INV-9183,0,119923,0,0.0,0,10
BT-00036,INV-8969,0,147023,2,0.333,0,10
BT-00036,INV-9787,0,973018,2,0.333,0,10
BT-00036,INV-3132,0,1040999,0,0.0,0,10
BT-00037,INV-1348,0,1160851,0,0.0,0,10
BT-00037,INV-6479,0,0,0,0.0,0,10
BT-00037,INV-8888,0,1240,12,0.0,0,10
BT-00037,INV-3871,0,100,0,0.0,0,10
BT-00037,INV-5119,0,100,5,0.0,0,10
BT-00037,INV-3510,0,79475,0,0.0,0,10
BT-00037,INV-4315,0,190632,1,0.0,0,10
BT-00037,INV-5292,1,0,0,0.0,0,10
BT-00037,INV-6190,0,100,21,0.0,0,10
BT-00037,INV-9985,0,485862,1,0.0,0,10
BT-00038,INV-4918,0,255157,0,0.0,0,8
BT-00038,INV-7169,0,440022,0,0.0,0,8
BT-00038,INV-7520,0,100,6,0.0,0,8
BT-00038,INV-1893,0,100,4,0.0,0,8
BT-00038,INV-1635,0,1240,4,0.2,0,8
BT-00038,INV-7782,0,0,20,0.0,0,8
BT-00038,INV-4625,1,0,0,0.5,1,8
BT-00038,INV-1374,0,1566768,6,0.5,0,8
BT-00039,INV-8012,0,100,10,0.0,0,9
BT-00039,INV-5636,0,238088,2,0.25,0,9
BT-00039,INV-6779,0,1496416,0,0.0,0,9
BT-00039,INV-8023,0,100,2,0.0,0,9
BT-00039,INV-1334,1,0,0,0.25,0,9
BT-00039,INV-6939,0,843685,0,0.0,0,9
BT-00039,INV-3164,0,1105561,0,0.25,0,9
BT-00039,INV-3325,0,417585,0,0.0,0,9
BT-00039,INV-4160,0,1240,18,0.0,0,9
BT-00040,INV-2726,0,1027125,0,0.2,0,4
BT-00040,INV-9458,0,522511,16,0.5,0,4
BT-00040,INV-2602,0,238333,0,0.0,0,4
BT-00040,INV-3220,1,0,0,0.5,1,4
BT-00041,INV-4764,0,416878,0,0.0,0,6
BT-00041,INV-7969,1,164041,0,0.333,0,6
BT-00041,INV-6511,0,882633,7,0.333,0,6
BT-00041,INV-2757,0,1115452,0,0.0,0,6
BT-00041,INV-4747,0,1100533,13,0.333,0,6
BT-00041,INV-9144,0,164041,7,0.0,0,6
BT-00042,INV-4365,0,145873,5,0.5,0,8
BT-00042,INV-7461,0,593070,0,0.0,0,8
BT-00042,INV-1852,0,1171970,0,0.0,0,8
BT-00042,INV-1783,0,1240,9,0.0,0,8
BT-00042,INV-3793,1,0,0,0.5,1,8
BT-00042,INV-5499,0,1818509,0,0.2,0,8
BT-00042,INV-5342,0,0,0,0.5,0,8
BT-00042,INV-2101,0,1545537,2,0.5,0,8
BT-00043,INV-7160,0,1240,1,0.0,0,4
BT-00043,INV-2595,0,1447268,0,0.0,0,4
BT-00043,INV-8599,0,1240,1,0.0,0,4
BT-00043,INV-9885,1,0,0,0.0,0,4
BT-00044,INV-6196,1,0,0,0.333,0,8
BT-00044,INV-2944,0,0,6,0.0,0,8
BT-00044,INV-5208,0,664561,0,0.0,0,8
BT-00044,INV-5739,0,403620,1,0.333,0,8
BT-00044,INV-1985,0,100,17,0.0,0,8
BT-00044,INV-3398,0,62451,12,0.333,0,8
BT-00044,INV-1135,0,1864810,4,0.333,0,8
BT-00044,INV-3144,0,100,14,0.0,0,8
BT-00045,INV-2785,0,358987,8,0.0,0,5
BT-00045,INV-2959,0,85544,0,0.0,0,5
BT-00045,INV-5966,1,145527,0,0.0,0,5
BT-00045,INV-6956,0,145527,10,0.0,0,5
BT-00045,INV-4561,0,7273,4,0.0,0,5
BT-00046,INV-5602,0,1338656,8,0.333,0,8
BT-00046,INV-2684,0,1015790,0,0.0,0,8
BT-00046,INV-9285,0,100,8,0.0,0,8
BT-00046,INV-7617,0,351110,11,0.333,0,8
BT-00046,INV-4410,1,0,0,0.333,0,8
BT-00046,INV-7390,0,830993,5,0.333,0,8
BT-00046,INV-6404,0,1204668,5,0.333,0,8
BT-00046,INV-6049,0,100,7,0.0,0,8
BT-00047,INV-8609,0,961535,10,0.333,0,8
BT-00047,INV-7415,0,243623,21,0.333,0,8
BT-00047,INV-8507,1,103370,0,0.333,0,8
BT-00047,INV-6337,0,361214,0,0.333,0,8
BT-00047,INV-9916,0,103370,26,0.0,0,8
BT-00047,INV-6703,0,8210,0,0.0,0,8
BT-00047,INV-2663,0,103470,19,0.0,0,8
BT-00047,INV-9676,0,517738,15,0.333,0,8
BT-00048,INV-7523,0,0,14,0.0,0,9
BT-00048,INV-3571,0,1112708,15,0.5,0,9
BT-00048,INV-9190,0,2391389,0,0.0,0,9
BT-00048,INV-4697,0,888868,5,0.5,0,9
BT-00048,INV-5008,1,0,0,0.5,1,9
BT-00048,INV-7921,0,1049506,1,0.5,0,9
BT-00048,INV-7435,0,1188091,19,0.5,0,9
BT-00048,INV-5204,0,1757760,4,0.5,0,9
BT-00048,INV-6275,0,1537913,14,0.5,0,9
BT-00049,INV-8109,0,463090,0,0.0,0,8
BT-00049,INV-5435,0,0,8,0.0,0,8
BT-00049,INV-5170,0,0,12,0.0,0,8
BT-00049,INV-7289,0,100,0,0.0,0,8
BT-00049,INV-5489,0,100,13,0.0,0,8
BT-00049,INV-3500,1,0,0,0.0,0,8
BT-00049,INV-8034,0,460974,23,0.0,0,8
BT-00049,INV-9231,0,100,11,0.0,0,8
BT-00050,INV-8330,0,1517607,1,0.25,0,7
BT-00050,INV-2275,1,0,0,0.25,0,7
BT-00050,INV-9419,0,100,9,0.0,0,7
BT-00050,INV-6387,0,100,21,0.0,0,7
BT-00050,INV-3281,0,1983367,0,0.0,0,7
BT-00050,INV-3531,0,0,1,0.0,0,7
BT-00050,INV-5171,0,1951934,0,0.0,0,7
BT-00051,INV-4024,0,100,23,0.0,0,6
BT-00051,INV-2780,0,1898984,0,0.25,0,6
BT-00051,INV-8415,0,1358868,0,0.0,0,6
BT-00051,INV-6003,0,842234,11,0.25,0,6
BT-00051,INV-1909,1,0,0,0.25,0,6
BT-00051,INV-1698,0,0,15,0.0,0,6
BT-00052,INV-3846,0,545866,0,0.0,0,9
BT-00052,INV-3313,0,351852,0,0.25,0,9
BT-00052,INV-6364,0,149057,13,0.25,0,9
BT-00052,INV-8129,0,1240,18,0.0,0,9
BT-00052,INV-4629,0,1240,8,0.0,0,9
BT-00052,INV-6632,1,0,0,0.25,0,9
BT-00052,INV-9627,0,100,14,0.0,0,9
BT-00052,INV-4905,0,1240,13,0.0,0,9
BT-00052,INV-8178,0,100,0,0.0,0,9
BT-00053,INV-2595,0,2064891,0,0.0,0,6
BT-00053,INV-6259,0,2458398,10,0.667,0,6
BT-00053,INV-4971,0,925956,0,0.25,0,6
BT-00053,INV-8660,0,825415,4,0.667,0,6
BT-00053,INV-5638,0,1976303,7,0.667,0,6
BT-00053,INV-1106,1,0,0,0.667,0,6
BT-00054,INV-4569,0,1200075,18,0.5,0,10
BT-00054,INV-6913,1,0,0,0.5,1,10
BT-00054,INV-2333,0,612820,0,0.2,0,10
BT-00054,INV-5313,0,1119980,10,0.5,0,10
BT-00054,INV-4539,0,451915,20,0.5,0,10
BT-00054,INV-8639,0,1162969,1,0.5,0,10
BT-00054,INV-4714,0,408712,9,0.5,0,10
BT-00054,INV-4460,0,100,2,0.0,0,10
BT-00054,INV-6521,0,264318,23,0.5,0,10
BT-00054,INV-3108,0,0,24,0.0,0,10
BT-00055,INV-1896,0,0,10,0.0,0,5
BT-00055,INV-8008,1,0,0,0.25,0,5
BT-00055,INV-1193,0,1137150,0,0.0,0,5
BT-00055,INV-8858,0,0,26,0.0,0,5
BT-00055,INV-1503,0,0,10,0.0,0,5
BT-00056,INV-4385,1,0,0,0.25,0,5
BT-00056,INV-3552,0,179977,18,0.25,0,5
BT-00056,INV-6429,0,1076088,6,0.25,0,5
BT-00056,INV-3535,0,100,1,0.0,0,5
BT-00056,INV-9082,0,100,6,0.0,0,5
BT-00057,INV-6102,0,2016688,0,0.0,0,9
BT-00057,INV-5714,1,0,0,0.25,0,9
BT-00057,INV-5003,0,100,11,0.25,0,9
BT-00057,INV-5008,0,1240,11,0.0,0,9
BT-00057,INV-7675,0,1960001,0,0.0,0,9
BT-00057,INV-1487,0,0,10,0.0,0,9
BT-00057,INV-5147,0,0,2,0.0,0,9
BT-00057,INV-4246,0,0,12,0.0,0,9
BT-00057,INV-4516,0,680825,0,0.25,0,9
BT-00058,INV-1490,0,62910,0,0.0,0,4
BT-00058,INV-7761,0,90348,0,0.0,0,4
BT-00058,INV-6991,1,0,0,0.25,0,4
BT-00058,INV-4608,0,100,4,0.0,0,4
BT-00059,INV-3430,1,0,0,0.0,0,6
BT-00059,INV-4860,0,100,9,0.0,0,6
BT-00059,INV-6529,0,100,13,0.0,0,6
BT-00059,INV-4463,0,100,3,0.0,0,6
BT-00059,INV-4917,0,416000,0,0.0,0,6
BT-00059,INV-8487,0,100,22,0.0,0,6
BT-00060,INV-6884,0,252786,0,0.0,0,10
BT-00060,INV-8149,0,0,14,0.0,0,10
BT-00060,INV-4772,1,0,0,0.25,0,10
BT-00060,INV-5989,0,1124089,13,0.25,0,10
BT-00060,INV-3252,0,0,3,0.0,0,10
BT-00060,INV-8115,0,372890,6,0.25,0,10
BT-00060,INV-8437,0,34101,0,0.0,0,10
BT-00060,INV-1899,0,367269,0,0.0,0,10
BT-00060,INV-5511,0,0,8,0.0,0,10
BT-00060,INV-6751,0,100,13,0.0,0,10
BT-00061,INV-7953,0,430931,0,0.0,0,8
BT-00061,INV-3027,1,0,0,0.5,1,8
BT-00061,INV-6234,0,901083,0,0.2,0,8
BT-00061,INV-1488,0,692781,0,0.2,0,8
BT-00061,INV-4301,0,100,7,0.0,0,8
BT-00061,INV-6555,0,814080,8,0.5,0,8
BT-00061,INV-6837,0,176272,0,0.0,0,8
BT-00061,INV-1713,0,1491011,6,0.5,0,8
BT-00062,INV-1959,0,1187903,0,0.0,0,4
BT-00062,INV-7016,1,0,0,0.0,0,4
BT-00062,INV-6101,0,1389015,0,0.0,0,4
BT-00062,INV-8680,0,2120697,19,0.0,0,4
BT-00063,INV-1219,0,1240,12,0.0,0,9
BT-00063,INV-9427,0,1059319,3,0.5,0,9
BT-00063,INV-2649,0,100,13,0.0,0,9
BT-00063,INV-7180,0,100,23,0.0,0,9
BT-00063,INV-4836,0,689190,4,0.5,0,9
BT-00063,INV-3224,0,100,8,0.0,0,9
BT-00063,INV-4707,1,0,0,0.5,1,9
BT-00063,INV-1908,0,2120350,0,0.0,0,9
BT-00063,INV-6283,0,1158212,23,0.5,0,9
BT-00064,INV-5604,0,1240,15,0.25,0,9
BT-00064,INV-7788,0,0,8,0.0,0,9
BT-00064,INV-5273,0,1598392,11,0.667,0,9
BT-00064,INV-8206,0,1364206,8,0.667,0,9
BT-00064,INV-5449,0,0,10,0.0,0,9
BT-00064,INV-9415,0,1912874,0,0.0,0,9
BT-00064,INV-4900,0,603439,0,0.25,0,9
BT-00064,INV-3142,1,0,0,0.667,0,9
BT-00064,INV-2123,0,398682,0,0.0,0,9
BT-00065,INV-2117,0,1024888,5,0.25,0,10
BT-00065,INV-1822,0,1240,11,0.0,0,10
BT-00065,INV-4427,0,921064,10,0.25,0,10
BT-00065,INV-4486,0,311903,0,0.25,0,10
BT-00065,INV-7620,0,15031,14,0.25,0,10
BT-00065,INV-4969,1,0,0,0.25,0,10
BT-00065,INV-9628,0,134343,0,0.25,0,10
BT-00065,INV-6054,0,1608589,0,0.25,0,10
BT-00065,INV-5423,0,100,9,0.0,0,10
BT-00065,INV-6579,0,1529182,0,0.0,0,10
BT-00066,INV-1634,0,613868,17,0.25,0,6
BT-00066,INV-3334,0,213231,23,0.0,0,6
BT-00066,INV-5014,0,211991,15,0.0,0,6
BT-00066,INV-1265,0,211891,20,0.0,0,6
BT-00066,INV-3005,1,211991,0,0.25,0,6
BT-00066,INV-5690,0,213231,4,0.25,0,6
BT-00067,INV-8675,0,452032,23,0.0,0,8
BT-00067,INV-7461,0,15855,0,0.0,0,8
BT-00067,INV-2566,0,719858,0,0.0,0,8
BT-00067,INV-4072,0,1240,15,0.0,0,8
BT-00067,INV-7441,0,0,8,0.0,0,8
BT-00067,INV-8363,0,100,0,0.0,0,8
BT-00067,INV-6099,0,100,14,0.0,0,8
BT-00067,INV-9973,1,0,0,0.0,0,8
BT-00068,INV-9513,0,569163,21,0.25,0,5
BT-00068,INV-5695,0,1240,2,0.0,0,5
BT-00068,INV-8360,0,344574,0,0.25,0,5
BT-00068,INV-4592,1,0,0,0.25,0,5
BT-00068,INV-6292,0,378567,0,0.0,0,5
BT-00069,INV-7785,0,1240,26,0.0,0,7
BT-00069,INV-5524,0,828137,5,0.25,0,7
BT-00069,INV-7262,0,944154,8,0.25,0,7
BT-00069,INV-1464,0,283170,0,0.0,0,7
BT-00069,INV-1783,0,100,10,0.0,0,7
BT-00069,INV-4728,0,752927,17,0.25,0,7
BT-00069,INV-2455,1,0,0,0.25,0,7
BT-00070,INV-2197,0,469421,0,0.2,0,9
BT-00070,INV-9628,0,0,8,0.2,0,9
BT-00070,INV-5727,0,0,24,0.2,0,9
BT-00070,INV-1726,0,320476,18,0.5,0,9
BT-00070,INV-2961,0,98595,0,0.0,0,9
BT-00070,INV-2129,0,0,6,0.0,0,9
BT-00070,INV-9822,1,0,0,0.5,1,9
BT-00070,INV-7858,0,1483858,0,0.2,0,9
BT-00070,INV-4995,0,651780,0,0.0,0,9
BT-00071,INV-7393,0,223597,11,0.5,0,10
BT-00071,INV-7925,0,0,4,0.0,0,10
BT-00071,INV-9988,0,1096461,0,0.0,0,10
BT-00071,INV-9789,0,264469,3,0.5,0,10
BT-00071,INV-1827,1,0,0,0.5,1,10
BT-00071,INV-4048,0,129078,13,0.5,0,10
BT-00071,INV-4827,0,781364,0,0.0,0,10
BT-00071,INV-9713,0,0,3,0.0,0,10
BT-00071,INV-6143,0,953488,4,0.5,0,10
BT-00071,INV-9035,0,626119,0,0.0,0,10
BT-00072,INV-3599,1,53026,0,0.0,0,6
BT-00072,INV-9842,0,274431,4,0.0,0,6
BT-00072,INV-1374,0,93646,0,0.0,0,6
BT-00072,INV-2922,0,743218,17,0.0,0,6
BT-00072,INV-9593,0,52926,1,0.0,0,6
BT-00072,INV-9509,0,995101,5,0.0,0,6
BT-00073,INV-1478,1,0,0,0.5,1,9
BT-00073,INV-9791,0,4479,15,0.5,0,9
BT-00073,INV-7262,0,673047,0,0.2,0,9
BT-00073,INV-3974,0,154028,0,0.0,0,9
BT-00073,INV-6645,0,765660,7,0.5,0,9
BT-00073,INV-4366,0,430981,0,0.0,0,9
BT-00073,INV-7332,0,528349,6,0.5,0,9
BT-00073,INV-8573,0,115833,0,0.0,0,9
BT-00073,INV-7082,0,953932,0,0.0,0,9
BT-00074,INV-9929,0,0,10,0.0,0,7
BT-00074,INV-4625,0,1770055,0,0.0,0,7
BT-00074,INV-7297,0,439347,0,0.25,0,7
BT-00074,INV-4082,0,1240,21,0.0,0,7
BT-00074,INV-8412,0,100,10,0.0,0,7
BT-00074,INV-9364,1,0,0,0.25,0,7
BT-00074,INV-1917,0,100,24,0.0,0,7
BT-00075,INV-2507,0,100,7,0.0,0,9
BT-00075,INV-1980,0,204290,4,0.0,0,9
BT-00075,INV-7916,0,1423672,14,0.0,0,9
BT-00075,INV-8881,0,302202,0,0.0,0,9
BT-00075,INV-9845,0,1240,4,0.0,0,9
BT-00075,INV-1581,0,529318,0,0.0,0,9
BT-00075,INV-5225,0,271516,5,0.0,0,9
BT-00075,INV-2832,0,100,8,0.0,0,9
BT-00075,INV-4126,1,0,0,0.0,0,9
BT-00076,INV-3414,1,0,0,0.0,0,7
BT-00076,INV-7626,0,1847393,0,0.0,0,7
BT-00076,INV-3944,0,0,12,0.0,0,7
BT-00076,INV-6816,0,50866,1,0.0,0,7
BT-00076,INV-9803,0,58118,7,0.0,0,7
BT-00076,INV-9208,0,1985903,2,0.0,0,7
BT-00076,INV-1957,0,100,11,0.0,0,7
BT-00077,INV-6293,0,100,17,0.0,0,7
BT-00077,INV-8912,0,1151717,18,0.25,0,7
BT-00077,INV-9537,0,1573930,0,0.0,0,7
BT-00077,INV-5330,0,286874,15,0.25,0,7
BT-00077,INV-2255,0,1716537,0,0.0,0,7
BT-00077,INV-2004,1,0,0,0.25,0,7
BT-00077,INV-5382,0,0,10,0.0,0,7
BT-00078,INV-7531,0,100,14,0.0,0,10
BT-00078,INV-3080,0,103170,0,0.0,0,10
BT-00078,INV-4127,0,1352354,0,0.0,0,10
BT-00078,INV-2297,1,0,0,0.0,0,10
BT-00078,INV-1848,0,1210888,12,0.0,0,10
BT-00078,INV-8067,0,791097,0,0.0,0,10
BT-00078,INV-1954,0,1240,1,0.0,0,10
BT-00078,INV-9660,0,1240,7,0.0,0,10
BT-00078,INV-3115,0,1597063,0,0.0,0,10
BT-00078,INV-1077,0,1240,7,0.0,0,10
BT-00079,INV-4452,1,0,0,0.667,0,6
BT-00079,INV-3976,0,1123824,13,0.667,0,6
BT-00079,INV-1922,0,32056,6,0.667,0,6
BT-00079,INV-6323,0,449367,9,0.667,0,6
BT-00079,INV-2660,0,0,2,0.0,0,6
BT-00079,INV-1379,0,100,9,0.0,0,6
BT-00080,INV-7075,0,100,15,0.0,0,5
BT-00080,INV-1145,0,1905011,2,0.25,0,5
BT-00080,INV-1280,0,1451531,0,0.0,0,5
BT-00080,INV-7285,1,0,0,0.25,0,5
BT-00080,INV-1787,0,0,1,0.0,0,5
BT-00081,INV-4985,0,1071593,10,0.25,0,8
BT-00081,INV-4224,0,691556,0,0.0,0,8
BT-00081,INV-4010,0,83782,3,0.0,0,8
BT-00081,INV-4863,0,455366,14,0.25,0,8
BT-00081,INV-2174,0,590231,13,0.25,0,8
BT-00081,INV-2660,0,1161361,12,0.25,0,8
BT-00081,INV-7470,0,1289461,9,0.25,0,8
BT-00081,INV-6876,1,83682,0,0.25,0,8
BT-00082,INV-8443,0,100,8,0.0,0,6
BT-00082,INV-5691,0,374570,8,0.333,0,6
BT-00082,INV-7807,0,386837,10,0.333,0,6
BT-00082,INV-3171,0,84014,0,0.0,0,6
BT-00082,INV-1313,1,0,0,0.333,0,6
BT-00082,INV-1439,0,1240,4,0.333,0,6
BT-00083,INV-8626,0,852434,0,0.0,0,7
BT-00083,INV-5020,0,0,15,0.0,0,7
BT-00083,INV-1988,0,100,6,0.0,0,7
BT-00083,INV-5493,0,100,6,0.0,0,7
BT-00083,INV-6138,1,0,0,0.25,0,7
BT-00083,INV-7529,0,1240,15,0.0,0,7
BT-00083,INV-4731,0,11856,2,0.25,0,7
BT-00084,INV-9539,0,100,26,0.0,0,8
BT-00084,INV-6671,0,1480274,11,0.0,0,8
BT-00084,INV-5082,0,1240,2,0.0,0,8
BT-00084,INV-5519,0,23062,0,0.0,0,8
BT-00084,INV-8202,0,212624,10,0.0,0,8
BT-00084,INV-2739,0,0,6,0.0,0,8
BT-00084,INV-2369,1,0,0,0.0,0,8
BT-00084,INV-4060,0,482942,1,0.0,0,8
BT-00085,INV-3613,1,0,0,0.5,1,10
BT-00085,INV-2156,0,1080000,0,0.0,0,10
BT-00085,INV-9509,0,100,2,0.0,0,10
BT-00085,INV-6163,0,1473325,1,0.5,0,10
BT-00085,INV-2658,0,0,6,0.0,0,10
BT-00085,INV-1374,0,2082113,0,0.0,0,10
BT-00085,INV-7715,0,1538257,18,0.5,0,10
BT-00085,INV-4318,0,1240,5,0.0,0,10
BT-00085,INV-7858,0,248346,0,0.0,0,10
BT-00085,INV-5384,0,2075962,0,0.0,0,10
BT-00086,INV-5365,0,360535,19,0.333,0,6
BT-00086,INV-4484,0,474659,10,0.333,0,6
BT-00086,INV-3250,0,250202,0,0.0,0,6
BT-00086,INV-3802,0,222538,14,0.333,0,6
BT-00086,INV-5109,1,0,0,0.333,0,6
BT-00086,INV-1516,0,236561,0,0.0,0,6
BT-00087,INV-9475,1,0,0,0.667,0,8
BT-00087,INV-8212,0,276586,0,0.0,0,8
BT-00087,INV-3613,0,1033331,4,0.667,0,8
BT-00087,INV-3808,0,669826,21,0.667,0,8
BT-00087,INV-5382,0,579764,18,0.667,0,8
BT-00087,INV-5501,0,1240,7,0.25,0,8
BT-00087,INV-8312,0,1820981,0,0.0,0,8
BT-00087,INV-3347,0,1625203,0,0.25,0,8
BT-00088,INV-1008,0,978483,8,0.5,0,9
BT-00088,INV-3606,1,0,0,0.5,1,9
BT-00088,INV-1570,0,50740,2,0.5,0,9
BT-00088,INV-6523,0,100,18,0.0,0,9
BT-00088,INV-6782,0,1536324,1,0.5,0,9
BT-00088,INV-1957,0,1760065,0,0.0,0,9
BT-00088,INV-3929,0,89967,17,0.5,0,9
BT-00088,INV-6696,0,1640677,13,0.5,0,9
BT-00088,INV-9274,0,1240,9,0.2,0,9
BT-00089,INV-9689,1,0,0,0.5,1,10
BT-00089,INV-1155,0,1464727,0,0.0,0,10
BT-00089,INV-6329,0,67246,0,0.0,0,10
BT-00089,INV-1747,0,740434,0,0.0,0,10
BT-00089,INV-6953,0,1492179,18,0.5,0,10
BT-00089,INV-8450,0,32570,0,0.0,0,10
BT-00089,INV-8823,0,1932114,12,0.5,0,10
BT-00089,INV-4786,0,1240,5,0.0,0,10
BT-00089,INV-4866,0,0,3,0.2,0,10
BT-00089,INV-6641,0,1167220,0,0.2,0,10
BT-00090,INV-4460,0,1923641,6,0.0,0,9
BT-00090,INV-5941,0,564338,0,0.0,0,9
BT-00090,INV-3941,0,225483,0,0.0,0,9
BT-00090,INV-8188,0,1886704,9,0.0,0,9
BT-00090,INV-1004,1,30634,0,0.0,0,9
BT-00090,INV-7482,0,31874,21,0.0,0,9
BT-00090,INV-6857,0,31874,16,0.0,0,9
BT-00090,INV-2642,0,30634,4,0.0,0,9
BT-00090,INV-5032,0,2118426,13,0.0,0,9
BT-00091,INV-5149,0,495821,7,0.333,0,10
BT-00091,INV-4146,0,1740073,0,0.0,0,10
BT-00091,INV-4583,0,120522,0,0.0,0,10
BT-00091,INV-3588,0,261002,8,0.333,0,10
BT-00091,INV-2349,0,1497997,3,0.333,0,10
BT-00091,INV-3286,0,1396315,3,0.333,0,10
BT-00091,INV-2540,1,0,0,0.333,0,10
BT-00091,INV-8424,0,375712,0,0.0,0,10
BT-00091,INV-8001,0,100,12,0.0,0,10
BT-00091,INV-4658,0,1561638,0,0.0,0,10
BT-00092,INV-3077,0,114977,21,0.0,0,7
BT-00092,INV-3925,1,114977,0,0.5,1,7
BT-00092,INV-8226,0,665105,0,0.2,0,7
BT-00092,INV-2769,0,114877,19,0.2,0,7
BT-00092,INV-2489,0,115077,8,0.0,0,7
BT-00092,INV-3457,0,180129,12,0.5,0,7
BT-00092,INV-1202,0,39889,16,0.5,0,7
BT-00093,INV-6086,0,100,16,0.0,0,8
BT-00093,INV-3267,0,768242,27,0.25,0,8
BT-00093,INV-5338,0,100,6,0.0,0,8
BT-00093,INV-7192,0,1240,23,0.25,0,8
BT-00093,INV-1624,0,1581686,0,0.25,0,8
BT-00093,INV-1851,0,361534,8,0.25,0,8
BT-00093,INV-1663,0,1133339,0,0.0,0,8
BT-00093,INV-5311,1,0,0,0.25,0,8
BT-00094,INV-5549,0,482866,17,0.5,0,5
BT-00094,INV-3923,1,0,0,0.5,1,5
BT-00094,INV-8413,0,100,2,0.0,0,5
BT-00094,INV-5920,0,1192117,4,0.5,0,5
BT-00094,INV-3609,0,150158,14,0.5,0,5
BT-00095,INV-2463,0,930194,0,0.0,0,6
BT-00095,INV-4768,0,124559,2,0.333,0,6
BT-00095,INV-6172,0,100,14,0.0,0,6
BT-00095,INV-8379,1,0,0,0.333,0,6
BT-00095,INV-7929,0,208078,2,0.333,0,6
BT-00095,INV-9075,0,100,4,0.0,0,6
BT-00096,INV-6508,0,1679799,0,0.0,0,4
BT-00096,INV-7746,1,0,0,0.5,1,4
BT-00096,INV-8783,0,0,8,0.0,0,4
BT-00096,INV-8142,0,1144599,17,0.5,0,4
BT-00097,INV-7379,0,170586,1,0.0,0,4
BT-00097,INV-9251,0,169346,0,0.0,0,4
BT-00097,INV-4561,0,196177,0,0.0,0,4
BT-00097,INV-5619,1,169346,0,0.333,0,4
BT-00098,INV-3815,0,253405,9,0.25,0,7
BT-00098,INV-6623,0,587062,19,0.25,0,7
BT-00098,INV-6705,0,0,12,0.25,0,7
BT-00098,INV-4864,0,1240,4,0.0,0,7
BT-00098,INV-1721,1,0,0,0.25,0,7
BT-00098,INV-2688,0,462231,0,0.0,0,7
BT-00098,INV-2303,0,252955,5,0.25,0,7
BT-00099,INV-7407,1,0,0,0.5,1,8
BT-00099,INV-5431,0,1240,9,0.0,0,8
BT-00099,INV-3073,0,1240,5,0.0,0,8
BT-00099,INV-1351,0,237948,0,0.0,0,8
BT-00099,INV-8769,0,207131,10,0.5,0,8
BT-00099,INV-6191,0,1932520,1,0.5,0,8
BT-00099,INV-9617,0,254701,0,0.0,0,8
BT-00099,INV-7438,0,1127373,0,0.0,0,8
BT-00100,INV-4111,0,100,12,0.0,0,4
BT-00100,INV-2644,0,100,8,0.0,0,4
BT-00100,INV-3922,0,739922,2,0.333,0,4
BT-00100,INV-2584,1,0,0,0.333,0,4
BT-00101,INV-3536,0,413184,0,0.0,0,6
BT-00101,INV-5892,0,100,15,0.0,0,6
BT-00101,INV-5923,0,1299948,3,0.5,0,6
BT-00101,INV-6771,0,908616,0,0.0,0,6
BT-00101,INV-7341,1,0,0,0.5,1,6
BT-00101,INV-4065,0,100,0,0.0,0,6
BT-00102,INV-5132,0,0,21,0.0,0,7
BT-00102,INV-3353,0,57607,24,0.0,0,7
BT-00102,INV-3864,0,1161423,0,0.0,0,7
BT-00102,INV-1181,0,0,0,0.0,0,7
BT-00102,INV-6075,1,0,0,0.0,0,7
BT-00102,INV-9794,0,18277,0,0.0,0,7
BT-00102,INV-5826,0,1240,12,0.0,0,7
BT-00103,INV-4050,0,100,1,0.0,0,9
BT-00103,INV-5831,0,1317468,0,0.0,0,9
BT-00103,INV-6967,0,889503,0,0.0,0,9
BT-00103,INV-2390,0,1240,12,0.0,0,9
BT-00103,INV-8848,1,0,0,0.0,0,9
BT-00103,INV-5655,0,100,7,0.0,0,9
BT-00103,INV-5182,0,709206,1,0.0,0,9
BT-00103,INV-4449,0,1773098,2,0.0,0,9
BT-00103,INV-7613,0,876583,12,0.0,0,9
BT-00104,INV-8715,0,0,4,0.0,0,8
BT-00104,INV-7406,0,0,1,0.0,0,8
BT-00104,INV-1960,0,0,12,0.0,0,8
BT-00104,INV-5907,0,503852,10,0.5,0,8
BT-00104,INV-8976,0,425994,14,0.5,0,8
BT-00104,INV-5575,0,659656,1,0.5,0,8
BT-00104,INV-6994,0,599317,4,0.5,0,8
BT-00104,INV-3377,1,0,0,0.5,1,8
BT-00105,INV-2232,1,0,0,0.0,0,9
BT-00105,INV-3007,0,336886,0,0.0,0,9
BT-00105,INV-3313,0,0,12,0.0,0,9
BT-00105,INV-1295,0,100,15,0.0,0,9
BT-00105,INV-5859,0,684852,1,0.0,0,9
BT-00105,INV-4256,0,100,7,0.0,0,9
BT-00105,INV-8935,0,1266455,0,0.0,0,9
BT-00105,INV-5371,0,478514,1,0.0,0,9
BT-00105,INV-9646,0,1207371,0,0.0,0,9
BT-00106,INV-7769,0,887444,2,0.25,0,5
BT-00106,INV-6970,0,393899,15,0.25,0,5
BT-00106,INV-2777,0,100,1,0.0,0,5
BT-00106,INV-6352,1,0,0,0.25,0,5
BT-00106,INV-4561,0,1848458,0,0.25,0,5
BT-00107,INV-2756,1,0,0,0.0,0,9
BT-00107,INV-8350,0,0,9,0.0,0,9
BT-00107,INV-7612,0,1240,2,0.0,0,9
BT-00107,INV-3314,0,417255,0,0.0,0,9
BT-00107,INV-7449,0,100,4,0.0,0,9
BT-00107,INV-9911,0,1591037,8,0.0,0,9
BT-00107,INV-6728,0,0,13,0.0,0,9
BT-00107,INV-3958,0,399144,10,0.0,0,9
BT-00107,INV-3428,0,881971,12,0.0,0,9
BT-00108,INV-9330,0,1240,7,0.0,0,8
BT-00108,INV-6833,0,1959145,20,0.0,0,8
BT-00108,INV-8953,0,926605,24,0.0,0,8
BT-00108,INV-4048,0,230566,2,0.0,0,8
BT-00108,INV-9589,0,360452,0,0.0,0,8
BT-00108,INV-2753,0,1240,16,0.0,0,8
BT-00108,INV-6455,1,0,0,0.0,0,8
BT-00108,INV-8541,0,1080250,0,0.0,0,8
BT-00109,INV-2999,0,100,8,0.0,0,8
BT-00109,INV-3090,1,0,0,0.0,0,8
BT-00109,INV-8619,0,0,0,0.0,0,8
BT-00109,INV-3318,0,100,3,0.0,0,8
BT-00109,INV-4436,0,1240,16,0.0,0,8
BT-00109,INV-9450,0,100,1,0.0,0,8
BT-00109,INV-4012,0,566669,0,0.0,0,8
BT-00109,INV-7812,0,100,7,0.0,0,8
BT-00110,INV-3175,0,78179,0,0.0,0,6
BT-00110,INV-6226,0,59672,21,0.25,0,6
BT-00110,INV-2706,0,706169,7,0.25,0,6
BT-00110,INV-7748,0,1368943,25,0.25,0,6
BT-00110,INV-9574,1,0,0,0.25,0,6
BT-00110,INV-8547,0,0,0,0.0,0,6
BT-00111,INV-9404,0,100,1,0.0,0,8
BT-00111,INV-6005,0,797714,0,0.0,0,8
BT-00111,INV-6561,0,1116506,0,0.0,0,8
BT-00111,INV-8859,0,100,9,0.0,0,8
BT-00111,INV-6407,1,0,0,0.5,1,8
BT-00111,INV-8542,0,1274226,16,0.5,0,8
BT-00111,INV-9988,0,533034,0,0.0,0,8
BT-00111,INV-1385,0,1529997,4,0.5,0,8
BT-00112,INV-5617,0,156547,0,0.0,0,4
BT-00112,INV-7262,0,1580811,13,0.0,0,4
BT-00112,INV-8523,0,763643,4,0.0,0,4
BT-00112,INV-9714,1,0,0,0.0,0,4
BT-00113,INV-9873,0,697820,11,0.333,0,4
BT-00113,INV-8203,0,321398,10,0.333,0,4
BT-00113,INV-8588,0,306310,9,0.333,0,4
BT-00113,INV-4580,1,0,0,0.333,0,4
BT-00114,INV-8958,1,0,0,0.333,0,6
BT-00114,INV-3611,0,540477,9,0.333,0,6
BT-00114,INV-6913,0,153117,0,0.0,0,6
BT-00114,INV-3560,0,1240,12,0.0,0,6
BT-00114,INV-6138,0,100,10,0.0,0,6
BT-00114,INV-4493,0,92617,7,0.333,0,6
BT-00115,INV-1354,0,787229,9,0.5,0,7
BT-00115,INV-5414,0,618867,0,0.0,0,7
BT-00115,INV-7787,0,1475871,0,0.2,0,7
BT-00115,INV-6523,0,446412,0,0.0,0,7
BT-00115,INV-2696,0,1833559,4,0.5,0,7
BT-00115,INV-6363,0,0,13,0.0,0,7
BT-00115,INV-8959,1,0,0,0.5,1,7
BT-00116,INV-9840,0,410106,4,0.25,0,8
BT-00116,INV-2786,0,1240,2,0.0,0,8
BT-00116,INV-6586,1,0,0,0.25,0,8
BT-00116,INV-6159,0,0,2,0.0,0,8
BT-00116,INV-7286,0,100,4,0.0,0,8
BT-00116,INV-2515,0,100,6,0.0,0,8
BT-00116,INV-7396,0,198875,5,0.25,0,8
BT-00116,INV-2232,0,100,5,0.0,0,8
BT-00117,INV-3282,1,0,0,0.0,0,9
BT-00117,INV-5977,0,0,5,0.0,0,9
BT-00117,INV-5444,0,501383,9,0.0,0,9
BT-00117,INV-7697,0,100,15,0.0,0,9
BT-00117,INV-8970,0,93111,0,0.0,0,9
BT-00117,INV-9660,0,0,3,0.0,0,9
BT-00117,INV-7886,0,1169911,21,0.0,0,9
BT-00117,INV-5462,0,1240,14,0.0,0,9
BT-00117,INV-2931,0,156326,0,0.0,0,9
BT-00118,INV-4150,0,286716,0,0.0,0,5
BT-00118,INV-9634,0,965947,0,0.0,0,5
BT-00118,INV-8873,0,234169,17,0.25,0,5
BT-00118,INV-9911,0,1824662,0,0.0,0,5
BT-00118,INV-8741,1,234269,0,0.25,0,5
BT-00119,INV-4468,0,0,16,0.0,0,10
BT-00119,INV-9718,0,1987428,0,0.0,0,10
BT-00119,INV-3477,0,780640,13,0.333,0,10
BT-00119,INV-3991,0,1189899,5,0.333,0,10
BT-00119,INV-6930,0,57180,6,0.333,0,10
BT-00119,INV-7954,0,1872737,0,0.0,0,10
BT-00119,INV-4634,0,1240,1,0.0,0,10
BT-00119,INV-6432,0,1081603,6,0.333,0,10
BT-00119,INV-4857,1,0,0,0.333,0,10
BT-00119,INV-3785,0,166347,4,0.333,0,10
BT-00120,INV-9541,0,51545,11,0.5,0,4
BT-00120,INV-6505,0,100,5,0.0,0,4
BT-00120,INV-3430,0,533947,8,0.5,0,4
BT-00120,INV-8953,1,0,0,0.5,1,4
BT-00121,INV-9943,0,2281807,12,0.333,0,6
BT-00121,INV-3265,0,100,1,0.0,0,6
BT-00121,INV-4067,0,1168077,13,0.333,0,6
BT-00121,INV-1335,0,1941394,14,0.333,0,6
BT-00121,INV-6360,1,0,0,0.333,0,6
BT-00121,INV-7680,0,0,2,0.0,0,6
BT-00122,INV-1990,0,1240,7,0.0,0,5
BT-00122,INV-7811,1,0,0,0.5,1,5
BT-00122,INV-4542,0,788584,0,0.0,0,5
BT-00122,INV-2147,0,1021208,4,0.5,0,5
BT-00122,INV-6290,0,100,13,0.0,0,5
BT-00123,INV-5593,1,0,0,0.5,1,10
BT-00123,INV-7685,0,1890933,1,0.5,0,10
BT-00123,INV-3910,0,803855,7,0.5,0,10
BT-00123,INV-1759,0,124290,0,0.0,0,10
BT-00123,INV-6427,0,100,5,0.2,0,10
BT-00123,INV-7738,0,1103362,6,0.5,0,10
BT-00123,INV-6339,0,655029,2,0.5,0,10
BT-00123,INV-5988,0,2392853,18,0.5,0,10
BT-00123,INV-1715,0,551662,6,0.5,0,10
BT-00123,INV-9850,0,1144057,5,0.5,0,10
BT-00124,INV-4360,0,0,1,0.0,0,5
BT-00124,INV-7144,1,0,0,0.5,1,5
BT-00124,INV-8422,0,100,8,0.0,0,5
BT-00124,INV-5319,0,0,7,0.0,0,5
BT-00124,INV-1688,0,1647961,3,0.5,0,5
BT-00125,INV-3373,0,1553012,0,0.0,0,10
BT-00125,INV-5233,1,27175,0,0.25,0,10
BT-00125,INV-8587,0,1341960,11,0.25,0,10
BT-00125,INV-9864,0,27175,19,0.0,0,10
BT-00125,INV-2605,0,923891,0,0.0,0,10
BT-00125,INV-4316,0,63875,1,0.25,0,10
BT-00125,INV-3745,0,1547386,18,0.25,0,10
BT-00125,INV-7219,0,714163,22,0.25,0,10
BT-00125,INV-1752,0,1802647,0,0.0,0,10
BT-00125,INV-7801,0,28415,14,0.0,0,10
BT-00126,INV-4340,0,100,5,0.0,0,8
BT-00126,INV-4892,1,0,0,0.25,0,8
BT-00126,INV-3946,0,73383,0,0.0,0,8
BT-00126,INV-9554,0,209243,0,0.0,0,8
BT-00126,INV-8822,0,310404,7,0.25,0,8
BT-00126,INV-9315,0,1240,17,0.0,0,8
BT-00126,INV-1080,0,100,2,0.0,0,8
BT-00126,INV-6199,0,237355,6,0.25,0,8
BT-00127,INV-1991,0,1252234,18,0.5,0,9
BT-00127,INV-4903,0,1860180,7,0.5,0,9
BT-00127,INV-1167,0,100,9,0.0,0,9
BT-00127,INV-3368,0,100,1,0.2,0,9
BT-00127,INV-3552,0,1240,5,0.0,0,9
BT-00127,INV-7732,0,1240,2,0.2,0,9
BT-00127,INV-9000,0,2470359,0,0.0,0,9
BT-00127,INV-3000,1,0,0,0.5,1,9
BT-00127,INV-1577,0,100,15,0.0,0,9
BT-00128,INV-7726,0,27691,2,0.0,0,4
BT-00128,INV-6884,0,401416,0,0.0,0,4
BT-00128,INV-7744,0,26551,2,0.0,0,4
BT-00128,INV-3352,1,26451,0,0.25,0,4
BT-00129,INV-7958,1,0,0,0.25,0,9
BT-00129,INV-3868,0,350435,0,0.0,0,9
BT-00129,INV-3383,0,1175186,13,0.25,0,9
BT-00129,INV-5735,0,416804,18,0.25,0,9
BT-00129,INV-2976,0,589545,2,0.25,0,9
BT-00129,INV-6435,0,100,22,0.0,0,9
BT-00129,INV-7438,0,721586,0,0.0,0,9
BT-00129,INV-1404,0,1485652,0,0.0,0,9
BT-00129,INV-6429,0,0,19,0.0,0,9
BT-00130,INV-5935,0,145348,17,0.5,0,4
BT-00130,INV-2419,1,0,0,0.5,1,4
BT-00130,INV-4675,0,1910460,0,0.0,0,4
BT-00130,INV-9375,0,100,11,0.0,0,4
BT-00131,INV-9729,0,316052,0,0.0,0,8
BT-00131,INV-2954,1,0,0,0.333,0,8
BT-00131,INV-3154,0,478983,10,0.333,0,8
BT-00131,INV-5957,0,1111487,0,0.0,0,8
BT-00131,INV-3009,0,0,2,0.0,0,8
BT-00131,INV-1235,0,260297,23,0.333,0,8
BT-00131,INV-3001,0,489981,0,0.333,0,8
BT-00131,INV-4757,0,1240,5,0.0,0,8
BT-00132,INV-5635,0,228869,19,0.5,0,4
BT-00132,INV-4025,0,1240,5,0.0,0,4
BT-00132,INV-3065,0,980799,0,0.0,0,4
BT-00132,INV-7647,1,0,0,0.5,1,4
BT-00133,INV-5211,0,1996754,12,0.333,0,7
BT-00133,INV-3152,0,5464,3,0.0,0,7
BT-00133,INV-5127,0,5464,2,0.0,0,7
BT-00133,INV-1099,1,4224,0,0.333,0,7
BT-00133,INV-4459,0,1179494,19,0.333,0,7
BT-00133,INV-1630,0,486992,8,0.333,0,7
BT-00133,INV-4275,0,1105295,0,0.0,0,7
BT-00134,INV-8884,0,870062,15,0.0,0,9
BT-00134,INV-9803,0,288731,16,0.0,0,9
BT-00134,INV-1609,0,2320035,5,0.0,0,9
BT-00134,INV-6975,0,100,26,0.0,0,9
BT-00134,INV-6328,0,1335831,14,0.0,0,9
BT-00134,INV-6585,0,2058849,0,0.0,0,9
BT-00134,INV-1240,0,692470,11,0.0,0,9
BT-00134,INV-9585,1,0,0,0.0,0,9
BT-00134,INV-7256,0,100,6,0.0,0,9
BT-00135,INV-3443,0,1240,20,0.0,0,8
BT-00135,INV-3752,0,352625,21,0.25,0,8
BT-00135,INV-7502,1,0,0,0.25,0,8
BT-00135,INV-7022,0,100,18,0.0,0,8
BT-00135,INV-6911,0,100,1,0.0,0,8
BT-00135,INV-3807,0,52680,0,0.0,0,8
BT-00135,INV-6820,0,100,19,0.0,0,8
BT-00135,INV-9806,0,278137,14,0.25,0,8
BT-00136,INV-4911,1,0,0,0.0,0,4
BT-00136,INV-3612,0,1240,21,0.0,0,4
BT-00136,INV-6179,0,1298307,0,0.0,0,4
BT-00136,INV-7792,0,100,14,0.0,0,4
BT-00137,INV-7144,0,1848295,0,0.0,0,6
BT-00137,INV-9764,1,0,0,0.25,0,6
BT-00137,INV-2992,0,100,21,0.0,0,6
BT-00137,INV-5560,0,677948,0,0.25,0,6
BT-00137,INV-4250,0,1484381,9,0.25,0,6
BT-00137,INV-5511,0,558864,0,0.0,0,6
BT-00138,INV-7224,1,0,0,0.5,1,5
BT-00138,INV-4002,0,1240,22,0.0,0,5
BT-00138,INV-9729,0,100,8,0.0,0,5
BT-00138,INV-4975,0,0,4,0.0,0,5
BT-00138,INV-1739,0,998945,0,0.0,0,5
BT-00139,INV-7067,0,100,4,0.0,0,8
BT-00139,INV-2749,0,224180,12,0.0,0,8
BT-00139,INV-5324,0,100,0,0.0,0,8
BT-00139,INV-9492,0,1692242,15,0.0,0,8
BT-00139,INV-9490,0,0,16,0.0,0,8
BT-00139,INV-9905,1,0,0,0.0,0,8
BT-00139,INV-3444,0,1565883,16,0.0,0,8
BT-00139,INV-2882,0,597408,0,0.0,0,8
BT-00140,INV-9268,0,162700,9,0.333,0,6
BT-00140,INV-8859,0,2064576,16,0.333,0,6
BT-00140,INV-3170,0,748917,1,0.333,0,6
BT-00140,INV-2103,0,207730,0,0.0,0,6
BT-00140,INV-3028,1,46681,0,0.333,0,6
BT-00140,INV-9190,0,1452477,2,0.333,0,6
BT-00141,INV-5024,0,311755,0,0.0,0,8
BT-00141,INV-5232,0,367115,10,0.333,0,8
BT-00141,INV-1994,0,13144,12,0.333,0,8
BT-00141,INV-7128,0,476467,0,0.0,0,8
BT-00141,INV-4924,0,1462620,0,0.0,0,8
BT-00141,INV-3651,0,100,3,0.0,0,8
BT-00141,INV-8515,0,559887,0,0.0,0,8
BT-00141,INV-1782,1,0,0,0.333,0,8
BT-00142,INV-4782,1,0,0,0.5,1,6
BT-00142,INV-1574,0,947577,4,0.5,0,6
BT-00142,INV-5156,0,1830804,10,0.5,0,6
BT-00142,INV-3977,0,100,18,0.0,0,6
BT-00142,INV-6468,0,0,9,0.0,0,6
BT-00142,INV-9037,0,2057587,17,0.5,0,6
BT-00143,INV-4328,0,100,25,0.2,0,7
BT-00143,INV-2162,1,0,0,0.5,1,7
BT-00143,INV-5998,0,30320,13,0.5,0,7
BT-00143,INV-7571,0,1771553,0,0.0,0,7
BT-00143,INV-9339,0,1334147,1,0.5,0,7
BT-00143,INV-2868,0,280999,2,0.5,0,7
BT-00143,INV-1067,0,966994,24,0.5,0,7
BT-00144,INV-2647,0,100,19,0.0,0,9
BT-00144,INV-9133,0,100,17,0.0,0,9
BT-00144,INV-2968,0,1240,9,0.0,0,9
BT-00144,INV-3039,0,1910969,5,0.25,0,9
BT-00144,INV-4602,1,0,0,0.25,0,9
BT-00144,INV-9511,0,1295046,10,0.25,0,9
BT-00144,INV-2837,0,1044860,0,0.0,0,9
BT-00144,INV-7315,0,494724,14,0.25,0,9
BT-00144,INV-8913,0,55079,0,0.0,0,9
BT-00145,INV-9312,0,0,4,0.0,0,4
BT-00145,INV-7215,0,100,8,0.0,0,4
BT-00145,INV-7950,0,100,13,0.0,0,4
BT-00145,INV-9147,1,0,0,0.25,0,4
BT-00146,INV-2884,0,1240,12,0.0,0,10
BT-00146,INV-1989,0,353465,0,0.0,0,10
BT-00146,INV-2024,0,122102,0,0.0,0,10
BT-00146,INV-6827,0,758183,1,0.0,0,10
BT-00146,INV-5526,0,777321,22,0.0,0,10
BT-00146,INV-9535,0,1428704,5,0.0,0,10
BT-00146,INV-8316,0,772601,0,0.0,0,10
BT-00146,INV-3189,0,367077,17,0.0,0,10
BT-00146,INV-8478,0,1011959,0,0.0,0,10
BT-00146,INV-1425,1,0,0,0.0,0,10
BT-00147,INV-4600,0,1685890,3,0.25,0,9
BT-00147,INV-7486,0,1443947,9,0.25,0,9
BT-00147,INV-1140,0,557332,0,0.0,0,9
BT-00147,INV-8746,0,194670,5,0.0,0,9
BT-00147,INV-5586,0,10116,0,0.0,0,9
BT-00147,INV-8848,1,193430,0,0.25,0,9
BT-00147,INV-7856,0,91867,7,0.25,0,9
BT-00147,INV-5919,0,194670,14,0.25,0,9
BT-00147,INV-6335,0,1665290,0,0.0,0,9
BT-00148,INV-9231,0,0,4,0.0,0,8
BT-00148,INV-6005,0,364125,0,0.0,0,8
BT-00148,INV-1294,0,1240,5,0.0,0,8
BT-00148,INV-1117,0,665756,16,0.25,0,8
BT-00148,INV-8788,0,1240,1,0.0,0,8
BT-00148,INV-9001,0,1240,3,0.0,0,8
BT-00148,INV-1240,0,1141490,0,0.0,0,8
BT-00148,INV-8791,1,0,0,0.25,0,8
BT-00149,INV-6678,0,0,15,0.0,0,5
BT-00149,INV-7171,0,0,3,0.0,0,5
BT-00149,INV-3088,1,0,0,0.0,0,5
BT-00149,INV-2084,0,350106,18,0.0,0,5
BT-00149,INV-8612,0,100,4,0.0,0,5
BT-00150,INV-4518,0,1240,5,0.0,0,10
BT-00150,INV-3562,0,415116,0,0.0,0,10
BT-00150,INV-8572,1,0,0,0.0,0,10
BT-00150,INV-7310,0,1360294,14,0.0,0,10
BT-00150,INV-6545,0,1240,16,0.0,0,10
BT-00150,INV-7581,0,100,6,0.0,0,10
BT-00150,INV-7461,0,805703,8,0.0,0,10
BT-00150,INV-5972,0,0,18,0.0,0,10
BT-00150,INV-3734,0,297721,13,0.0,0,10
BT-00150,INV-6893,0,0,2,0.0,0,10
BT-00151,INV-4587,0,1785193,7,0.25,0,9
BT-00151,INV-7618,0,152356,7,0.25,0,9
BT-00151,INV-9274,0,780105,0,0.0,0,9
BT-00151,INV-6604,1,0,0,0.25,0,9
BT-00151,INV-6204,0,893450,0,0.0,0,9
BT-00151,INV-2210,0,941821,0,0.0,0,9
BT-00151,INV-7844,0,177634,0,0.25,0,9
BT-00151,INV-8151,0,299792,4,0.25,0,9
BT-00151,INV-9609,0,741608,0,0.0,0,9
BT-00152,INV-1511,0,987236,9,0.5,0,7
BT-00152,INV-3844,0,729424,0,0.5,0,7
BT-00152,INV-7499,0,0,5,0.2,0,7
BT-00152,INV-3316,1,0,0,0.5,1,7
BT-00152,INV-2800,0,100,10,0.5,0,7
BT-00152,INV-8875,0,929446,12,0.5,0,7
BT-00152,INV-7786,0,0,1,0.0,0,7
BT-00153,INV-2314,0,818553,16,0.5,0,6
BT-00153,INV-3447,0,100,1,0.0,0,6
BT-00153,INV-3642,0,298670,14,0.5,0,6
BT-00153,INV-5854,0,1897081,0,0.0,0,6
BT-00153,INV-1948,1,0,0,0.5,1,6
BT-00153,INV-3476,0,1126381,4,0.5,0,6
BT-00154,INV-9272,0,497534,5,0.0,0,5
BT-00154,INV-8360,0,0,8,0.0,0,5
BT-00154,INV-6574,1,0,0,0.0,0,5
BT-00154,INV-2441,0,2128213,15,0.0,0,5
BT-00154,INV-3376,0,688235,14,0.0,0,5
BT-00155,INV-8639,0,1317921,0,0.2,0,7
BT-00155,INV-1434,0,144095,0,0.0,0,7
BT-00155,INV-1878,0,0,17,0.0,0,7
BT-00155,INV-9353,0,213354,0,0.0,0,7
BT-00155,INV-6361,0,2086671,0,0.0,0,7
BT-00155,INV-4953,0,1438600,0,0.0,0,7
BT-00155,INV-3706,1,0,0,0.5,1,7
BT-00156,INV-1954,1,0,0,0.25,0,4
BT-00156,INV-6171,0,112494,9,0.25,0,4
BT-00156,INV-9420,0,1240,11,0.0,0,4
BT-00156,INV-6347,0,451424,0,0.0,0,4
BT-00157,INV-9313,0,307047,4,0.333,0,4
BT-00157,INV-2783,0,289188,13,0.333,0,4
BT-00157,INV-2678,0,35885,19,0.333,0,4
BT-00157,INV-7690,1,0,0,0.333,0,4
BT-00158,INV-1083,0,904817,0,0.0,0,9
BT-00158,INV-6903,0,100,4,0.0,0,9
BT-00158,INV-8029,0,100,3,0.0,0,9
BT-00158,INV-1385,0,1138080,8,0.25,0,9
BT-00158,INV-2819,0,1240,8,0.0,0,9
BT-00158,INV-3150,0,100,6,0.0,0,9
BT-00158,INV-3265,1,0,0,0.25,0,9
BT-00158,INV-1164,0,1372492,11,0.25,0,9
BT-00158,INV-2480,0,631955,15,0.25,0,9
BT-00159,INV-9948,0,1459036,0,0.0,0,6
BT-00159,INV-5112,0,704287,13,0.667,0,6
BT-00159,INV-2946,0,100,17,0.0,0,6
BT-00159,INV-5490,0,100,12,0.0,0,6
BT-00159,INV-4270,0,2165950,0,0.0,0,6
BT-00159,INV-5172,1,0,0,0.667,0,6
BT-00160,INV-5156,0,1240,21,0.333,0,7
BT-00160,INV-1184,1,0,0,0.333,0,7
BT-00160,INV-4021,0,0,0,0.0,0,7
BT-00160,INV-4279,0,1586289,1,0.333,0,7
BT-00160,INV-2969,0,2326799,24,0.333,0,7
BT-00160,INV-3390,0,100,14,0.0,0,7
BT-00160,INV-8069,0,1993727,1,0.333,0,7
BT-00161,INV-9103,0,100,6,0.333,0,10
BT-00161,INV-9891,0,1240,11,0.0,0,10
BT-00161,INV-4432,0,202067,1,0.333,0,10
BT-00161,INV-2722,0,1759550,0,0.0,0,10
BT-00161,INV-2620,0,1701544,0,0.0,0,10
BT-00161,INV-4054,0,77989,4,0.333,0,10
BT-00161,INV-1016,0,1461465,0,0.0,0,10
BT-00161,INV-2493,0,954763,0,0.333,0,10
BT-00161,INV-1660,0,1240,8,0.0,0,10
BT-00161,INV-4919,1,0,0,0.333,0,10
BT-00162,INV-9334,0,93119,0,0.333,0,4
BT-00162,INV-6376,0,42061,0,0.0,0,4
BT-00162,INV-7964,0,100,8,0.0,0,4
BT-00162,INV-6426,1,0,0,0.333,0,4
BT-00163,INV-1409,0,552290,0,0.0,0,6
BT-00163,INV-7940,1,0,0,0.25,0,6
BT-00163,INV-5212,0,1240,15,0.0,0,6
BT-00163,INV-4026,0,1240,14,0.0,0,6
BT-00163,INV-7052,0,1233325,23,0.25,0,6
BT-00163,INV-9763,0,100,21,0.0,0,6
BT-00164,INV-6944,0,281148,6,0.333,0,4
BT-00164,INV-2921,0,572969,14,0.333,0,4
BT-00164,INV-8241,1,0,0,0.333,0,4
BT-00164,INV-8095,0,239527,12,0.333,0,4
BT-00165,INV-6922,0,1240,16,0.0,0,10
BT-00165,INV-2485,0,1289216,0,0.333,0,10
BT-00165,INV-3233,0,801199,5,0.333,0,10
BT-00165,INV-1959,0,1428523,3,0.333,0,10
BT-00165,INV-4244,0,1641007,0,0.0,0,10
BT-00165,INV-3196,0,723142,12,0.333,0,10
BT-00165,INV-2770,0,100,11,0.0,0,10
BT-00165,INV-1618,0,100,0,0.0,0,10
BT-00165,INV-2015,0,100,19,0.0,0,10
BT-00165,INV-8693,1,0,0,0.333,0,10
BT-00166,INV-3364,0,1240,19,0.0,0,9
BT-00166,INV-4726,0,1240,20,0.0,0,9
BT-00166,INV-5122,0,480856,11,0.5,0,9
BT-00166,INV-7399,0,707411,10,0.5,0,9
BT-00166,INV-8783,0,162445,0,0.0,0,9
BT-00166,INV-4538,0,263295,10,0.5,0,9
BT-00166,INV-3133,0,991194,5,0.5,0,9
BT-00166,INV-7050,0,13423,1,0.5,0,9
BT-00166,INV-1956,1,0,0,0.5,1,9
BT-00167,INV-2754,0,573306,0,0.0,0,7
BT-00167,INV-2277,0,2302733,9,0.25,0,7
BT-00167,INV-2347,0,659759,9,0.25,0,7
BT-00167,INV-5305,1,2498,0,0.25,0,7
BT-00167,INV-5783,0,732980,0,0.0,0,7
BT-00167,INV-7334,0,2132045,0,0.0,0,7
BT-00167,INV-8224,0,2498,9,0.0,0,7
BT-00168,INV-8380,0,1240,10,0.2,0,6
BT-00168,INV-6135,0,100,12,0.0,0,6
BT-00168,INV-6643,0,0,7,0.0,0,6
BT-00168,INV-1827,0,1240,16,0.0,0,6
BT-00168,INV-8075,1,0,0,0.5,1,6
BT-00168,INV-4910,0,856126,4,0.5,0,6
BT-00169,INV-1430,0,1327778,0,0.0,0,7
BT-00169,INV-6125,0,236449,0,0.0,0,7
BT-00169,INV-2573,1,0,0,0.0,0,7
BT-00169,INV-3307,0,420444,0,0.0,0,7
BT-00169,INV-7776,0,749660,8,0.0,0,7
BT-00169,INV-3711,0,1240,19,0.0,0,7
BT-00169,INV-9148,0,700833,0,0.0,0,7
BT-00170,INV-1956,1,0,0,0.333,0,6
BT-00170,INV-3186,0,132115,12,0.333,0,6
BT-00170,INV-1425,0,1240,9,0.0,0,6
BT-00170,INV-7218,0,0,25,0.0,0,6
BT-00170,INV-5177,0,834345,0,0.333,0,6
BT-00170,INV-5854,0,100,13,0.0,0,6
BT-00171,INV-3927,0,141904,9,0.0,0,5
BT-00171,INV-1088,0,502662,6,0.25,0,5
BT-00171,INV-3343,1,140664,0,0.25,0,5
BT-00171,INV-6875,0,384495,0,0.0,0,5
BT-00171,INV-5946,0,141904,0,0.0,0,5
BT-00172,INV-8776,0,1546123,0,0.0,0,5
BT-00172,INV-6157,1,0,0,0.333,0,5
BT-00172,INV-7761,0,1664590,18,0.333,0,5
BT-00172,INV-7943,0,1240,8,0.0,0,5
BT-00172,INV-5912,0,350485,0,0.0,0,5
BT-00173,INV-8100,0,58251,21,0.0,0,8
BT-00173,INV-3732,1,237523,0,0.0,0,8
BT-00173,INV-2219,0,237623,23,0.0,0,8
BT-00173,INV-2852,0,1319755,0,0.0,0,8
BT-00173,INV-3824,0,237523,13,0.0,0,8
BT-00173,INV-3734,0,1488875,0,0.0,0,8
BT-00173,INV-1833,0,238763,7,0.0,0,8
BT-00173,INV-8552,0,238763,8,0.0,0,8
BT-00174,INV-4204,0,308250,18,0.5,0,9
BT-00174,INV-4963,0,451206,0,0.0,0,9
BT-00174,INV-8524,0,968830,0,0.0,0,9
BT-00174,INV-8579,0,1456745,21,0.5,0,9
BT-00174,INV-2436,0,62212,5,0.0,0,9
BT-00174,INV-4491,1,62312,0,0.5,1,9
BT-00174,INV-7024,0,1022439,0,0.0,0,9
BT-00174,INV-5599,0,62312,18,0.0,0,9
BT-00174,INV-5192,0,189625,6,0.5,0,9
BT-00175,INV-5603,1,0,0,0.5,1,7
BT-00175,INV-4003,0,100,2,0.0,0,7
BT-00175,INV-9565,0,500034,0,0.0,0,7
BT-00175,INV-5840,0,323368,21,0.5,0,7
BT-00175,INV-4024,0,496427,20,0.5,0,7
BT-00175,INV-2510,0,1240,2,0.0,0,7
BT-00175,INV-4222,0,51517,0,0.2,0,7
BT-00176,INV-1233,0,0,7,0.0,0,10
BT-00176,INV-1191,0,1907389,13,0.667,0,10
BT-00176,INV-8515,0,1240,18,0.0,0,10
BT-00176,INV-6389,0,367179,1,0.667,0,10
BT-00176,INV-3586,0,633866,2,0.667,0,10
BT-00176,INV-2427,0,0,4,0.0,0,10
BT-00176,INV-7651,0,1182883,0,0.667,0,10
BT-00176,INV-3085,1,0,0,0.667,0,10
BT-00176,INV-9218,0,508735,0,0.0,0,10
BT-00176,INV-5477,0,100,3,0.0,0,10
BT-00177,INV-7021,0,1858259,1,0.333,0,8
BT-00177,INV-2197,0,1497726,0,0.0,0,8
BT-00177,INV-2959,0,142696,0,0.0,0,8
BT-00177,INV-3403,0,100,12,0.333,0,8
BT-00177,INV-6112,1,0,0,0.333,0,8
BT-00177,INV-3364,0,1630550,13,0.333,0,8
BT-00177,INV-3455,0,2291583,8,0.333,0,8
BT-00177,INV-9378,0,300565,0,0.0,0,8
BT-00178,INV-2175,0,435874,0,0.0,0,9
BT-00178,INV-2020,0,417240,1,0.5,0,9
BT-00178,INV-2693,0,137762,7,0.0,0,9
BT-00178,INV-3896,0,139102,23,0.0,0,9
BT-00178,INV-3692,0,137962,14,0.0,0,9
BT-00178,INV-7702,1,137862,0,0.5,1,9
BT-00178,INV-2670,0,758175,0,0.2,0,9
BT-00178,INV-2226,0,581434,0,0.2,0,9
BT-00178,INV-3358,0,1003290,3,0.5,0,9
BT-00179,INV-8923,0,1180098,0,0.0,0,10
BT-00179,INV-5708,0,534705,9,0.5,0,10
BT-00179,INV-4583,0,493240,7,0.5,0,10
BT-00179,INV-7855,1,0,0,0.5,1,10
BT-00179,INV-7795,0,1044596,0,0.0,0,10
BT-00179,INV-4608,0,100,13,0.0,0,10
BT-00179,INV-7998,0,100,1,0.0,0,10
BT-00179,INV-5215,0,1025771,0,0.0,0,10
BT-00179,INV-2104,0,138609,2,0.5,0,10
BT-00179,INV-1167,0,0,16,0.2,0,10
BT-00180,INV-4129,0,941361,5,0.667,0,7
BT-00180,INV-1375,0,250568,0,0.667,0,7
BT-00180,INV-5215,0,1334436,0,0.0,0,7
BT-00180,INV-1011,1,0,0,0.667,0,7
BT-00180,INV-3509,0,184160,4,0.667,0,7
BT-00180,INV-2982,0,100,1,0.0,0,7
BT-00180,INV-8763,0,168958,0,0.0,0,7
BT-00181,INV-1352,1,0,0,0.5,1,8
BT-00181,INV-2932,0,424940,4,0.5,0,8
BT-00181,INV-8562,0,100,21,0.2,0,8
BT-00181,INV-4523,0,462987,0,0.0,0,8
BT-00181,INV-5823,0,1382917,2,0.5,0,8
BT-00181,INV-6036,0,1672636,0,0.0,0,8
BT-00181,INV-7511,0,100,10,0.2,0,8
BT-00181,INV-7565,0,801688,0,0.0,0,8
BT-00182,INV-1368,0,1158511,0,0.0,0,9
BT-00182,INV-2180,0,0,5,0.0,0,9
BT-00182,INV-5591,0,100,5,0.0,0,9
BT-00182,INV-2965,0,1558470,3,0.5,0,9
BT-00182,INV-1025,1,0,0,0.5,1,9
BT-00182,INV-9886,0,215445,0,0.2,0,9
BT-00182,INV-4214,0,1538022,19,0.5,0,9
BT-00182,INV-9977,0,1299392,0,0.0,0,9
BT-00182,INV-4115,0,74883,22,0.5,0,9
BT-00183,INV-3137,1,0,0,0.0,0,6
BT-00183,INV-7149,0,358250,0,0.0,0,6
BT-00183,INV-6854,0,100,19,0.0,0,6
BT-00183,INV-8271,0,323464,16,0.0,0,6
BT-00183,INV-6084,0,618407,0,0.0,0,6
BT-00183,INV-8708,0,100,7,0.0,0,6
BT-00184,INV-5530,0,198167,14,0.0,0,9
BT-00184,INV-5546,0,197967,7,0.0,0,9
BT-00184,INV-5633,0,1613629,6,0.25,0,9
BT-00184,INV-4079,1,198067,0,0.25,0,9
BT-00184,INV-6853,0,550600,0,0.0,0,9
BT-00184,INV-6245,0,198167,5,0.0,0,9
BT-00184,INV-4765,0,117758,7,0.25,0,9
BT-00184,INV-6538,0,199307,12,0.0,0,9
BT-00184,INV-2578,0,2578,21,0.25,0,9
BT-00185,INV-2802,0,1264011,0,0.0,0,9
BT-00185,INV-5254,0,545468,25,0.5,0,9
BT-00185,INV-9726,0,1660711,0,0.0,0,9
BT-00185,INV-9343,0,1240,15,0.2,0,9
BT-00185,INV-3521,1,0,0,0.5,1,9
BT-00185,INV-3992,0,100,7,0.2,0,9
BT-00185,INV-1137,0,1240,24,0.0,0,9
BT-00185,INV-2437,0,1042842,17,0.5,0,9
BT-00185,INV-5526,0,100,1,0.0,0,9
BT-00186,INV-2399,0,1397401,0,0.0,0,7
BT-00186,INV-8921,0,284627,0,0.0,0,7
BT-00186,INV-3887,1,0,0,0.5,1,7
BT-00186,INV-2162,0,100,11,0.0,0,7
BT-00186,INV-3209,0,416863,0,0.0,0,7
BT-00186,INV-4241,0,1271844,0,0.0,0,7
BT-00186,INV-4543,0,1122120,5,0.5,0,7
BT-00187,INV-9411,0,0,0,0.0,0,10
BT-00187,INV-5248,0,278944,7,0.0,0,10
BT-00187,INV-5629,0,497398,0,0.0,0,10
BT-00187,INV-2860,1,0,0,0.0,0,10
BT-00187,INV-8781,0,732643,1,0.0,0,10
BT-00187,INV-3620,0,947394,0,0.0,0,10
BT-00187,INV-9914,0,748536,3,0.0,0,10
BT-00187,INV-9289,0,100,4,0.0,0,10
BT-00187,INV-5631,0,311459,5,0.0,0,10
BT-00187,INV-6789,0,1096946,0,0.0,0,10
BT-00188,INV-2903,0,172278,18,0.5,0,9
BT-00188,INV-9392,0,515483,15,0.5,0,9
BT-00188,INV-8240,0,936400,2,0.5,0,9
BT-00188,INV-7267,0,1240,14,0.0,0,9
BT-00188,INV-8270,0,543543,16,0.5,0,9
BT-00188,INV-7147,0,806247,0,0.0,0,9
BT-00188,INV-7357,0,121423,22,0.5,0,9
BT-00188,INV-2049,1,0,0,0.5,1,9
BT-00188,INV-8524,0,1152605,0,0.0,0,9
BT-00189,INV-7861,0,9627,0,0.0,0,9
BT-00189,INV-7575,0,952117,0,0.0,0,9
BT-00189,INV-1996,0,0,5,0.0,0,9
BT-00189,INV-8630,0,100,3,0.0,0,9
BT-00189,INV-6599,1,0,0,0.5,1,9
BT-00189,INV-9787,0,488170,10,0.5,0,9
BT-00189,INV-2077,0,100,11,0.0,0,9
BT-00189,INV-1666,0,551056,0,0.0,0,9
BT-00189,INV-7528,0,806649,1,0.5,0,9
BT-00190,INV-3242,0,175203,0,0.0,0,4
BT-00190,INV-3504,1,58069,0,0.333,0,4
BT-00190,INV-6905,0,389933,14,0.333,0,4
BT-00190,INV-7444,0,278388,4,0.333,0,4
BT-00191,INV-8365,0,1018875,13,0.333,0,10
BT-00191,INV-4765,1,0,0,0.333,0,10
BT-00191,INV-6636,0,1704821,2,0.333,0,10
BT-00191,INV-5729,0,2014036,1,0.333,0,10
BT-00191,INV-2444,0,100,3,0.0,0,10
BT-00191,INV-3464,0,100,4,0.0,0,10
BT-00191,INV-4656,0,141974,6,0.333,0,10
BT-00191,INV-6594,0,59630,0,0.333,0,10
BT-00191,INV-9737,0,2009232,0,0.0,0,10
BT-00191,INV-6313,0,100,1,0.0,0,10
BT-00192,INV-9738,0,606263,11,0.0,0,10
BT-00192,INV-6744,0,1240,13,0.0,0,10
BT-00192,INV-7733,0,1409629,0,0.0,0,10
BT-00192,INV-5620,0,39831,3,0.0,0,10
BT-00192,INV-5366,0,839815,0,0.0,0,10
BT-00192,INV-9477,0,0,4,0.0,0,10
BT-00192,INV-4328,0,0,5,0.0,0,10
BT-00192,INV-8316,0,100,6,0.0,0,10
BT-00192,INV-1817,1,0,0,0.0,0,10
BT-00192,INV-6001,0,1390176,12,0.0,0,10
BT-00193,INV-2115,0,100,3,0.0,0,9
BT-00193,INV-5691,0,279410,0,0.0,0,9
BT-00193,INV-8731,0,1240,7,0.0,0,9
BT-00193,INV-4490,0,18890,0,0.2,0,9
BT-00193,INV-6278,0,98760,0,0.0,0,9
BT-00193,INV-4518,0,1290892,0,0.0,0,9
BT-00193,INV-6299,0,792315,0,0.0,0,9
BT-00193,INV-7886,0,881751,13,0.5,0,9
BT-00193,INV-3141,1,0,0,0.5,1,9
BT-00194,INV-8791,1,74116,0,0.0,0,4
BT-00194,INV-7423,0,157163,2,0.0,0,4
BT-00194,INV-4868,0,155926,13,0.0,0,4
BT-00194,INV-6611,0,74116,5,0.0,0,4
BT-00195,INV-1816,0,850665,3,0.667,0,7
BT-00195,INV-9070,0,1415661,0,0.25,0,7
BT-00195,INV-3185,0,1240,10,0.25,0,7
BT-00195,INV-1503,0,1240,11,0.25,0,7
BT-00195,INV-8639,1,0,0,0.667,0,7
BT-00195,INV-8269,0,100,16,0.0,0,7
BT-00195,INV-7914,0,0,10,0.0,0,7
BT-00196,INV-6507,0,0,21,0.0,0,9
BT-00196,INV-9070,0,1240,15,0.2,0,9
BT-00196,INV-8797,0,1031857,5,0.5,0,9
BT-00196,INV-7057,0,2308330,5,0.5,0,9
BT-00196,INV-6990,0,935522,0,0.0,0,9
BT-00196,INV-4961,0,100,13,0.0,0,9
BT-00196,INV-8678,0,0,20,0.0,0,9
BT-00196,INV-3986,0,15915,6,0.5,0,9
BT-00196,INV-1043,1,0,0,0.5,1,9
BT-00197,INV-2244,0,1240,0,0.0,0,4
BT-00197,INV-6228,0,852393,24,0.333,0,4
BT-00197,INV-4017,1,0,0,0.333,0,4
BT-00197,INV-4989,0,0,23,0.0,0,4
BT-00198,INV-5380,0,736020,5,0.25,0,7
BT-00198,INV-9191,0,100,11,0.25,0,7
BT-00198,INV-8362,0,848711,8,0.25,0,7
BT-00198,INV-1324,0,0,8,0.0,0,7
BT-00198,INV-6098,0,676052,0,0.0,0,7
BT-00198,INV-7714,0,100,12,0.0,0,7
BT-00198,INV-7206,1,0,0,0.25,0,7
BT-00199,INV-1849,0,1240,1,0.0,0,7
BT-00199,INV-9412,0,1451063,19,0.333,0,7
BT-00199,INV-5681,0,1593982,0,0.333,0,7
BT-00199,INV-5347,0,1864192,20,0.333,0,7
BT-00199,INV-2401,1,0,0,0.333,0,7
BT-00199,INV-5257,0,1859139,14,0.333,0,7
BT-00199,INV-5609,0,1240,1,0.0,0,7
BT-00200,INV-6360,0,100,13,0.2,0,10
BT-00200,INV-8790,0,1568656,5,0.5,0,10
BT-00200,INV-8747,0,1240,6,0.0,0,10
BT-00200,INV-2071,0,0,19,0.0,0,10
BT-00200,INV-8232,0,1240,6,0.0,0,10
BT-00200,INV-2856,0,2181413,0,0.0,0,10
BT-00200,INV-8411,0,1954961,0,0.0,0,10
BT-00200,INV-9946,0,0,14,0.0,0,10
BT-00200,INV-2099,0,239445,18,0.5,0,10
BT-00200,INV-7672,1,0,0,0.5,1,10
BT-00201,INV-3906,0,1240,8,0.0,0,10
BT-00201,INV-5552,0,1937311,8,0.25,0,10
BT-00201,INV-9389,0,1240,13,0.25,0,10
BT-00201,INV-8303,0,4683,6,0.25,0,10
BT-00201,INV-4657,0,100,6,0.0,0,10
BT-00201,INV-6921,0,883818,0,0.25,0,10
BT-00201,INV-6141,0,1409577,9,0.25,0,10
BT-00201,INV-5455,0,0,11,0.0,0,10
BT-00201,INV-6417,0,0,17,0.0,0,10
BT-00201,INV-9636,1,0,0,0.25,0,10
BT-00202,INV-8626,0,100,2,0.0,0,8
BT-00202,INV-8711,0,1312876,0,0.0,0,8
BT-00202,INV-7609,0,965847,0,0.0,0,8
BT-00202,INV-1064,0,66464,4,0.0,0,8
BT-00202,INV-8461,0,1240,11,0.0,0,8
BT-00202,INV-8229,1,0,0,0.0,0,8
BT-00202,INV-5008,0,100,0,0.0,0,8
BT-00202,INV-5971,0,200389,17,0.0,0,8
BT-00203,INV-2288,0,851232,0,0.0,0,5
BT-00203,INV-9566,0,1769618,0,0.0,0,5
BT-00203,INV-4433,0,767188,0,0.25,0,5
BT-00203,INV-1850,0,2239260,0,0.0,0,5
BT-00203,INV-5627,1,0,0,0.25,0,5
BT-00204,INV-4250,0,1144703,5,0.25,0,9
BT-00204,INV-9896,0,1387773,0,0.0,0,9
BT-00204,INV-3163,0,1240,2,0.0,0,9
BT-00204,INV-7900,0,100,11,0.25,0,9
BT-00204,INV-7571,0,0,10,0.0,0,9
BT-00204,INV-2019,0,1240,7,0.0,0,9
BT-00204,INV-8639,0,1152478,0,0.25,0,9
BT-00204,INV-6975,1,0,0,0.25,0,9
BT-00204,INV-4954,0,1240,2,0.0,0,9
BT-00205,INV-3295,0,0,19,0.0,0,4
BT-00205,INV-5217,0,752944,0,0.0,0,4
BT-00205,INV-9982,0,205438,1,0.0,0,4
BT-00205,INV-2143,1,0,0,0.0,0,4
BT-00206,INV-8554,0,100,9,0.0,0,6
BT-00206,INV-5346,0,542078,0,0.0,0,6
BT-00206,INV-1034,0,400641,0,0.0,0,6
BT-00206,INV-2399,0,1283142,5,0.667,0,6
BT-00206,INV-4027,0,0,7,0.0,0,6
BT-00206,INV-1039,1,0,0,0.667,0,6
BT-00207,INV-4236,0,279821,0,0.0,0,10
BT-00207,INV-4750,0,100,7,0.0,0,10
BT-00207,INV-4987,0,269602,0,0.0,0,10
BT-00207,INV-7849,0,823393,16,0.25,0,10
BT-00207,INV-7184,1,0,0,0.25,0,10
BT-00207,INV-1905,0,829474,0,0.0,0,10
BT-00207,INV-7620,0,0,7,0.0,0,10
BT-00207,INV-8954,0,430124,2,0.25,0,10
BT-00207,INV-8400,0,0,8,0.0,0,10
BT-00207,INV-6899,0,348601,7,0.25,0,10
BT-00208,INV-4644,0,648755,2,0.0,0,6
BT-00208,INV-1034,0,1619221,13,0.0,0,6
BT-00208,INV-2158,0,111648,3,0.0,0,6
BT-00208,INV-8374,0,881813,0,0.0,0,6
BT-00208,INV-1232,0,430384,15,0.0,0,6
BT-00208,INV-1601,1,0,0,0.0,0,6
BT-00209,INV-3997,0,126262,4,0.2,0,10
BT-00209,INV-4238,1,126162,0,0.5,1,10
BT-00209,INV-9119,0,264563,0,0.0,0,10
BT-00209,INV-1903,0,860153,4,0.5,0,10
BT-00209,INV-9488,0,126062,19,0.0,0,10
BT-00209,INV-5492,0,127402,8,0.0,0,10
BT-00209,INV-5648,0,330041,0,0.0,0,10
BT-00209,INV-1947,0,126262,6,0.0,0,10
BT-00209,INV-9049,0,1183033,3,0.5,0,10
BT-00209,INV-2307,0,1057002,4,0.5,0,10
BT-00210,INV-6670,0,100,9,0.0,0,9
BT-00210,INV-3791,0,827290,11,0.25,0,9
BT-00210,INV-2385,0,1240,3,0.25,0,9
BT-00210,INV-5774,1,0,0,0.25,0,9
BT-00210,INV-8813,0,1533129,0,0.0,0,9
BT-00210,INV-1867,0,34087,0,0.0,0,9
BT-00210,INV-7378,0,100,12,0.0,0,9
BT-00210,INV-4575,0,100,8,0.0,0,9
BT-00210,INV-3859,0,49020,0,0.0,0,9
BT-00211,INV-2627,0,1724932,0,0.0,0,6
BT-00211,INV-2074,1,0,0,0.5,1,6
BT-00211,INV-4571,0,1821906,21,0.5,0,6
BT-00211,INV-3384,0,1240,1,0.0,0,6
BT-00211,INV-7781,0,659633,2,0.5,0,6
BT-00211,INV-2038,0,1144470,0,0.0,0,6
BT-00212,INV-8410,1,0,0,0.333,0,8
BT-00212,INV-8234,0,17190,11,0.333,0,8
BT-00212,INV-9780,0,564068,13,0.333,0,8
BT-00212,INV-1272,0,100,8,0.0,0,8
BT-00212,INV-4280,0,51682,20,0.333,0,8
BT-00212,INV-7575,0,1721176,0,0.0,0,8
BT-00212,INV-2164,0,1638286,11,0.333,0,8
BT-00212,INV-5379,0,945748,7,0.333,0,8
BT-00213,INV-8233,1,0,0,0.333,0,4
BT-00213,INV-2139,0,1809633,0,0.0,0,4
BT-00213,INV-4713,0,838024,0,0.0,0,4
BT-00213,INV-9690,0,1470093,17,0.333,0,4
BT-00214,INV-1216,0,1552076,0,0.0,0,7
BT-00214,INV-5898,0,195671,20,0.0,0,7
BT-00214,INV-1240,0,684071,7,0.0,0,7
BT-00214,INV-3697,0,194531,23,0.0,0,7
BT-00214,INV-4951,0,1166327,1,0.0,0,7
BT-00214,INV-4839,1,194431,0,0.0,0,7
BT-00214,INV-4883,0,986496,0,0.0,0,7
BT-00215,INV-3846,0,0,2,0.0,0,4
BT-00215,INV-8516,1,0,0,0.0,0,4
BT-00215,INV-8102,0,1205658,7,0.0,0,4
BT-00215,INV-1415,0,100,2,0.0,0,4
BT-00216,INV-2101,0,1919948,4,0.25,0,10
BT-00216,INV-5382,0,697931,5,0.25,0,10
BT-00216,INV-6682,0,1700790,7,0.25,0,10
BT-00216,INV-9863,0,32939,12,0.25,0,10
BT-00216,INV-2430,1,32839,0,0.25,0,10
BT-00216,INV-2003,0,2069854,12,0.25,0,10
BT-00216,INV-9563,0,34079,6,0.0,0,10
BT-00216,INV-7788,0,2111060,10,0.25,0,10
BT-00216,INV-1628,0,1757229,0,0.0,0,10
BT-00216,INV-1157,0,488341,0,0.0,0,10
BT-00217,INV-3195,1,0,0,0.5,1,10
BT-00217,INV-9886,0,747436,15,0.5,0,10
BT-00217,INV-2966,0,100,12,0.0,0,10
BT-00217,INV-5128,0,700798,0,0.0,0,10
BT-00217,INV-3732,0,2185071,0,0.0,0,10
BT-00217,INV-7310,0,100,22,0.0,0,10
BT-00217,INV-5870,0,1922498,0,0.0,0,10
BT-00217,INV-5131,0,1503568,6,0.5,0,10
BT-00217,INV-1196,0,182894,2,0.5,0,10
BT-00217,INV-8193,0,445987,14,0.5,0,10
BT-00218,INV-5871,1,0,0,0.25,0,8
BT-00218,INV-9549,0,618665,0,0.25,0,8
BT-00218,INV-3394,0,1744332,0,0.0,0,8
BT-00218,INV-7600,0,1240,5,0.0,0,8
BT-00218,INV-8944,0,100,7,0.0,0,8
BT-00218,INV-6621,0,100,11,0.0,0,8
BT-00218,INV-9789,0,94158,11,0.25,0,8
BT-00218,INV-2358,0,1648689,9,0.25,0,8
BT-00219,INV-2114,0,347687,4,0.0,0,8
BT-00219,INV-7143,0,840946,13,0.0,0,8
BT-00219,INV-4652,0,0,8,0.0,0,8
BT-00219,INV-8006,0,1270088,5,0.0,0,8
BT-00219,INV-6521,1,0,0,0.0,0,8
BT-00219,INV-4970,0,1026969,5,0.0,0,8
BT-00219,INV-3360,0,704467,13,0.0,0,8
BT-00219,INV-8522,0,457301,2,0.0,0,8
BT-00220,INV-7803,1,0,0,0.0,0,4
BT-00220,INV-9482,0,56076,2,0.0,0,4
BT-00220,INV-3414,0,100,13,0.0,0,4
BT-00220,INV-5722,0,1352394,1,0.0,0,4
BT-00221,INV-6556,0,71377,15,0.0,0,8
BT-00221,INV-5619,0,42720,0,0.0,0,8
BT-00221,INV-1998,1,0,0,0.0,0,8
BT-00221,INV-9681,0,1356371,0,0.0,0,8
BT-00221,INV-6383,0,693244,1,0.0,0,8
BT-00221,INV-9806,0,734060,0,0.0,0,8
BT-00221,INV-5992,0,309379,7,0.0,0,8
BT-00221,INV-9927,0,319284,10,0.0,0,8
BT-00222,INV-3326,0,778152,0,0.0,0,7
BT-00222,INV-8030,1,0,0,0.333,0,7
BT-00222,INV-9237,0,1240,8,0.0,0,7
BT-00222,INV-5943,0,1017090,0,0.0,0,7
BT-00222,INV-5254,0,660121,6,0.333,0,7
BT-00222,INV-5929,0,209032,18,0.333,0,7
BT-00222,INV-8292,0,0,9,0.0,0,7
BT-00223,INV-2332,0,1004892,0,0.0,0,6
BT-00223,INV-1751,1,0,0,0.333,0,6
BT-00223,INV-2148,0,1138560,0,0.0,0,6
BT-00223,INV-3285,0,203627,0,0.0,0,6
BT-00223,INV-7739,0,182672,0,0.0,0,6
BT-00223,INV-3358,0,556392,0,0.0,0,6
BT-00224,INV-9198,0,1312281,0,0.0,0,7
BT-00224,INV-9816,0,1740074,4,0.5,0,7
BT-00224,INV-9823,0,100,4,0.2,0,7
BT-00224,INV-4714,0,623887,0,0.2,0,7
BT-00224,INV-7989,0,1006693,0,0.0,0,7
BT-00224,INV-7328,1,0,0,0.5,1,7
BT-00224,INV-5396,0,100,8,0.0,0,7
BT-00225,INV-6260,0,171006,22,0.0,0,6
BT-00225,INV-9822,1,169766,0,0.333,0,6
BT-00225,INV-9592,0,169766,21,0.0,0,6
BT-00225,INV-9387,0,266668,14,0.333,0,6
BT-00225,INV-4067,0,37638,8,0.333,0,6
BT-00225,INV-8101,0,1382339,4,0.333,0,6
BT-00226,INV-4258,0,1240,1,0.0,0,10
BT-00226,INV-1842,0,0,15,0.0,0,10
BT-00226,INV-4142,0,1598308,16,0.333,0,10
BT-00226,INV-4124,0,60436,0,0.0,0,10
BT-00226,INV-3961,0,1349219,0,0.0,0,10
BT-00226,INV-6019,0,32011,0,0.333,0,10
BT-00226,INV-7869,0,1185314,13,0.333,0,10
BT-00226,INV-9712,0,1440135,0,0.333,0,10
BT-00226,INV-6145,1,0,0,0.333,0,10
BT-00226,INV-6941,0,1034948,0,0.0,0,10
BT-00227,INV-9819,1,0,0,0.0,0,5
BT-00227,INV-9712,0,722402,1,0.0,0,5
BT-00227,INV-5141,0,424772,1,0.0,0,5
BT-00227,INV-7129,0,247591,0,0.0,0,5
BT-00227,INV-3378,0,91338,0,0.0,0,5
BT-00228,INV-4999,1,0,0,0.333,0,7
BT-00228,INV-9542,0,445112,0,0.0,0,7
BT-00228,INV-2782,0,1305050,21,0.333,0,7
BT-00228,INV-3285,0,1240,23,0.0,0,7
BT-00228,INV-4232,0,100,20,0.0,0,7
BT-00228,INV-1717,0,549913,7,0.333,0,7
BT-00228,INV-4166,0,554836,15,0.333,0,7
BT-00229,INV-4376,1,0,0,0.25,0,10
BT-00229,INV-6825,0,564154,8,0.25,0,10
BT-00229,INV-8228,0,100,8,0.0,0,10
BT-00229,INV-2523,0,277792,10,0.25,0,10
BT-00229,INV-5115,0,1710780,0,0.25,0,10
BT-00229,INV-3560,0,100,6,0.0,0,10
BT-00229,INV-8802,0,487508,7,0.25,0,10
BT-00229,INV-4671,0,1521172,1,0.25,0,10
BT-00229,INV-6821,0,100,4,0.0,0,10
BT-00229,INV-2045,0,1138101,0,0.25,0,10
BT-00230,INV-1384,0,1468551,1,0.333,0,9
BT-00230,INV-2711,0,100,6,0.0,0,9
BT-00230,INV-1829,1,0,0,0.333,0,9
BT-00230,INV-5469,0,354446,0,0.0,0,9
BT-00230,INV-2196,0,0,17,0.0,0,9
BT-00230,INV-3230,0,0,4,0.0,0,9
BT-00230,INV-5449,0,437270,0,0.0,0,9
BT-00230,INV-5441,0,345569,4,0.333,0,9
BT-00230,INV-6818,0,1240,17,0.0,0,9
BT-00231,INV-3462,0,1905553,0,0.0,0,4
BT-00231,INV-7718,0,21517,8,0.0,0,4
BT-00231,INV-9852,0,21617,0,0.0,0,4
BT-00231,INV-5985,1,21517,0,0.333,0,4
BT-00232,INV-5249,0,1265166,0,0.0,0,6
BT-00232,INV-3324,0,1240,2,0.0,0,6
BT-00232,INV-1756,1,0,0,0.0,0,6
BT-00232,INV-6369,0,43721,1,0.0,0,6
BT-00232,INV-5339,0,100,18,0.0,0,6
BT-00232,INV-3097,0,1030288,0,0.0,0,6
BT-00233,INV-2594,0,894278,0,0.0,0,5
BT-00233,INV-2786,1,0,0,0.5,1,5
BT-00233,INV-2474,0,784117,9,0.5,0,5
BT-00233,INV-8141,0,695261,0,0.0,0,5
BT-00233,INV-4841,0,1445586,15,0.5,0,5
BT-00234,INV-3932,0,892278,0,0.0,0,4
BT-00234,INV-5865,0,229314,20,0.333,0,4
BT-00234,INV-8831,0,210965,5,0.333,0,4
BT-00234,INV-2030,1,0,0,0.333,0,4
BT-00235,INV-8384,0,1325292,0,0.0,0,10
BT-00235,INV-8696,0,1171225,0,0.2,0,10
BT-00235,INV-2692,0,1135995,0,0.0,0,10
BT-00235,INV-8050,0,330224,6,0.5,0,10
BT-00235,INV-1534,0,1880143,6,0.5,0,10
BT-00235,INV-3152,0,1590021,13,0.5,0,10
BT-00235,INV-1851,0,2078391,4,0.5,0,10
BT-00235,INV-2375,1,0,0,0.5,1,10
BT-00235,INV-8839,0,1127135,0,0.0,0,10
BT-00235,INV-7289,0,68641,0,0.2,0,10
BT-00236,INV-9378,0,100,7,0.0,0,7
BT-00236,INV-7093,1,0,0,0.25,0,7
BT-00236,INV-7867,0,358378,18,0.25,0,7
BT-00236,INV-2500,0,635338,0,0.0,0,7
BT-00236,INV-3115,0,66450,13,0.25,0,7
BT-00236,INV-2678,0,245599,0,0.0,0,7
BT-00236,INV-9816,0,1240,4,0.25,0,7
BT-00237,INV-2021,1,0,0,0.333,0,5
BT-00237,INV-6065,0,776405,22,0.333,0,5
BT-00237,INV-9674,0,841156,2,0.333,0,5
BT-00237,INV-1918,0,377479,0,0.0,0,5
BT-00237,INV-7527,0,1693905,0,0.0,0,5
BT-00238,INV-3388,1,169892,0,0.0,0,8
BT-00238,INV-3048,0,1213351,0,0.0,0,8
BT-00238,INV-3076,0,947731,7,0.0,0,8
BT-00238,INV-1509,0,169992,9,0.0,0,8
BT-00238,INV-8624,0,171132,2,0.0,0,8
BT-00238,INV-4523,0,803179,13,0.0,0,8
BT-00238,INV-2431,0,912351,0,0.0,0,8
BT-00238,INV-2340,0,169792,15,0.0,0,8
BT-00239,INV-9636,0,0,14,0.0,0,5
BT-00239,INV-5334,0,100,12,0.0,0,5
BT-00239,INV-7604,1,0,0,0.0,0,5
BT-00239,INV-1720,0,347208,0,0.0,0,5
BT-00239,INV-9076,0,386783,13,0.0,0,5
BT-00240,INV-8766,1,0,0,0.25,0,5
BT-00240,INV-4840,0,0,26,0.0,0,5
BT-00240,INV-8522,0,437203,5,0.25,0,5
BT-00240,INV-9660,0,1348808,19,0.25,0,5
BT-00240,INV-4882,0,100,3,0.0,0,5
BT-00241,INV-7915,1,118766,0,0.5,1,4
BT-00241,INV-2217,0,1075943,0,0.0,0,4
BT-00241,INV-2645,0,341819,6,0.5,0,4
BT-00241,INV-9974,0,1045283,0,0.2,0,4
BT-00242,INV-3268,0,100,0,0.0,0,9
BT-00242,INV-8591,0,529839,15,0.5,0,9
BT-00242,INV-3734,1,0,0,0.5,1,9
BT-00242,INV-7136,0,100,25,0.0,0,9
BT-00242,INV-8623,0,100,4,0.2,0,9
BT-00242,INV-3551,0,838504,10,0.5,0,9
BT-00242,INV-2823,0,922611,0,0.5,0,9
BT-00242,INV-5685,0,938717,17,0.5,0,9
BT-00242,INV-1196,0,413535,1,0.5,0,9
BT-00243,INV-1117,0,549773,11,0.333,0,8
BT-00243,INV-4546,0,1408062,0,0.0,0,8
BT-00243,INV-5936,1,0,0,0.333,0,8
BT-00243,INV-3206,0,149153,10,0.333,0,8
BT-00243,INV-8766,0,821155,1,0.333,0,8
BT-00243,INV-3677,0,100,2,0.0,0,8
BT-00243,INV-9959,0,100,10,0.0,0,8
BT-00243,INV-8077,0,901353,0,0.0,0,8
BT-00244,INV-7741,0,210938,3,0.25,0,8
BT-00244,INV-3222,0,1240,13,0.0,0,8
BT-00244,INV-7152,0,100,14,0.0,0,8
BT-00244,INV-1977,0,782470,16,0.25,0,8
BT-00244,INV-9959,1,0,0,0.25,0,8
BT-00244,INV-8220,0,1196748,0,0.0,0,8
BT-00244,INV-2139,0,875642,0,0.25,0,8
BT-00244,INV-9921,0,1240,10,0.25,0,8
BT-00245,INV-5507,1,0,0,0.0,0,5
BT-00245,INV-1656,0,258890,0,0.0,0,5
BT-00245,INV-3265,0,1240,18,0.0,0,5
BT-00245,INV-6434,0,1018593,0,0.0,0,5
BT-00245,INV-9970,0,1251328,0,0.0,0,5
BT-00246,INV-1006,0,211883,18,0.0,0,9
BT-00246,INV-4126,0,210743,20,0.0,0,9
BT-00246,INV-1809,0,210643,1,0.0,0,9
BT-00246,INV-9436,0,210643,2,0.0,0,9
BT-00246,INV-6304,0,450552,17,0.5,0,9
BT-00246,INV-5428,0,1636543,0,0.2,0,9
BT-00246,INV-9074,1,210643,0,0.5,1,9
BT-00246,INV-7032,0,136870,1,0.5,0,9
BT-00246,INV-9874,0,1346699,0,0.0,0,9
BT-00247,INV-6776,0,100,1,0.0,0,10
BT-00247,INV-6775,0,0,15,0.0,0,10
BT-00247,INV-5973,0,100,12,0.0,0,10
BT-00247,INV-8636,0,993530,12,0.333,0,10
BT-00247,INV-1771,0,530514,7,0.333,0,10
BT-00247,INV-6561,0,700143,5,0.333,0,10
BT-00247,INV-5644,0,0,1,0.333,0,10
BT-00247,INV-8117,0,456045,0,0.333,0,10
BT-00247,INV-9257,1,0,0,0.333,0,10
BT-00247,INV-5615,0,100,8,0.0,0,10
BT-00248,INV-5953,0,1017992,7,0.5,0,10
BT-00248,INV-3051,0,873067,16,0.5,0,10
BT-00248,INV-1682,0,374150,0,0.0,0,10
BT-00248,INV-9872,0,196304,0,0.2,0,10
BT-00248,INV-7643,0,990440,4,0.5,0,10
BT-00248,INV-2529,0,374250,10,0.5,0,10
BT-00248,INV-4730,1,0,0,0.5,1,10
BT-00248,INV-9776,0,0,17,0.0,0,10
BT-00248,INV-1665,0,100,5,0.0,0,10
BT-00248,INV-6931,0,0,13,0.0,0,10
BT-00249,INV-3996,0,1626685,0,0.0,0,8
BT-00249,INV-4528,0,1240,13,0.0,0,8
BT-00249,INV-9239,0,487437,3,0.333,0,8
BT-00249,INV-3100,0,758596,0,0.0,0,8
BT-00249,INV-7216,1,0,0,0.333,0,8
BT-00249,INV-5000,0,1467450,0,0.0,0,8
BT-00249,INV-9759,0,100,3,0.0,0,8
BT-00249,INV-1149,0,885132,0,0.0,0,8
BT-00250,INV-3308,0,482055,0,0.25,0,8
BT-00250,INV-8110,0,0,5,0.0,0,8
BT-00250,INV-2110,0,404491,0,0.0,0,8
BT-00250,INV-1982,0,148810,3,0.25,0,8
BT-00250,INV-6591,1,0,0,0.25,0,8
BT-00250,INV-1976,0,127033,0,0.0,0,8
BT-00250,INV-4291,0,1138638,0,0.0,0,8
BT-00250,INV-8703,0,1088866,15,0.25,0,8
BT-00251,INV-9254,0,945207,7,0.333,0,6
BT-00251,INV-7161,1,0,0,0.333,0,6
BT-00251,INV-8340,0,0,4,0.0,0,6
BT-00251,INV-7680,0,143190,13,0.333,0,6
BT-00251,INV-8524,0,538567,0,0.0,0,6
BT-00251,INV-2182,0,1959956,0,0.333,0,6
BT-00252,INV-4618,0,871226,3,0.5,0,10
BT-00252,INV-1875,0,122584,6,0.0,0,10
BT-00252,INV-8214,0,579586,0,0.0,0,10
BT-00252,INV-6087,0,122784,3,0.0,0,10
BT-00252,INV-9038,1,122684,0,0.5,1,10
BT-00252,INV-5380,0,127132,1,0.5,0,10
BT-00252,INV-3007,0,1190168,16,0.5,0,10
BT-00252,INV-9941,0,287724,0,0.0,0,10
BT-00252,INV-9119,0,847946,0,0.0,0,10
BT-00252,INV-1262,0,122784,9,0.0,0,10
BT-00253,INV-7303,0,1052491,8,0.0,0,4
BT-00253,INV-6193,0,572167,0,0.0,0,4
BT-00253,INV-5699,1,0,0,0.0,0,4
BT-00253,INV-6556,0,1210927,0,0.0,0,4
BT-00254,INV-4147,1,0,0,0.25,0,4
BT-00254,INV-6180,0,980037,0,0.0,0,4
BT-00254,INV-2104,0,100,3,0.25,0,4
BT-00254,INV-9386,0,400445,12,0.25,0,4
BT-00255,INV-3607,0,100,1,0.0,0,9
BT-00255,INV-6250,1,0,0,0.25,0,9
BT-00255,INV-4486,0,100,10,0.0,0,9
BT-00255,INV-2860,0,810022,0,0.25,0,9
BT-00255,INV-4373,0,0,2,0.0,0,9
BT-00255,INV-6215,0,602619,14,0.25,0,9
BT-00255,INV-3624,0,1813461,10,0.25,0,9
BT-00255,INV-3405,0,1532822,13,0.25,0,9
BT-00255,INV-3064,0,199007,18,0.25,0,9
BT-00256,INV-4617,0,390558,3,0.5,0,7
BT-00256,INV-4510,0,100,19,0.0,0,7
BT-00256,INV-1436,0,1214891,0,0.0,0,7
BT-00256,INV-9784,0,1212041,0,0.2,0,7
BT-00256,INV-2992,0,1071227,20,0.5,0,7
BT-00256,INV-5383,1,0,0,0.5,1,7
BT-00256,INV-6582,0,103657,3,0.5,0,7
BT-00257,INV-6902,0,54664,0,0.5,0,4
BT-00257,INV-2186,0,61013,1,0.2,0,4
BT-00257,INV-7828,0,61013,3,0.0,0,4
BT-00257,INV-9384,1,61013,0,0.5,1,4
BT-00258,INV-9462,0,1011200,8,0.333,0,6
BT-00258,INV-8760,0,782373,0,0.0,0,6
BT-00258,INV-1097,1,0,0,0.333,0,6
BT-00258,INV-5770,0,135586,1,0.333,0,6
BT-00258,INV-5609,0,1240,6,0.0,0,6
BT-00258,INV-2169,0,1049632,7,0.333,0,6
BT-00259,INV-1955,1,0,0,0.0,0,8
BT-00259,INV-2285,0,1288719,0,0.0,0,8
BT-00259,INV-5853,0,420722,7,0.0,0,8
BT-00259,INV-8649,0,197326,13,0.0,0,8
BT-00259,INV-1828,0,717286,0,0.0,0,8
BT-00259,INV-7411,0,0,18,0.0,0,8
BT-00259,INV-3183,0,168633,26,0.0,0,8
BT-00259,INV-2874,0,571399,0,0.0,0,8
BT-00260,INV-9733,0,829444,0,0.0,0,5
BT-00260,INV-5998,0,0,20,0.0,0,5
BT-00260,INV-4811,1,0,0,0.25,0,5
BT-00260,INV-5918,0,581180,0,0.0,0,5
BT-00260,INV-4271,0,0,2,0.0,0,5
BT-00261,INV-4357,0,1462561,0,0.0,0,5
BT-00261,INV-9765,0,87523,11,0.5,0,5
BT-00261,INV-1747,0,1524460,0,0.0,0,5
BT-00261,INV-5075,1,0,0,0.5,1,5
BT-00261,INV-2698,0,422780,0,0.0,0,5
BT-00262,INV-2773,0,100,4,0.0,0,5
BT-00262,INV-6352,0,1483013,0,0.0,0,5
BT-00262,INV-4415,0,1571302,10,0.0,0,5
BT-00262,INV-6767,1,0,0,0.0,0,5
BT-00262,INV-4475,0,100,2,0.0,0,5
BT-00263,INV-4154,0,282317,10,0.5,0,10
BT-00263,INV-4977,0,325126,0,0.0,0,10
BT-00263,INV-1740,0,0,18,0.0,0,10
BT-00263,INV-6121,0,960892,0,0.0,0,10
BT-00263,INV-8744,1,0,0,0.5,1,10
BT-00263,INV-1781,0,420329,13,0.5,0,10
BT-00263,INV-1572,0,121313,19,0.5,0,10
BT-00263,INV-9008,0,100,15,0.2,0,10
BT-00263,INV-5897,0,1240,5,0.2,0,10
BT-00263,INV-9983,0,575019,14,0.5,0,10
BT-00264,INV-5363,0,1541661,7,0.5,0,10
BT-00264,INV-1221,0,193792,0,0.5,0,10
BT-00264,INV-9130,0,1240,9,0.0,0,10
BT-00264,INV-4915,0,100,6,0.0,0,10
BT-00264,INV-2512,0,1545886,0,0.5,0,10
BT-00264,INV-3173,0,100,8,0.0,0,10
BT-00264,INV-4055,0,138587,0,0.0,0,10
BT-00264,INV-1288,0,488276,7,0.5,0,10
BT-00264,INV-4423,0,100,8,0.0,0,10
BT-00264,INV-4826,1,0,0,0.5,1,10
BT-00265,INV-9608,0,868132,5,0.25,0,6
BT-00265,INV-7066,0,287900,0,0.0,0,6
BT-00265,INV-3101,0,100,3,0.0,0,6
BT-00265,INV-1870,0,1798103,0,0.0,0,6
BT-00265,INV-9219,0,1197003,1,0.25,0,6
BT-00265,INV-3760,1,0,0,0.25,0,6
BT-00266,INV-6101,0,0,6,0.0,0,5
BT-00266,INV-4146,0,722294,2,0.333,0,5
BT-00266,INV-8119,0,239715,1,0.333,0,5
BT-00266,INV-5023,0,0,14,0.0,0,5
BT-00266,INV-3586,1,0,0,0.333,0,5
BT-00267,INV-9153,0,0,2,0.0,0,8
BT-00267,INV-7262,0,100,15,0.0,0,8
BT-00267,INV-4899,0,174145,0,0.0,0,8
BT-00267,INV-4936,1,0,0,0.0,0,8
BT-00267,INV-4140,0,550712,6,0.0,0,8
BT-00267,INV-8904,0,712054,0,0.0,0,8
BT-00267,INV-2198,0,544919,0,0.0,0,8
BT-00267,INV-5221,0,582011,0,0.0,0,8
BT-00268,INV-3084,0,992031,0,0.0,0,9
BT-00268,INV-5050,1,0,0,0.333,0,9
BT-00268,INV-5108,0,847171,9,0.333,0,9
BT-00268,INV-4498,0,0,6,0.0,0,9
BT-00268,INV-8740,0,100,10,0.0,0,9
BT-00268,INV-5122,0,305619,0,0.0,0,9
BT-00268,INV-1166,0,508653,2,0.333,0,9
BT-00268,INV-9697,0,100,7,0.0,0,9
BT-00268,INV-9932,0,887369,0,0.0,0,9
BT-00269,INV-3427,1,0,0,0.5,1,9
BT-00269,INV-9381,0,870209,0,0.0,0,9
BT-00269,INV-7091,0,1240,7,0.0,0,9
BT-00269,INV-7972,0,0,9,0.0,0,9
BT-00269,INV-2005,0,540504,0,0.0,0,9
BT-00269,INV-4893,0,100,6,0.0,0,9
BT-00269,INV-1625,0,100,3,0.0,0,9
BT-00269,INV-2739,0,841031,10,0.5,0,9
BT-00269,INV-8287,0,1099880,5,0.5,0,9
BT-00270,INV-6023,1,0,0,0.0,0,7
BT-00270,INV-6583,0,100,15,0.0,0,7
BT-00270,INV-4250,0,100,16,0.0,0,7
BT-00270,INV-6952,0,567464,12,0.0,0,7
BT-00270,INV-2869,0,0,3,0.0,0,7
BT-00270,INV-3984,0,490066,0,0.0,0,7
BT-00270,INV-6124,0,1957246,4,0.0,0,7
BT-00271,INV-8943,0,681458,15,0.0,0,4
BT-00271,INV-2105,0,204921,0,0.0,0,4
BT-00271,INV-4491,1,0,0,0.0,0,4
BT-00271,INV-2128,0,1087959,27,0.0,0,4
BT-00272,INV-9545,0,2121676,0,0.0,0,10
BT-00272,INV-8662,0,1109576,0,0.333,0,10
BT-00272,INV-6965,0,1033938,0,0.0,0,10
BT-00272,INV-1303,1,0,0,0.333,0,10
BT-00272,INV-8161,0,100,24,0.0,0,10
BT-00272,INV-4616,0,2439477,0,0.0,0,10
BT-00272,INV-9546,0,2312053,0,0.333,0,10
BT-00272,INV-4765,0,100,14,0.0,0,10
BT-00272,INV-8346,0,1739694,15,0.333,0,10
BT-00272,INV-7350,0,1515109,0,0.0,0,10
BT-00273,INV-9965,0,0,2,0.25,0,5
BT-00273,INV-1634,1,0,0,0.25,0,5
BT-00273,INV-4996,0,455027,0,0.0,0,5
BT-00273,INV-6302,0,1240,4,0.0,0,5
BT-00273,INV-1671,0,1454506,0,0.0,0,5
BT-00274,INV-4655,0,628320,0,0.0,0,9
BT-00274,INV-4032,0,1682010,13,0.333,0,9
BT-00274,INV-7213,0,573702,0,0.0,0,9
BT-00274,INV-9548,0,100,3,0.0,0,9
BT-00274,INV-7008,0,1199429,14,0.333,0,9
BT-00274,INV-8922,0,1014473,0,0.0,0,9
BT-00274,INV-7963,0,175567,9,0.333,0,9
BT-00274,INV-6867,0,100,8,0.0,0,9
BT-00274,INV-1345,1,0,0,0.333,0,9
BT-00275,INV-1992,0,618106,0,0.0,0,8
BT-00275,INV-2857,0,1509779,0,0.0,0,8
BT-00275,INV-6839,1,174295,0,0.5,1,8
BT-00275,INV-5985,0,1146077,4,0.5,0,8
BT-00275,INV-9330,0,637542,18,0.5,0,8
BT-00275,INV-9796,0,174295,6,0.0,0,8
BT-00275,INV-2099,0,419745,19,0.5,0,8
BT-00275,INV-2361,0,724316,23,0.5,0,8
BT-00276,INV-2902,0,1240,8,0.0,0,10
BT-00276,INV-5261,0,1224720,6,0.0,0,10
BT-00276,INV-5043,0,100,1,0.0,0,10
BT-00276,INV-2529,0,100,10,0.0,0,10
BT-00276,INV-5138,0,367754,8,0.0,0,10
BT-00276,INV-1563,0,530755,1,0.0,0,10
BT-00276,INV-3674,0,100,10,0.0,0,10
BT-00276,INV-7625,1,0,0,0.0,0,10
BT-00276,INV-9391,0,277308,0,0.0,0,10
BT-00276,INV-3598,0,749766,7,0.0,0,10
BT-00277,INV-1475,0,344550,7,0.333,0,7
BT-00277,INV-4970,0,289710,0,0.0,0,7
BT-00277,INV-7461,0,0,4,0.0,0,7
BT-00277,INV-2221,0,483509,1,0.333,0,7
BT-00277,INV-2974,0,100,0,0.0,0,7
BT-00277,INV-3495,0,100,15,0.333,0,7
BT-00277,INV-1507,1,0,0,0.333,0,7
BT-00278,INV-4899,1,0,0,0.25,0,8
BT-00278,INV-1343,0,100,3,0.0,0,8
BT-00278,INV-7646,0,1989287,0,0.0,0,8
BT-00278,INV-6889,0,100,5,0.0,0,8
BT-00278,INV-4564,0,100,10,0.0,0,8
BT-00278,INV-7624,0,119574,3,0.25,0,8
BT-00278,INV-3824,0,0,10,0.0,0,8
BT-00278,INV-6706,0,1838214,0,0.0,0,8
BT-00279,INV-9683,0,808133,12,0.0,0,7
BT-00279,INV-4608,0,100,17,0.0,0,7
BT-00279,INV-3337,0,316699,0,0.0,0,7
BT-00279,INV-3178,0,2009658,6,0.0,0,7
BT-00279,INV-7083,0,1029080,0,0.0,0,7
BT-00279,INV-9631,1,0,0,0.0,0,7
BT-00279,INV-5764,0,1490843,0,0.0,0,7
BT-00280,INV-7986,1,0,0,0.25,0,4
BT-00280,INV-3858,0,100,1,0.0,0,4
BT-00280,INV-8882,0,1240,11,0.0,0,4
BT-00280,INV-3593,0,1115003,0,0.0,0,4
BT-00281,INV-5396,0,100,11,0.0,0,6
BT-00281,INV-3565,0,645212,6,0.5,0,6
BT-00281,INV-5287,0,620350,0,0.0,0,6
BT-00281,INV-3372,1,0,0,0.5,1,6
BT-00281,INV-6497,0,1240,13,0.0,0,6
BT-00281,INV-9598,0,1478059,1,0.5,0,6
BT-00282,INV-7688,1,0,0,0.25,0,5
BT-00282,INV-5186,0,100,8,0.25,0,5
BT-00282,INV-1789,0,100,23,0.0,0,5
BT-00282,INV-6067,0,1015589,0,0.0,0,5
BT-00282,INV-2456,0,1426268,0,0.0,0,5
BT-00283,INV-9144,0,2051,11,0.5,0,9
BT-00283,INV-2541,0,1521782,0,0.0,0,9
BT-00283,INV-8568,0,731525,18,0.5,0,9
BT-00283,INV-9963,0,1240,9,0.2,0,9
BT-00283,INV-7861,0,499184,0,0.5,0,9
BT-00283,INV-2077,0,100,6,0.0,0,9
BT-00283,INV-6236,1,0,0,0.5,1,9
BT-00283,INV-2704,0,100,0,0.0,0,9
BT-00283,INV-8293,0,346437,8,0.5,0,9
BT-00284,INV-1302,0,687810,0,0.0,0,4
BT-00284,INV-3323,0,608494,0,0.25,0,4
BT-00284,INV-3398,1,0,0,0.25,0,4
BT-00284,INV-1779,0,881695,0,0.0,0,4
BT-00285,INV-4620,0,1039543,0,0.0,0,8
BT-00285,INV-5059,0,201956,0,0.5,0,8
BT-00285,INV-3676,0,100,1,0.0,0,8
BT-00285,INV-7438,0,1349155,0,0.0,0,8
BT-00285,INV-8944,1,0,0,0.5,1,8
BT-00285,INV-5665,0,1240,12,0.0,0,8
BT-00285,INV-5087,0,983072,0,0.2,0,8
BT-00285,INV-8798,0,0,16,0.0,0,8
BT-00286,INV-1429,1,0,0,0.333,0,6
BT-00286,INV-7089,0,100,8,0.0,0,6
BT-00286,INV-5992,0,100,21,0.0,0,6
BT-00286,INV-8185,0,1894477,0,0.0,0,6
BT-00286,INV-9452,0,816413,9,0.333,0,6
BT-00286,INV-4275,0,100,0,0.0,0,6
BT-00287,INV-2353,1,0,0,0.0,0,8
BT-00287,INV-3125,0,1250577,0,0.0,0,8
BT-00287,INV-1167,0,766579,0,0.0,0,8
BT-00287,INV-4389,0,183556,0,0.0,0,8
BT-00287,INV-4308,0,535154,3,0.0,0,8
BT-00287,INV-9392,0,100,11,0.0,0,8
BT-00287,INV-9229,0,678736,13,0.0,0,8
BT-00287,INV-4185,0,0,11,0.0,0,8
BT-00288,INV-9798,0,1384358,0,0.0,0,7
BT-00288,INV-6709,1,0,0,0.5,1,7
BT-00288,INV-7610,0,1019121,14,0.5,0,7
BT-00288,INV-8662,0,1376611,7,0.5,0,7
BT-00288,INV-6070,0,541551,18,0.5,0,7
BT-00288,INV-3583,0,397738,0,0.0,0,7
BT-00288,INV-2214,0,100,3,0.0,0,7
BT-00289,INV-9771,0,1944426,11,0.667,0,9
BT-00289,INV-4531,0,899218,0,0.25,0,9
BT-00289,INV-6336,0,8029,6,0.0,0,9
BT-00289,INV-5401,0,8129,1,0.0,0,9
BT-00289,INV-9789,0,8029,9,0.0,0,9
BT-00289,INV-1681,0,9369,10,0.0,0,9
BT-00289,INV-3071,0,404,0,0.667,0,9
BT-00289,INV-8436,0,8229,3,0.0,0,9
BT-00289,INV-4156,1,8129,0,0.667,0,9
BT-00290,INV-7674,1,72561,0,0.333,0,8
BT-00290,INV-3449,0,1260310,0,0.0,0,8
BT-00290,INV-2132,0,1793181,10,0.333,0,8
BT-00290,INV-3219,0,72561,12,0.0,0,8
BT-00290,INV-6051,0,499957,0,0.0,0,8
BT-00290,INV-5581,0,72461,6,0.0,0,8
BT-00290,INV-1745,0,72561,2,0.0,0,8
BT-00290,INV-4504,0,503218,0,0.0,0,8
BT-00291,INV-7578,0,583847,9,0.333,0,4
BT-00291,INV-3893,1,123264,0,0.333,0,4
BT-00291,INV-6691,0,79075,4,0.333,0,4
BT-00291,INV-7043,0,539001,20,0.333,0,4
BT-00292,INV-7780,0,100,16,0.0,0,10
BT-00292,INV-5914,0,618248,0,0.0,0,10
BT-00292,INV-5105,0,1240,7,0.0,0,10
BT-00292,INV-6523,0,313577,0,0.0,0,10
BT-00292,INV-4204,0,344338,6,0.25,0,10
BT-00292,INV-6492,0,0,12,0.0,0,10
BT-00292,INV-8920,0,287464,2,0.25,0,10
BT-00292,INV-5535,1,0,0,0.25,0,10
BT-00292,INV-8458,0,1274706,21,0.25,0,10
BT-00292,INV-9459,0,100,2,0.0,0,10
BT-00293,INV-4945,0,4120,8,0.0,0,5
BT-00293,INV-4844,1,4120,0,0.25,0,5
BT-00293,INV-9631,0,4020,2,0.0,0,5
BT-00293,INV-6952,0,2316922,0,0.0,0,5
BT-00293,INV-1760,0,5360,2,0.0,0,5
BT-00294,INV-2547,0,73042,4,0.0,0,7
BT-00294,INV-1058,1,0,0,0.0,0,7
BT-00294,INV-2656,0,651978,0,0.0,0,7
BT-00294,INV-2545,0,100,6,0.0,0,7
BT-00294,INV-6857,0,494049,26,0.0,0,7
BT-00294,INV-9826,0,449650,0,0.0,0,7
BT-00294,INV-4113,0,1148227,8,0.0,0,7
BT-00295,INV-8357,0,178345,0,0.0,0,8
BT-00295,INV-7132,1,0,0,0.5,1,8
BT-00295,INV-7074,0,1451407,0,0.2,0,8
BT-00295,INV-2342,0,1240,5,0.0,0,8
BT-00295,INV-6336,0,841043,2,0.5,0,8
BT-00295,INV-9578,0,2278038,0,0.2,0,8
BT-00295,INV-3294,0,1866461,0,0.0,0,8
BT-00295,INV-8382,0,2253945,0,0.0,0,8
BT-00296,INV-3081,0,1004449,2,0.5,0,7
BT-00296,INV-8592,0,0,14,0.0,0,7
BT-00296,INV-4830,0,1186880,3,0.5,0,7
BT-00296,INV-7656,0,695385,14,0.5,0,7
BT-00296,INV-8264,0,743016,14,0.5,0,7
BT-00296,INV-3003,1,0,0,0.5,1,7
BT-00296,INV-3820,0,132230,5,0.5,0,7
BT-00297,INV-4651,0,1240,19,0.0,0,6
BT-00297,INV-9838,0,1175074,0,0.0,0,6
BT-00297,INV-4533,0,94337,0,0.0,0,6
BT-00297,INV-5701,1,0,0,0.5,1,6
BT-00297,INV-7871,0,100,4,0.0,0,6
BT-00297,INV-7480,0,0,21,0.0,0,6
BT-00298,INV-9910,0,1606284,4,0.5,0,8
BT-00298,INV-1247,0,1240,5,0.0,0,8
BT-00298,INV-2323,0,751249,11,0.5,0,8
BT-00298,INV-9510,0,418966,0,0.0,0,8
BT-00298,INV-3996,1,0,0,0.5,1,8
BT-00298,INV-9783,0,77966,7,0.5,0,8
BT-00298,INV-6899,0,1240,8,0.0,0,8
BT-00298,INV-6561,0,0,4,0.2,0,8
BT-00299,INV-5062,0,100,25,0.0,0,9
BT-00299,INV-1261,0,0,22,0.0,0,9
BT-00299,INV-4193,0,100,3,0.25,0,9
BT-00299,INV-9504,0,573280,23,0.25,0,9
BT-00299,INV-8124,0,179115,0,0.0,0,9
BT-00299,INV-1808,0,1015708,5,0.25,0,9
BT-00299,INV-9883,0,1240,14,0.0,0,9
BT-00299,INV-4321,1,0,0,0.25,0,9
BT-00299,INV-2434,0,154145,15,0.25,0,9
BT-00300,INV-3051,1,0,0,0.25,0,8
BT-00300,INV-7071,0,1240,10,0.0,0,8
BT-00300,INV-5912,0,0,9,0.0,0,8
BT-00300,INV-1244,0,1345386,13,0.25,0,8
BT-00300,INV-8375,0,0,1,0.0,0,8
BT-00300,INV-2852,0,1240,10,0.0,0,8
BT-00300,INV-7446,0,405291,0,0.0,0,8
BT-00300,INV-1131,0,0,2,0.0,0,8
BT-00301,INV-8687,0,233261,0,0.0,0,6
BT-00301,INV-9831,0,518323,19,0.5,0,6
BT-00301,INV-1369,0,1240,2,0.0,0,6
BT-00301,INV-4725,0,1267586,23,0.5,0,6
BT-00301,INV-3103,1,0,0,0.5,1,6
BT-00301,INV-7093,0,300450,0,0.0,0,6
BT-00302,INV-6824,0,301125,17,0.333,0,4
BT-00302,INV-2008,1,0,0,0.333,0,4
BT-00302,INV-2234,0,142490,25,0.333,0,4
BT-00302,INV-2116,0,592087,13,0.333,0,4
BT-00303,INV-2103,0,100,9,0.0,0,5
BT-00303,INV-4952,1,0,0,0.25,0,5
BT-00303,INV-3205,0,662043,14,0.25,0,5
BT-00303,INV-9725,0,524497,0,0.0,0,5
BT-00303,INV-8092,0,1240,21,0.0,0,5
BT-00304,INV-3924,0,1004880,0,0.0,0,10
BT-00304,INV-9525,0,1429717,0,0.0,0,10
BT-00304,INV-7768,0,100,17,0.25,0,10
BT-00304,INV-1729,0,378284,0,0.0,0,10
BT-00304,INV-9416,0,180899,8,0.25,0,10
BT-00304,INV-9753,0,1240,1,0.0,0,10
BT-00304,INV-6019,0,0,6,0.0,0,10
BT-00304,INV-9048,1,0,0,0.25,0,10
BT-00304,INV-6372,0,1240,26,0.0,0,10
BT-00304,INV-5502,0,846503,0,0.0,0,10
BT-00305,INV-8517,0,1070836,0,0.0,0,5
BT-00305,INV-4686,1,0,0,0.333,0,5
BT-00305,INV-2226,0,100,26,0.0,0,5
BT-00305,INV-3648,0,1240,23,0.0,0,5
BT-00305,INV-5241,0,100,22,0.0,0,5
BT-00306,INV-4274,0,368908,15,0.25,0,8
BT-00306,INV-3393,0,100,2,0.0,0,8
BT-00306,INV-3514,0,100,0,0.0,0,8
BT-00306,INV-3437,1,0,0,0.25,0,8
BT-00306,INV-3520,0,1126495,11,0.25,0,8
BT-00306,INV-3881,0,1388659,0,0.0,0,8
BT-00306,INV-4148,0,402875,0,0.0,0,8
BT-00306,INV-3994,0,100,3,0.0,0,8
BT-00307,INV-7126,0,1240,4,0.0,0,8
BT-00307,INV-7048,0,427518,5,0.333,0,8
BT-00307,INV-8435,0,100,1,0.0,0,8
BT-00307,INV-3360,0,100,4,0.0,0,8
BT-00307,INV-7706,1,0,0,0.333,0,8
BT-00307,INV-3751,0,139391,0,0.0,0,8
BT-00307,INV-8907,0,787126,19,0.333,0,8
BT-00307,INV-8794,0,100,2,0.0,0,8
BT-00308,INV-6118,0,1546888,0,0.2,0,9
BT-00308,INV-5550,0,100,15,0.0,0,9
BT-00308,INV-3392,0,749053,13,0.5,0,9
BT-00308,INV-5663,1,0,0,0.5,1,9
BT-00308,INV-5421,0,1107775,2,0.5,0,9
BT-00308,INV-6696,0,1319258,0,0.0,0,9
BT-00308,INV-8335,0,100,11,0.0,0,9
BT-00308,INV-7357,0,196102,8,0.5,0,9
BT-00308,INV-7314,0,643341,8,0.5,0,9
BT-00309,INV-8896,0,103382,5,0.5,0,6
BT-00309,INV-6690,1,0,0,0.5,1,6
BT-00309,INV-2877,0,249077,0,0.0,0,6
BT-00309,INV-9720,0,1413589,11,0.5,0,6
BT-00309,INV-6476,0,55937,9,0.5,0,6
BT-00309,INV-7265,0,2084610,1,0.5,0,6
BT-00310,INV-2105,0,224316,23,0.25,0,7
BT-00310,INV-1790,0,543658,0,0.0,0,7
BT-00310,INV-7231,0,100,25,0.0,0,7
BT-00310,INV-6593,0,623818,5,0.25,0,7
BT-00310,INV-1707,1,0,0,0.25,0,7
BT-00310,INV-1347,0,403383,2,0.25,0,7
BT-00310,INV-5290,0,509104,12,0.25,0,7
BT-00311,INV-3228,0,1240,12,0.0,0,6
BT-00311,INV-5782,0,100,7,0.0,0,6
BT-00311,INV-2790,1,0,0,0.0,0,6
BT-00311,INV-5725,0,60305,14,0.0,0,6
BT-00311,INV-7969,0,1700018,0,0.0,0,6
BT-00311,INV-7880,0,0,0,0.0,0,6
BT-00312,INV-2717,0,0,2,0.0,0,10
BT-00312,INV-1503,0,0,16,0.0,0,10
BT-00312,INV-7199,0,100,15,0.0,0,10
BT-00312,INV-9625,0,0,4,0.0,0,10
BT-00312,INV-3651,0,613172,9,0.25,0,10
BT-00312,INV-5234,1,0,0,0.25,0,10
BT-00312,INV-4966,0,533586,0,0.0,0,10
BT-00312,INV-6160,0,100,5,0.0,0,10
BT-00312,INV-5113,0,1525412,6,0.25,0,10
BT-00312,INV-3016,0,284181,3,0.25,0,10
BT-00313,INV-8660,0,819789,0,0.0,0,6
BT-00313,INV-1325,0,127762,4,0.0,0,6
BT-00313,INV-7955,1,127862,0,0.0,0,6
BT-00313,INV-3375,0,155566,0,0.0,0,6
BT-00313,INV-8558,0,127962,5,0.0,0,6
BT-00313,INV-2263,0,127862,4,0.0,0,6
BT-00314,INV-9409,0,623076,8,0.5,0,10
BT-00314,INV-8539,0,1240441,9,0.5,0,10
BT-00314,INV-5755,0,784327,0,0.0,0,10
BT-00314,INV-3739,0,452235,0,0.2,0,10
BT-00314,INV-5677,0,0,8,0.0,0,10
BT-00314,INV-4676,0,0,17,0.0,0,10
BT-00314,INV-6789,0,100,14,0.0,0,10
BT-00314,INV-7311,0,0,5,0.0,0,10
BT-00314,INV-6121,1,0,0,0.5,1,10
BT-00314,INV-8133,0,1257659,0,0.0,0,10
BT-00315,INV-1791,0,100,3,0.2,0,10
BT-00315,INV-1829,0,1277074,18,0.5,0,10
BT-00315,INV-3921,0,66835,1,0.5,0,10
BT-00315,INV-1795,1,0,0,0.5,1,10
BT-00315,INV-4584,0,22610,2,0.5,0,10
BT-00315,INV-1892,0,114289,0,0.0,0,10
BT-00315,INV-6751,0,917696,2,0.5,0,10
BT-00315,INV-4067,0,1226596,0,0.2,0,10
BT-00315,INV-4405,0,100,2,0.0,0,10
BT-00315,INV-9998,0,720054,8,0.5,0,10
BT-00316,INV-1119,0,107779,4,0.0,0,5
BT-00316,INV-1259,0,107579,23,0.25,0,5
BT-00316,INV-1140,0,107579,15,0.0,0,5
BT-00316,INV-6483,1,107679,0,0.25,0,5
BT-00316,INV-4521,0,107779,5,0.0,0,5
BT-00317,INV-8727,0,239692,0,0.667,0,5
BT-00317,INV-6756,0,269657,0,0.0,0,5
BT-00317,INV-8382,1,0,0,0.667,0,5
BT-00317,INV-5159,0,467501,0,0.25,0,5
BT-00317,INV-8184,0,14746,0,0.0,0,5
BT-00318,INV-4369,0,1072386,2,0.333,0,4
BT-00318,INV-5510,0,1182588,0,0.0,0,4
BT-00318,INV-6433,1,0,0,0.333,0,4
BT-00318,INV-9030,0,100,3,0.0,0,4
BT-00319,INV-3864,0,407011,17,0.333,0,4
BT-00319,INV-3031,0,651933,0,0.0,0,4
BT-00319,INV-7108,0,100,3,0.333,0,4
BT-00319,INV-4770,1,0,0,0.333,0,4
BT-00320,INV-7335,0,164903,0,0.0,0,6
BT-00320,INV-5928,0,189423,18,0.0,0,6
BT-00320,INV-1484,0,64869,2,0.5,0,6
BT-00320,INV-7010,0,468560,3,0.5,0,6
BT-00320,INV-6220,1,188183,0,0.5,1,6
BT-00320,INV-6404,0,161183,0,0.0,0,6
BT-00321,INV-5275,0,100,11,0.0,0,8
BT-00321,INV-7255,0,977651,15,0.0,0,8
BT-00321,INV-8564,0,558000,0,0.0,0,8
BT-00321,INV-3243,1,0,0,0.0,0,8
BT-00321,INV-5671,0,1574238,0,0.0,0,8
BT-00321,INV-9596,0,433811,8,0.0,0,8
BT-00321,INV-6293,0,226875,0,0.0,0,8
BT-00321,INV-4049,0,100,9,0.0,0,8
BT-00322,INV-9094,0,1240,7,0.333,0,8
BT-00322,INV-1193,0,1240,4,0.0,0,8
BT-00322,INV-2028,0,531689,1,0.333,0,8
BT-00322,INV-4109,0,706708,6,0.333,0,8
BT-00322,INV-6031,0,528354,12,0.333,0,8
BT-00322,INV-1539,0,100,3,0.0,0,8
BT-00322,INV-1741,1,0,0,0.333,0,8
BT-00322,INV-6981,0,450355,0,0.0,0,8
BT-00323,INV-1813,1,0,0,0.25,0,6
BT-00323,INV-9508,0,1115559,0,0.25,0,6
BT-00323,INV-3334,0,1122432,0,0.25,0,6
BT-00323,INV-7799,0,1240,4,0.0,0,6
BT-00323,INV-2203,0,785755,4,0.25,0,6
BT-00323,INV-2460,0,620088,0,0.0,0,6
BT-00324,INV-9156,0,286959,19,0.25,0,4
BT-00324,INV-7267,0,100,5,0.0,0,4
BT-00324,INV-8813,0,1240,23,0.0,0,4
BT-00324,INV-8911,1,0,0,0.25,0,4
BT-00325,INV-5976,0,628317,0,0.0,0,6
BT-00325,INV-5737,0,818417,0,0.0,0,6
BT-00325,INV-8903,0,1240,2,0.0,0,6
BT-00325,INV-7159,0,630741,4,0.0,0,6
BT-00325,INV-2652,1,0,0,0.0,0,6
BT-00325,INV-6351,0,158892,0,0.0,0,6
BT-00326,INV-2506,0,128049,0,0.0,0,9
BT-00326,INV-9069,1,0,0,0.25,0,9
BT-00326,INV-5826,0,1151472,18,0.25,0,9
BT-00326,INV-3241,0,474130,0,0.0,0,9
BT-00326,INV-1678,0,147935,6,0.25,0,9
BT-00326,INV-1145,0,100,19,0.0,0,9
BT-00326,INV-9659,0,729110,0,0.0,0,9
BT-00326,INV-8553,0,623272,0,0.0,0,9
BT-00326,INV-4563,0,1216005,1,0.25,0,9
BT-00327,INV-9282,0,480111,0,0.0,0,10
BT-00327,INV-8454,0,100,21,0.25,0,10
BT-00327,INV-3462,0,0,6,0.0,0,10
BT-00327,INV-4361,0,685242,0,0.0,0,10
BT-00327,INV-3979,0,207905,14,0.25,0,10
BT-00327,INV-6994,0,100,2,0.0,0,10
BT-00327,INV-8215,0,1222204,0,0.0,0,10
BT-00327,INV-8241,0,294490,14,0.25,0,10
BT-00327,INV-1459,1,0,0,0.25,0,10
BT-00327,INV-5866,0,1240,10,0.0,0,10
BT-00328,INV-3021,0,100,1,0.0,0,7
BT-00328,INV-5949,0,73063,0,0.0,0,7
BT-00328,INV-5524,0,146703,11,0.0,0,7
BT-00328,INV-6519,0,433727,0,0.0,0,7
BT-00328,INV-5319,0,100,9,0.0,0,7
BT-00328,INV-1505,1,0,0,0.0,0,7
BT-00328,INV-4373,0,897749,25,0.0,0,7
BT-00329,INV-4170,1,0,0,0.0,0,9
BT-00329,INV-7656,0,160055,4,0.0,0,9
BT-00329,INV-4321,0,1535315,20,0.0,0,9
BT-00329,INV-6570,0,2145680,0,0.0,0,9
BT-00329,INV-8958,0,1240,5,0.0,0,9
BT-00329,INV-8451,0,1498371,0,0.0,0,9
BT-00329,INV-3978,0,9002,5,0.0,0,9
BT-00329,INV-1007,0,100,7,0.0,0,9
BT-00329,INV-8502,0,100,1,0.0,0,9
BT-00330,INV-4319,0,1240,19,0.0,0,10
BT-00330,INV-3542,0,16919,0,0.0,0,10
BT-00330,INV-5753,0,100,19,0.0,0,10
BT-00330,INV-9769,0,132280,16,0.0,0,10
BT-00330,INV-6162,0,474714,0,0.0,0,10
BT-00330,INV-2211,0,1240,6,0.0,0,10
BT-00330,INV-5112,0,100,6,0.0,0,10
BT-00330,INV-7582,0,100,15,0.0,0,10
BT-00330,INV-3378,0,1128217,0,0.0,0,10
BT-00330,INV-9280,1,0,0,0.0,0,10
BT-00331,INV-9634,0,1351353,0,0.0,0,6
BT-00331,INV-9168,1,0,0,0.667,0,6
BT-00331,INV-8893,0,554810,0,0.0,0,6
BT-00331,INV-9103,0,64776,0,0.0,0,6
BT-00331,INV-1479,0,100,3,0.0,0,6
BT-00331,INV-8457,0,1876757,5,0.667,0,6
BT-00332,INV-8744,0,1240,2,0.0,0,9
BT-00332,INV-6195,0,100,14,0.0,0,9
BT-00332,INV-5270,0,100,12,0.0,0,9
BT-00332,INV-8936,0,100,8,0.0,0,9
BT-00332,INV-4186,0,1656875,10,0.333,0,9
BT-00332,INV-1737,0,1240,7,0.0,0,9
BT-00332,INV-4849,0,30383,0,0.0,0,9
BT-00332,INV-5281,0,319042,10,0.333,0,9
BT-00332,INV-9350,1,0,0,0.333,0,9
BT-00333,INV-4201,0,1137133,10,0.0,0,6
BT-00333,INV-8190,0,1240,7,0.0,0,6
BT-00333,INV-3493,0,58407,0,0.0,0,6
BT-00333,INV-4743,0,675217,19,0.0,0,6
BT-00333,INV-7047,1,0,0,0.0,0,6
BT-00333,INV-4930,0,100,5,0.0,0,6
BT-00334,INV-4426,0,118258,14,0.0,0,9
BT-00334,INV-5405,0,280345,0,0.0,0,9
BT-00334,INV-8626,0,118158,1,0.0,0,9
BT-00334,INV-3747,0,118358,3,0.0,0,9
BT-00334,INV-8900,0,286855,0,0.0,0,9
BT-00334,INV-6987,0,302187,3,0.0,0,9
BT-00334,INV-5619,0,884002,0,0.0,0,9
BT-00334,INV-3173,0,397530,17,0.0,0,9
BT-00334,INV-4270,1,118258,0,0.0,0,9
BT-00335,INV-2106,0,1240,16,0.0,0,10
BT-00335,INV-3711,0,46453,1,0.5,0,10
BT-00335,INV-6171,0,100,23,0.0,0,10
BT-00335,INV-1740,0,91167,7,0.5,0,10
BT-00335,INV-7995,1,0,0,0.5,1,10
BT-00335,INV-5193,0,1367538,7,0.5,0,10
BT-00335,INV-9585,0,0,18,0.0,0,10
BT-00335,INV-4106,0,1156298,0,0.0,0,10
BT-00335,INV-5755,0,0,23,0.0,0,10
BT-00335,INV-7352,0,100,2,0.0,0,10
BT-00336,INV-6114,0,188027,12,0.667,0,10
BT-00336,INV-9637,0,1689014,0,0.0,0,10
BT-00336,INV-6880,0,1745965,0,0.0,0,10
BT-00336,INV-4355,0,1349710,12,0.667,0,10
BT-00336,INV-8229,1,42222,0,0.667,0,10
BT-00336,INV-3572,0,336412,6,0.667,0,10
BT-00336,INV-3006,0,1339897,3,0.667,0,10
BT-00336,INV-5967,0,42122,10,0.0,0,10
BT-00336,INV-7758,0,260646,0,0.0,0,10
BT-00336,INV-2948,0,42122,10,0.0,0,10
BT-00337,INV-6210,0,0,19,0.0,0,9
BT-00337,INV-8154,0,22417,0,0.0,0,9
BT-00337,INV-5736,0,1856986,10,0.0,0,9
BT-00337,INV-5175,0,1240,18,0.0,0,9
BT-00337,INV-7432,0,67008,0,0.0,0,9
BT-00337,INV-1395,0,255666,13,0.0,0,9
BT-00337,INV-9858,1,0,0,0.0,0,9
BT-00337,INV-5046,0,546839,0,0.0,0,9
BT-00337,INV-7193,0,253606,0,0.0,0,9
BT-00338,INV-4763,0,414222,0,0.0,0,4
BT-00338,INV-2064,1,0,0,0.0,0,4
BT-00338,INV-1628,0,112268,4,0.0,0,4
BT-00338,INV-8724,0,1513762,4,0.0,0,4
BT-00339,INV-3225,1,0,0,0.5,1,10
BT-00339,INV-7576,0,421146,23,0.5,0,10
BT-00339,INV-7807,0,1240,2,0.0,0,10
BT-00339,INV-5147,0,499466,12,0.5,0,10
BT-00339,INV-5366,0,453363,24,0.5,0,10
BT-00339,INV-9578,0,1240,2,0.2,0,10
BT-00339,INV-4211,0,0,22,0.0,0,10
BT-00339,INV-4218,0,553906,0,0.0,0,10
BT-00339,INV-3898,0,60778,3,0.5,0,10
BT-00339,INV-5257,0,155609,0,0.0,0,10
BT-00340,INV-9419,1,0,0,0.333,0,10
BT-00340,INV-2437,0,946528,26,0.333,0,10
BT-00340,INV-2255,0,974743,4,0.333,0,10
BT-00340,INV-5532,0,779127,8,0.333,0,10
BT-00340,INV-9250,0,918916,7,0.333,0,10
BT-00340,INV-8483,0,1251801,11,0.333,0,10
BT-00340,INV-8636,0,0,6,0.0,0,10
BT-00340,INV-6911,0,495182,10,0.333,0,10
BT-00340,INV-8086,0,682868,24,0.333,0,10
BT-00340,INV-4934,0,100,18,0.0,0,10
BT-00341,INV-8435,0,100,0,0.0,0,9
BT-00341,INV-1617,0,416547,0,0.0,0,9
BT-00341,INV-5726,0,880319,0,0.0,0,9
BT-00341,INV-6485,0,100,13,0.0,0,9
BT-00341,INV-6883,0,100,9,0.0,0,9
BT-00341,INV-2179,0,517485,0,0.2,0,9
BT-00341,INV-4011,0,0,9,0.0,0,9
BT-00341,INV-7462,1,0,0,0.5,1,9
BT-00341,INV-9681,0,100,9,0.0,0,9
BT-00342,INV-3269,0,409132,17,0.25,0,9
BT-00342,INV-2564,0,156149,0,0.0,0,9
BT-00342,INV-3266,0,218558,16,0.25,0,9
BT-00342,INV-6122,0,97750,12,0.25,0,9
BT-00342,INV-1538,1,156049,0,0.25,0,9
BT-00342,INV-7649,0,156049,17,0.0,0,9
BT-00342,INV-9501,0,612678,0,0.0,0,9
BT-00342,INV-4052,0,156149,1,0.0,0,9
BT-00342,INV-1001,0,156049,12,0.0,0,9
BT-00343,INV-3784,0,238956,7,0.5,0,6
BT-00343,INV-4175,1,222964,0,0.5,1,6
BT-00343,INV-7943,0,224204,15,0.0,0,6
BT-00343,INV-9146,0,224204,12,0.2,0,6
BT-00343,INV-1212,0,342982,0,0.5,0,6
BT-00343,INV-9042,0,759086,0,0.2,0,6
BT-00344,INV-5606,0,1240,11,0.5,0,10
BT-00344,INV-6347,0,576306,0,0.0,0,10
BT-00344,INV-1751,0,1619253,0,0.0,0,10
BT-00344,INV-9983,1,0,0,0.5,1,10
BT-00344,INV-8441,0,1062917,20,0.5,0,10
BT-00344,INV-6676,0,607249,9,0.5,0,10
BT-00344,INV-5788,0,0,8,0.0,0,10
BT-00344,INV-6878,0,628086,0,0.2,0,10
BT-00344,INV-4866,0,1662566,16,0.5,0,10
BT-00344,INV-4022,0,1277879,0,0.0,0,10
BT-00345,INV-5041,0,1007074,5,0.0,0,9
BT-00345,INV-1231,0,1255178,8,0.0,0,9
BT-00345,INV-1129,0,100,7,0.0,0,9
BT-00345,INV-4734,0,528999,0,0.0,0,9
BT-00345,INV-8175,0,1203522,4,0.0,0,9
BT-00345,INV-2847,0,498514,8,0.0,0,9
BT-00345,INV-8391,0,1019614,0,0.0,0,9
BT-00345,INV-3046,1,0,0,0.0,0,9
BT-00345,INV-7774,0,207479,0,0.0,0,9
BT-00346,INV-3226,0,963455,0,0.0,0,5
BT-00346,INV-5698,1,111198,0,0.5,1,5
BT-00346,INV-3882,0,111298,2,0.0,0,5
BT-00346,INV-4084,0,94712,2,0.5,0,5
BT-00346,INV-2754,0,621649,22,0.5,0,5
BT-00347,INV-3573,0,1694741,0,0.2,0,4
BT-00347,INV-3503,0,0,15,0.0,0,4
BT-00347,INV-2909,0,1650986,19,0.5,0,4
BT-00347,INV-6288,1,0,0,0.5,1,4
BT-00348,INV-9628,1,0,0,0.5,1,6
BT-00348,INV-2582,0,460543,0,0.0,0,6
BT-00348,INV-9947,0,0,2,0.2,0,6
BT-00348,INV-5604,0,389570,6,0.5,0,6
BT-00348,INV-1008,0,286161,5,0.5,0,6
BT-00348,INV-1316,0,0,7,0.0,0,6
BT-00349,INV-8215,1,0,0,0.333,0,5
BT-00349,INV-8700,0,1248811,7,0.333,0,5
BT-00349,INV-1641,0,72373,0,0.0,0,5
BT-00349,INV-8108,0,100,1,0.0,0,5
BT-00349,INV-7064,0,169923,12,0.333,0,5
BT-00350,INV-3132,0,315247,0,0.0,0,9
BT-00350,INV-5349,0,100,8,0.0,0,9
BT-00350,INV-7601,0,1466591,0,0.0,0,9
BT-00350,INV-9527,0,1185871,16,0.0,0,9
BT-00350,INV-1842,0,27753,3,0.0,0,9
BT-00350,INV-9480,0,396433,2,0.0,0,9
BT-00350,INV-3354,1,0,0,0.0,0,9
BT-00350,INV-9563,0,0,16,0.0,0,9
BT-00350,INV-7126,0,411291,0,0.0,0,9
BT-00351,INV-1541,0,100,17,0.0,0,9
BT-00351,INV-8292,0,1240,0,0.0,0,9
BT-00351,INV-8050,0,0,10,0.0,0,9
BT-00351,INV-4895,0,780196,0,0.0,0,9
BT-00351,INV-2693,1,0,0,0.0,0,9
BT-00351,INV-4884,0,47153,14,0.0,0,9
BT-00351,INV-7288,0,0,11,0.0,0,9
BT-00351,INV-9901,0,1136110,14,0.0,0,9
BT-00351,INV-2533,0,100,2,0.0,0,9
BT-00352,INV-9838,0,515675,0,0.0,0,10
BT-00352,INV-6299,0,689227,0,0.0,0,10
BT-00352,INV-2283,0,85829,0,0.333,0,10
BT-00352,INV-5955,0,156135,9,0.0,0,10
BT-00352,INV-6087,0,156135,12,0.0,0,10
BT-00352,INV-9960,0,702776,6,0.333,0,10
BT-00352,INV-2766,1,156235,0,0.333,0,10
BT-00352,INV-5206,0,156135,11,0.0,0,10
BT-00352,INV-5220,0,1149370,0,0.333,0,10
BT-00352,INV-3682,0,156235,13,0.0,0,10
BT-00353,INV-3306,0,990232,9,0.5,0,7
BT-00353,INV-6969,0,0,4,0.0,0,7
BT-00353,INV-7993,0,432110,6,0.5,0,7
BT-00353,INV-4681,0,26699,13,0.5,0,7
BT-00353,INV-4727,1,0,0,0.5,1,7
BT-00353,INV-9698,0,100,17,0.0,0,7
BT-00353,INV-4720,0,602861,0,0.0,0,7
BT-00354,INV-6166,0,1496165,0,0.0,0,5
BT-00354,INV-8967,1,0,0,0.0,0,5
BT-00354,INV-9186,0,100,13,0.0,0,5
BT-00354,INV-6450,0,100,12,0.0,0,5
BT-00354,INV-4946,0,100,6,0.0,0,5
BT-00355,INV-4475,1,0,0,0.5,1,7
BT-00355,INV-4884,0,1496672,12,0.5,0,7
BT-00355,INV-9295,0,1240,8,0.0,0,7
BT-00355,INV-8273,0,1590976,0,0.0,0,7
BT-00355,INV-9249,0,88765,8,0.5,0,7
BT-00355,INV-6787,0,1226383,0,0.0,0,7
BT-00355,INV-8996,0,100,4,0.0,0,7
BT-00356,INV-8543,0,1240,16,0.0,0,8
BT-00356,INV-9331,0,214728,0,0.0,0,8
BT-00356,INV-1045,0,131034,9,0.333,0,8
BT-00356,INV-5653,0,100,6,0.0,0,8
BT-00356,INV-4033,0,311101,22,0.333,0,8
BT-00356,INV-6149,0,100,15,0.0,0,8
BT-00356,INV-3081,1,0,0,0.333,0,8
BT-00356,INV-4907,0,0,17,0.0,0,8
BT-00357,INV-7828,0,1106230,0,0.0,0,9
BT-00357,INV-5424,0,1713680,0,0.0,0,9
BT-00357,INV-5739,0,1204026,0,0.333,0,9
BT-00357,INV-4391,0,1528884,0,0.0,0,9
BT-00357,INV-4844,1,64542,0,0.333,0,9
BT-00357,INV-2995,0,396049,0,0.0,0,9
BT-00357,INV-6652,0,235428,12,0.333,0,9
BT-00357,INV-6269,0,1012716,0,0.0,0,9
BT-00357,INV-5947,0,845504,0,0.0,0,9
BT-00358,INV-3642,0,0,3,0.0,0,10
BT-00358,INV-5723,0,100,1,0.0,0,10
BT-00358,INV-6635,1,0,0,0.0,0,10
BT-00358,INV-1658,0,0,1,0.0,0,10
BT-00358,INV-6888,0,1152875,16,0.0,0,10
BT-00358,INV-4468,0,923616,0,0.0,0,10
BT-00358,INV-5142,0,160595,3,0.0,0,10
BT-00358,INV-1471,0,728411,8,0.0,0,10
BT-00358,INV-4317,0,100,2,0.0,0,10
BT-00358,INV-7017,0,1240,0,0.0,0,10
BT-00359,INV-9888,1,0,0,0.5,1,5
BT-00359,INV-3267,0,1240,7,0.0,0,5
BT-00359,INV-7531,0,100,6,0.0,0,5
BT-00359,INV-9573,0,1240,8,0.0,0,5
BT-00359,INV-5590,0,740324,14,0.5,0,5
BT-00360,INV-8109,0,63551,7,0.0,0,4
BT-00360,INV-5214,1,147212,0,0.0,0,4
BT-00360,INV-6163,0,147112,5,0.0,0,4
BT-00360,INV-7030,0,635018,0,0.0,0,4
BT-00361,INV-9745,1,0,0,0.333,0,4
BT-00361,INV-3155,0,100,2,0.0,0,4
BT-00361,INV-6250,0,1240,8,0.0,0,4
BT-00361,INV-9689,0,1027709,1,0.333,0,4
BT-00362,INV-8142,0,782289,12,0.667,0,7
BT-00362,INV-4661,0,463214,20,0.667,0,7
BT-00362,INV-5601,0,362537,3,0.667,0,7
BT-00362,INV-2177,0,364614,23,0.667,0,7
BT-00362,INV-8640,1,0,0,0.667,0,7
BT-00362,INV-2864,0,1444607,25,0.667,0,7
BT-00362,INV-1602,0,100,1,0.0,0,7
BT-00363,INV-2151,0,0,13,0.0,0,10
BT-00363,INV-1465,0,100,10,0.0,0,10
BT-00363,INV-3636,0,1118310,0,0.0,0,10
BT-00363,INV-1454,0,450050,1,0.0,0,10
BT-00363,INV-7618,0,1240,6,0.0,0,10
BT-00363,INV-8365,0,100,6,0.0,0,10
BT-00363,INV-2373,0,726808,8,0.0,0,10
BT-00363,INV-8085,0,620110,9,0.0,0,10
BT-00363,INV-6211,1,0,0,0.0,0,10
BT-00363,INV-9780,0,1240,15,0.0,0,10
BT-00364,INV-5451,0,451386,3,0.5,0,8
BT-00364,INV-7419,0,885179,13,0.5,0,8
BT-00364,INV-8014,0,1553209,0,0.0,0,8
BT-00364,INV-4229,0,1240,20,0.0,0,8
BT-00364,INV-9413,0,198884,0,0.5,0,8
BT-00364,INV-8648,0,215544,0,0.5,0,8
BT-00364,INV-1550,1,0,0,0.5,1,8
BT-00364,INV-1241,0,0,19,0.0,0,8
BT-00365,INV-1809,0,392603,0,0.0,0,5
BT-00365,INV-6074,1,0,0,0.0,0,5
BT-00365,INV-8460,0,1119310,8,0.0,0,5
BT-00365,INV-4257,0,473607,9,0.0,0,5
BT-00365,INV-9749,0,1852276,0,0.0,0,5
BT-00366,INV-8705,0,100,10,0.0,0,10
BT-00366,INV-7206,0,690224,6,0.5,0,10
BT-00366,INV-2171,0,0,12,0.2,0,10
BT-00366,INV-3366,0,1240,10,0.0,0,10
BT-00366,INV-4123,0,610543,0,0.5,0,10
BT-00366,INV-1957,0,783188,0,0.0,0,10
BT-00366,INV-8188,1,0,0,0.5,1,10
BT-00366,INV-8369,0,1104067,2,0.5,0,10
BT-00366,INV-1297,0,301127,4,0.5,0,10
BT-00366,INV-2401,0,502218,0,0.2,0,10
BT-00367,INV-7062,1,0,0,0.0,0,5
BT-00367,INV-4615,0,100,13,0.0,0,5
BT-00367,INV-2298,0,0,6,0.0,0,5
BT-00367,INV-2258,0,100,19,0.0,0,5
BT-00367,INV-1235,0,100,8,0.0,0,5
BT-00368,INV-7345,0,100,0,0.0,0,4
BT-00368,INV-1762,0,0,6,0.0,0,4
BT-00368,INV-7672,0,0,1,0.0,0,4
BT-00368,INV-2516,1,0,0,0.333,0,4
BT-00369,INV-8891,0,0,9,0.0,0,10
BT-00369,INV-3515,0,100,23,0.2,0,10
BT-00369,INV-8924,0,100,22,0.2,0,10
BT-00369,INV-5629,0,49602,11,0.5,0,10
BT-00369,INV-4422,0,1678638,17,0.5,0,10
BT-00369,INV-2104,1,0,0,0.5,1,10
BT-00369,INV-9514,0,100,9,0.0,0,10
BT-00369,INV-5514,0,659110,0,0.0,0,10
BT-00369,INV-6687,0,848064,6,0.5,0,10
BT-00369,INV-6970,0,420315,6,0.5,0,10
BT-00370,INV-6427,0,206321,1,0.333,0,7
BT-00370,INV-5642,0,549229,4,0.333,0,7
BT-00370,INV-3745,0,205081,3,0.0,0,7
BT-00370,INV-3977,1,205081,0,0.333,0,7
BT-00370,INV-1230,0,85316,2,0.333,0,7
BT-00370,INV-4615,0,510030,3,0.333,0,7
BT-00370,INV-8666,0,205081,22,0.0,0,7
BT-00371,INV-9967,0,1007534,0,0.0,0,8
BT-00371,INV-8042,0,1908360,0,0.0,0,8
BT-00371,INV-7166,0,12129,0,0.0,0,8
BT-00371,INV-7772,0,225049,14,0.0,0,8
BT-00371,INV-4274,1,224949,0,0.5,1,8
BT-00371,INV-5455,0,226189,5,0.0,0,8
BT-00371,INV-8556,0,929655,5,0.5,0,8
BT-00371,INV-6565,0,1110578,0,0.5,0,8
BT-00372,INV-4512,1,0,0,0.5,1,4
BT-00372,INV-3560,0,472180,10,0.5,0,4
BT-00372,INV-4564,0,100,7,0.2,0,4
BT-00372,INV-8748,0,1083037,0,0.2,0,4
BT-00373,INV-6897,0,1434204,3,0.0,0,9
BT-00373,INV-2189,1,0,0,0.0,0,9
BT-00373,INV-1919,0,1240,14,0.0,0,9
BT-00373,INV-2733,0,0,5,0.0,0,9
BT-00373,INV-9770,0,1015737,19,0.0,0,9
BT-00373,INV-5339,0,100,8,0.0,0,9
BT-00373,INV-9869,0,518933,4,0.0,0,9
BT-00373,INV-3154,0,787745,0,0.0,0,9
BT-00373,INV-3631,0,511958,1,0.0,0,9
BT-00374,INV-1215,1,0,0,0.333,0,6
BT-00374,INV-1247,0,749802,0,0.0,0,6
BT-00374,INV-5782,0,1223255,15,0.333,0,6
BT-00374,INV-6306,0,1154371,0,0.0,0,6
BT-00374,INV-4134,0,234568,0,0.0,0,6
BT-00374,INV-8595,0,650273,0,0.0,0,6
BT-00375,INV-3949,0,583403,0,0.0,0,8
BT-00375,INV-3183,0,797867,0,0.0,0,8
BT-00375,INV-3416,0,1991549,24,0.0,0,8
BT-00375,INV-9297,0,1693233,0,0.0,0,8
BT-00375,INV-8206,0,1256343,0,0.0,0,8
BT-00375,INV-7715,0,803914,26,0.0,0,8
BT-00375,INV-3035,0,100,5,0.0,0,8
BT-00375,INV-5521,1,0,0,0.0,0,8
BT-00376,INV-6924,0,2139285,12,0.25,0,4
BT-00376,INV-5307,0,243309,0,0.0,0,4
BT-00376,INV-3259,0,338396,3,0.25,0,4
BT-00376,INV-4716,1,0,0,0.25,0,4
BT-00377,INV-8079,0,227648,11,0.0,0,4
BT-00377,INV-1332,0,1746164,0,0.0,0,4
BT-00377,INV-2706,0,1740350,0,0.0,0,4
BT-00377,INV-9071,1,0,0,0.0,0,4
BT-00378,INV-7523,0,138462,0,0.0,0,5
BT-00378,INV-8416,1,0,0,0.5,1,5
BT-00378,INV-7519,0,100,21,0.0,0,5
BT-00378,INV-7275,0,252943,25,0.5,0,5
BT-00378,INV-5867,0,0,0,0.0,0,5
BT-00379,INV-2040,0,2324975,0,0.0,0,10
BT-00379,INV-3248,0,1813731,1,0.333,0,10
BT-00379,INV-1941,0,1064559,7,0.333,0,10
BT-00379,INV-3129,0,202552,2,0.333,0,10
BT-00379,INV-8217,0,12511,6,0.0,0,10
BT-00379,INV-3387,1,12611,0,0.333,0,10
BT-00379,INV-5835,0,12711,7,0.0,0,10
BT-00379,INV-6310,0,12711,8,0.0,0,10
BT-00379,INV-4730,0,12511,18,0.0,0,10
BT-00379,INV-9827,0,2121560,0,0.0,0,10
BT-00380,INV-1828,1,0,0,0.5,1,7
BT-00380,INV-9927,0,38444,0,0.0,0,7
BT-00380,INV-7910,0,100,10,0.2,0,7
BT-00380,INV-1648,0,945967,11,0.5,0,7
BT-00380,INV-1993,0,621106,0,0.0,0,7
BT-00380,INV-2970,0,1177721,0,0.2,0,7
BT-00380,INV-3406,0,1641816,0,0.0,0,7
BT-00381,INV-2386,0,1038239,17,0.333,0,5
BT-00381,INV-8986,1,0,0,0.333,0,5
BT-00381,INV-8077,0,21838,18,0.333,0,5
BT-00381,INV-4201,0,1835184,0,0.0,0,5
BT-00381,INV-9950,0,515883,10,0.333,0,5
BT-00382,INV-9186,0,291433,0,0.0,0,5
BT-00382,INV-3100,0,933472,0,0.0,0,5
BT-00382,INV-5274,1,0,0,0.25,0,5
BT-00382,INV-6602,0,161040,0,0.0,0,5
BT-00382,INV-5138,0,100,2,0.0,0,5
BT-00383,INV-1138,0,182722,0,0.0,0,7
BT-00383,INV-8722,0,100,9,0.0,0,7
BT-00383,INV-8325,0,100,10,0.333,0,7
BT-00383,INV-1283,0,0,8,0.0,0,7
BT-00383,INV-9742,0,1106762,0,0.0,0,7
BT-00383,INV-9755,0,349540,16,0.333,0,7
BT-00383,INV-5490,1,0,0,0.333,0,7
BT-00384,INV-2135,0,1172540,3,0.25,0,9
BT-00384,INV-2441,0,1240,3,0.0,0,9
BT-00384,INV-4648,0,1240,9,0.0,0,9
BT-00384,INV-3634,0,1308429,5,0.25,0,9
BT-00384,INV-7691,0,1231335,5,0.25,0,9
BT-00384,INV-4701,0,100,9,0.0,0,9
BT-00384,INV-8536,0,2014421,12,0.25,0,9
BT-00384,INV-8801,1,0,0,0.25,0,9
BT-00384,INV-1073,0,2125619,0,0.0,0,9
BT-00385,INV-9071,0,1534574,2,0.25,0,5
BT-00385,INV-4428,0,185018,13,0.25,0,5
BT-00385,INV-3387,1,0,0,0.25,0,5
BT-00385,INV-5990,0,904696,0,0.0,0,5
BT-00385,INV-4328,0,1240,14,0.0,0,5
BT-00386,INV-5446,0,100,8,0.0,0,9
BT-00386,INV-7519,0,1240,15,0.0,0,9
BT-00386,INV-4789,0,100,0,0.0,0,9
BT-00386,INV-9089,0,528081,0,0.333,0,9
BT-00386,INV-6897,0,0,8,0.0,0,9
BT-00386,INV-4969,0,100,2,0.333,0,9
BT-00386,INV-2028,0,1240,11,0.0,0,9
BT-00386,INV-9558,1,0,0,0.333,0,9
BT-00386,INV-6566,0,1801762,4,0.333,0,9
BT-00387,INV-4004,0,442446,18,0.0,0,6
BT-00387,INV-5406,0,563155,8,0.0,0,6
BT-00387,INV-1328,0,128260,2,0.0,0,6
BT-00387,INV-4520,1,128160,0,0.0,0,6
BT-00387,INV-8214,0,627767,0,0.0,0,6
BT-00387,INV-1366,0,1029798,0,0.0,0,6
BT-00388,INV-7139,0,760803,19,0.0,0,5
BT-00388,INV-9675,0,0,8,0.0,0,5
BT-00388,INV-7041,0,2018278,15,0.0,0,5
BT-00388,INV-1069,1,0,0,0.0,0,5
BT-00388,INV-1047,0,864162,3,0.0,0,5
BT-00389,INV-4403,0,626127,0,0.0,0,6
BT-00389,INV-9902,1,0,0,0.5,1,6
BT-00389,INV-9842,0,0,0,0.0,0,6
BT-00389,INV-3459,0,11697,0,0.0,0,6
BT-00389,INV-1484,0,0,20,0.2,0,6
BT-00389,INV-4535,0,100,12,0.2,0,6
BT-00390,INV-9040,0,0,3,0.0,0,6
BT-00390,INV-1717,0,1240,13,0.0,0,6
BT-00390,INV-8426,1,0,0,0.0,0,6
BT-00390,INV-6665,0,0,7,0.0,0,6
BT-00390,INV-4967,0,100,6,0.0,0,6
BT-00390,INV-3614,0,317640,0,0.0,0,6
BT-00391,INV-7230,0,0,6,0.0,0,7
BT-00391,INV-1270,0,100,19,0.0,0,7
BT-00391,INV-2533,0,289788,0,0.0,0,7
BT-00391,INV-7544,0,0,14,0.0,0,7
BT-00391,INV-2481,0,1623321,1,0.5,0,7
BT-00391,INV-9364,0,1409145,2,0.5,0,7
BT-00391,INV-1386,1,0,0,0.5,1,7
BT-00392,INV-9199,1,0,0,0.0,0,5
BT-00392,INV-5632,0,930471,14,0.0,0,5
BT-00392,INV-4843,0,1444566,0,0.0,0,5
BT-00392,INV-3367,0,0,9,0.0,0,5
BT-00392,INV-8281,0,740496,0,0.0,0,5
BT-00393,INV-3219,0,1096590,4,0.0,0,6
BT-00393,INV-4772,0,133535,16,0.0,0,6
BT-00393,INV-6853,1,133635,0,0.0,0,6
BT-00393,INV-7664,0,134875,4,0.0,0,6
BT-00393,INV-4514,0,92663,1,0.0,0,6
BT-00393,INV-4934,0,641491,15,0.0,0,6
BT-00394,INV-8935,0,427066,0,0.0,0,8
BT-00394,INV-4376,0,100,22,0.0,0,8
BT-00394,INV-3800,0,804689,17,0.5,0,8
BT-00394,INV-7358,1,0,0,0.5,1,8
BT-00394,INV-2309,0,708292,17,0.5,0,8
BT-00394,INV-3056,0,1240,12,0.0,0,8
BT-00394,INV-6003,0,100,2,0.0,0,8
BT-00394,INV-9941,0,65543,4,0.5,0,8
BT-00395,INV-4722,1,0,0,0.25,0,4
BT-00395,INV-8852,0,752809,4,0.25,0,4
BT-00395,INV-6633,0,1014920,6,0.25,0,4
BT-00395,INV-6341,0,9158,20,0.25,0,4
BT-00396,INV-3851,0,1882235,21,0.25,0,5
BT-00396,INV-3091,1,0,0,0.25,0,5
BT-00396,INV-3811,0,100,9,0.0,0,5
BT-00396,INV-5028,0,170857,0,0.0,0,5
BT-00396,INV-7941,0,201149,6,0.25,0,5
BT-00397,INV-7557,0,622215,3,0.667,0,4
BT-00397,INV-3370,0,344101,9,0.667,0,4
BT-00397,INV-9523,1,0,0,0.667,0,4
BT-00397,INV-8026,0,722343,3,0.667,0,4
BT-00398,INV-9868,0,100,20,0.0,0,8
BT-00398,INV-2856,0,1036918,16,0.0,0,8
BT-00398,INV-1722,0,1240,15,0.0,0,8
BT-00398,INV-1111,0,129804,9,0.0,0,8
BT-00398,INV-5554,0,634173,8,0.0,0,8
BT-00398,INV-3381,1,0,0,0.0,0,8
BT-00398,INV-3530,0,0,19,0.0,0,8
BT-00398,INV-7683,0,100,16,0.0,0,8
BT-00399,INV-2128,0,214952,8,0.333,0,6
BT-00399,INV-5195,1,0,0,0.333,0,6
BT-00399,INV-3327,0,0,12,0.0,0,6
BT-00399,INV-3238,0,1003498,0,0.0,0,6
BT-00399,INV-5704,0,100,13,0.0,0,6
BT-00399,INV-4902,0,906125,22,0.333,0,6
BT-00400,INV-7891,0,42725,0,0.0,0,5
BT-00400,INV-8606,0,1028274,0,0.0,0,5
BT-00400,INV-1876,0,559028,0,0.0,0,5
BT-00400,INV-5409,0,0,16,0.0,0,5
BT-00400,INV-1275,1,0,0,0.5,1,5
BT-00401,INV-2603,0,110023,18,0.5,0,9
BT-00401,INV-3176,0,1240,11,0.0,0,9
BT-00401,INV-2324,1,0,0,0.5,1,9
BT-00401,INV-6844,0,254170,5,0.5,0,9
BT-00401,INV-8703,0,1262638,0,0.0,0,9
BT-00401,INV-3082,0,100,5,0.0,0,9
BT-00401,INV-2880,0,1240,7,0.0,0,9
BT-00401,INV-4556,0,1675276,6,0.5,0,9
BT-00401,INV-2258,0,1251033,10,0.5,0,9
BT-00402,INV-7058,0,92489,16,0.0,0,7
BT-00402,INV-7034,0,93629,15,0.0,0,7
BT-00402,INV-8683,1,92389,0,0.333,0,7
BT-00402,INV-6112,0,93629,13,0.0,0,7
BT-00402,INV-8927,0,335802,8,0.333,0,7
BT-00402,INV-4252,0,705553,11,0.333,0,7
BT-00402,INV-4738,0,115004,0,0.0,0,7
BT-00403,INV-4198,1,0,0,0.0,0,7
BT-00403,INV-1886,0,1128594,12,0.0,0,7
BT-00403,INV-5268,0,1577730,0,0.0,0,7
BT-00403,INV-6503,0,100,1,0.0,0,7
BT-00403,INV-3354,0,1708171,5,0.0,0,7
BT-00403,INV-4826,0,646167,7,0.0,0,7
BT-00403,INV-3813,0,0,2,0.0,0,7
BT-00404,INV-3551,0,100,8,0.0,0,9
BT-00404,INV-9882,0,119244,0,0.0,0,9
BT-00404,INV-8340,0,5259,13,0.5,0,9
BT-00404,INV-4725,0,1612481,0,0.0,0,9
BT-00404,INV-5991,0,821833,0,0.0,0,9
BT-00404,INV-8312,0,1382541,2,0.5,0,9
BT-00404,INV-2112,0,831977,0,0.0,0,9
BT-00404,INV-1497,0,300008,0,0.0,0,9
BT-00404,INV-6338,1,0,0,0.5,1,9
BT-00405,INV-4127,0,100,10,0.0,0,7
BT-00405,INV-8711,0,0,17,0.0,0,7
BT-00405,INV-9405,0,452501,0,0.0,0,7
BT-00405,INV-8169,0,0,23,0.2,0,7
BT-00405,INV-2490,1,0,0,0.5,1,7
BT-00405,INV-6512,0,859830,0,0.0,0,7
BT-00405,INV-6311,0,539691,22,0.5,0,7
BT-00406,INV-2760,0,100,7,0.0,0,5
BT-00406,INV-8465,0,100,14,0.0,0,5
BT-00406,INV-6672,0,510512,0,0.0,0,5
BT-00406,INV-7902,0,3005,0,0.0,0,5
BT-00406,INV-9046,1,0,0,0.25,0,5
BT-00407,INV-7162,0,0,6,0.0,0,7
BT-00407,INV-9596,0,657994,0,0.0,0,7
BT-00407,INV-6144,1,0,0,0.333,0,7
BT-00407,INV-1916,0,733003,10,0.333,0,7
BT-00407,INV-8691,0,697533,20,0.333,0,7
BT-00407,INV-1665,0,0,5,0.0,0,7
BT-00407,INV-4997,0,709701,2,0.333,0,7
BT-00408,INV-9538,0,2168964,0,0.0,0,5
BT-00408,INV-7353,0,1981924,0,0.0,0,5
BT-00408,INV-3827,0,1240,18,0.0,0,5
BT-00408,INV-8329,1,0,0,0.333,0,5
BT-00408,INV-4681,0,25184,13,0.333,0,5
BT-00409,INV-3326,0,231235,0,0.0,0,6
BT-00409,INV-1166,0,658865,5,0.333,0,6
BT-00409,INV-9561,1,237086,0,0.333,0,6
BT-00409,INV-1701,0,1418605,0,0.0,0,6
BT-00409,INV-2006,0,236986,1,0.0,0,6
BT-00409,INV-8978,0,111063,0,0.0,0,6
BT-00410,INV-3241,1,0,0,0.25,0,5
BT-00410,INV-8241,0,1726382,9,0.25,0,5
BT-00410,INV-8460,0,100,19,0.0,0,5
BT-00410,INV-7006,0,508007,7,0.25,0,5
BT-00410,INV-3893,0,0,18,0.0,0,5
BT-00411,INV-5131,0,100,8,0.2,0,4
BT-00411,INV-5078,1,0,0,0.5,1,4
BT-00411,INV-1353,0,100,14,0.0,0,4
BT-00411,INV-7408,0,0,19,0.0,0,4
BT-00412,INV-3167,0,1240,7,0.0,0,5
BT-00412,INV-7315,0,1240,11,0.0,0,5
BT-00412,INV-8081,1,0,0,0.0,0,5
BT-00412,INV-9123,0,100,9,0.0,0,5
BT-00412,INV-1801,0,1240,2,0.0,0,5
BT-00413,INV-4978,0,0,4,0.2,0,5
BT-00413,INV-1545,0,1240,3,0.0,0,5
BT-00413,INV-5527,1,0,0,0.5,1,5
BT-00413,INV-2257,0,1045981,3,0.5,0,5
BT-00413,INV-2403,0,0,6,0.0,0,5
BT-00414,INV-1109,0,1639846,5,0.333,0,9
BT-00414,INV-8161,0,100,23,0.0,0,9
BT-00414,INV-9573,0,1015830,6,0.333,0,9
BT-00414,INV-6124,0,100,7,0.0,0,9
BT-00414,INV-7572,1,0,0,0.333,0,9
BT-00414,INV-6679,0,100,20,0.0,0,9
BT-00414,INV-4211,0,17567,17,0.333,0,9
BT-00414,INV-6008,0,2184719,14,0.333,0,9
BT-00414,INV-8440,0,100,19,0.0,0,9
BT-00415,INV-1243,0,1082815,0,0.0,0,10
BT-00415,INV-4920,1,0,0,0.25,0,10
BT-00415,INV-8173,0,30340,0,0.0,0,10
BT-00415,INV-8216,0,1246752,6,0.25,0,10
BT-00415,INV-4674,0,100,13,0.0,0,10
BT-00415,INV-4976,0,615392,0,0.0,0,10
BT-00415,INV-2380,0,749832,0,0.0,0,10
BT-00415,INV-2397,0,294213,0,0.0,0,10
BT-00415,INV-8628,0,572836,1,0.25,0,10
BT-00415,INV-2848,0,100,15,0.0,0,10
BT-00416,INV-6239,0,411355,0,0.0,0,7
BT-00416,INV-9284,1,0,0,0.0,0,7
BT-00416,INV-7668,0,8609,0,0.0,0,7
BT-00416,INV-6450,0,261455,0,0.0,0,7
BT-00416,INV-1481,0,213860,0,0.0,0,7
BT-00416,INV-9957,0,0,11,0.0,0,7
BT-00416,INV-1959,0,220627,2,0.0,0,7
BT-00417,INV-6095,1,0,0,0.0,0,6
BT-00417,INV-9232,0,100,11,0.0,0,6
BT-00417,INV-6997,0,1240,10,0.0,0,6
BT-00417,INV-8665,0,1107658,14,0.0,0,6
BT-00417,INV-4929,0,881906,10,0.0,0,6
BT-00417,INV-4742,0,0,1,0.0,0,6
BT-00418,INV-6688,0,263860,16,0.333,0,4
BT-00418,INV-1123,0,0,2,0.0,0,4
BT-00418,INV-9217,1,0,0,0.333,0,4
BT-00418,INV-5806,0,95572,0,0.0,0,4
BT-00419,INV-3827,0,103525,0,0.0,0,7
BT-00419,INV-4194,0,958281,13,0.333,0,7
BT-00419,INV-1811,0,2072270,8,0.333,0,7
BT-00419,INV-6561,0,0,3,0.0,0,7
BT-00419,INV-2580,1,0,0,0.333,0,7
BT-00419,INV-9217,0,1555437,0,0.0,0,7
BT-00419,INV-8746,0,100,5,0.0,0,7
BT-00420,INV-5040,0,2026142,0,0.0,0,5
BT-00420,INV-5175,1,0,0,0.5,1,5
BT-00420,INV-2996,0,100,4,0.0,0,5
BT-00420,INV-6085,0,100,0,0.2,0,5
BT-00420,INV-2461,0,1326401,16,0.5,0,5
BT-00421,INV-4508,0,464991,0,0.0,0,9
BT-00421,INV-7422,0,1874616,0,0.0,0,9
BT-00421,INV-1877,0,1240,1,0.0,0,9
BT-00421,INV-5611,0,0,6,0.0,0,9
BT-00421,INV-5195,1,0,0,0.25,0,9
BT-00421,INV-7785,0,100,24,0.0,0,9
BT-00421,INV-3788,0,1435141,0,0.0,0,9
BT-00421,INV-3400,0,904785,3,0.25,0,9
BT-00421,INV-9636,0,946883,11,0.25,0,9
BT-00422,INV-9855,0,24631,10,0.0,0,9
BT-00422,INV-2543,1,24631,0,0.333,0,9
BT-00422,INV-5636,0,24531,3,0.0,0,9
BT-00422,INV-5653,0,225922,1,0.333,0,9
BT-00422,INV-2519,0,25871,14,0.0,0,9
BT-00422,INV-5175,0,1146147,12,0.333,0,9
BT-00422,INV-3293,0,26435,6,0.333,0,9
BT-00422,INV-4237,0,24531,5,0.0,0,9
BT-00422,INV-1669,0,1770762,15,0.333,0,9
BT-00423,INV-4009,0,201058,3,0.0,0,7
BT-00423,INV-5223,0,54524,0,0.0,0,7
BT-00423,INV-3613,0,201258,0,0.0,0,7
BT-00423,INV-3949,1,201158,0,0.0,0,7
BT-00423,INV-1538,0,923877,0,0.0,0,7
BT-00423,INV-3504,0,1547694,20,0.0,0,7
BT-00423,INV-1765,0,201158,10,0.0,0,7
BT-00424,INV-3925,0,41777,0,0.0,0,9
BT-00424,INV-9461,0,0,14,0.0,0,9
BT-00424,INV-4989,0,956522,0,0.0,0,9
BT-00424,INV-8381,0,100,4,0.0,0,9
BT-00424,INV-7585,0,0,4,0.0,0,9
BT-00424,INV-1675,1,0,0,0.333,0,9
BT-00424,INV-9973,0,100,8,0.0,0,9
BT-00424,INV-3777,0,0,14,0.0,0,9
BT-00424,INV-5048,0,944490,7,0.333,0,9
BT-00425,INV-2165,1,0,0,0.5,1,4
BT-00425,INV-4824,0,100,7,0.2,0,4
BT-00425,INV-7568,0,0,9,0.0,0,4
BT-00425,INV-3753,0,100,6,0.0,0,4
BT-00426,INV-1738,0,1344100,24,0.333,0,6
BT-00426,INV-4177,0,122116,5,0.333,0,6
BT-00426,INV-7214,0,122116,14,0.0,0,6
BT-00426,INV-9759,0,836432,0,0.0,0,6
BT-00426,INV-6324,0,1215227,23,0.333,0,6
BT-00426,INV-6460,1,122216,0,0.333,0,6
BT-00427,INV-5508,0,0,9,0.0,0,10
BT-00427,INV-2576,0,100,9,0.0,0,10
BT-00427,INV-2498,0,100,5,0.0,0,10
BT-00427,INV-7603,0,117855,15,0.5,0,10
BT-00427,INV-9130,0,867080,0,0.0,0,10
BT-00427,INV-4956,0,0,10,0.0,0,10
BT-00427,INV-2697,0,100,15,0.0,0,10
BT-00427,INV-4045,1,0,0,0.5,1,10
BT-00427,INV-2293,0,100,8,0.0,0,10
BT-00427,INV-8136,0,1278965,0,0.0,0,10
BT-00428,INV-2437,1,0,0,0.25,0,6
BT-00428,INV-1706,0,100,3,0.0,0,6
BT-00428,INV-3754,0,17864,0,0.0,0,6
BT-00428,INV-1926,0,1240,18,0.0,0,6
BT-00428,INV-5824,0,917647,5,0.25,0,6
BT-00428,INV-1622,0,0,9,0.0,0,6
BT-00429,INV-4031,0,60272,9,0.333,0,7
BT-00429,INV-5700,0,97543,2,0.0,0,7
BT-00429,INV-3656,0,145567,0,0.0,0,7
BT-00429,INV-7110,0,96303,4,0.0,0,7
BT-00429,INV-8317,0,96403,8,0.0,0,7
BT-00429,INV-3118,1,96303,0,0.333,0,7
BT-00429,INV-2683,0,1194285,0,0.0,0,7
BT-00430,INV-1624,1,5883,0,0.0,0,5
BT-00430,INV-8312,0,7123,14,0.0,0,5
BT-00430,INV-5463,0,524542,3,0.0,0,5
BT-00430,INV-1938,0,2219491,6,0.0,0,5
BT-00430,INV-5673,0,5983,8,0.0,0,5
BT-00431,INV-6153,0,1372419,23,0.0,0,5
BT-00431,INV-6899,1,0,0,0.0,0,5
BT-00431,INV-1593,0,1407879,0,0.0,0,5
BT-00431,INV-4334,0,1906787,1,0.0,0,5
BT-00431,INV-3107,0,1471512,0,0.0,0,5
BT-00432,INV-8825,0,2019302,0,0.0,0,8
BT-00432,INV-4728,0,2337255,26,0.0,0,8
BT-00432,INV-6207,0,773989,0,0.0,0,8
BT-00432,INV-5470,1,0,0,0.0,0,8
BT-00432,INV-4456,0,785745,0,0.0,0,8
BT-00432,INV-5483,0,0,17,0.0,0,8
BT-00432,INV-6198,0,1730096,0,0.0,0,8
BT-00432,INV-2486,0,1022317,0,0.0,0,8
BT-00433,INV-5193,1,223085,0,0.5,1,8
BT-00433,INV-4626,0,1913063,5,0.5,0,8
BT-00433,INV-3545,0,223085,11,0.0,0,8
BT-00433,INV-1392,0,223185,8,0.0,0,8
BT-00433,INV-2126,0,85130,0,0.2,0,8
BT-00433,INV-9489,0,803445,0,0.2,0,8
BT-00433,INV-9757,0,1645274,5,0.5,0,8
BT-00433,INV-8606,0,849644,16,0.5,0,8
BT-00434,INV-5389,0,1240,5,0.0,0,10
BT-00434,INV-4210,0,1315732,0,0.0,0,10
BT-00434,INV-1622,0,796826,15,0.0,0,10
BT-00434,INV-8765,0,187438,18,0.0,0,10
BT-00434,INV-1353,0,503350,17,0.0,0,10
BT-00434,INV-6739,1,0,0,0.0,0,10
BT-00434,INV-8968,0,100,12,0.0,0,10
BT-00434,INV-6322,0,83799,0,0.0,0,10
BT-00434,INV-8180,0,475319,10,0.0,0,10
BT-00434,INV-7663,0,0,4,0.0,0,10
BT-00435,INV-2450,0,882165,21,0.5,0,9
BT-00435,INV-4574,0,1240,23,0.2,0,9
BT-00435,INV-3700,0,384026,0,0.0,0,9
BT-00435,INV-1272,0,294756,3,0.5,0,9
BT-00435,INV-6682,0,100,6,0.2,0,9
BT-00435,INV-6196,1,0,0,0.5,1,9
BT-00435,INV-9786,0,396541,0,0.0,0,9
BT-00435,INV-7839,0,0,14,0.0,0,9
BT-00435,INV-3440,0,95078,12,0.5,0,9
BT-00436,INV-3606,0,140016,0,0.0,0,6
BT-00436,INV-4133,0,519851,24,0.25,0,6
BT-00436,INV-7423,0,451254,0,0.0,0,6
BT-00436,INV-6923,1,0,0,0.25,0,6
BT-00436,INV-3867,0,1895944,18,0.25,0,6
BT-00436,INV-2041,0,100,16,0.0,0,6
BT-00437,INV-6619,0,1240,16,0.0,0,4
BT-00437,INV-1595,1,0,0,0.5,1,4
BT-00437,INV-4804,0,1240,23,0.0,0,4
BT-00437,INV-3615,0,703996,9,0.5,0,4
BT-00438,INV-4604,0,354762,0,0.0,0,4
BT-00438,INV-5020,1,0,0,0.25,0,4
BT-00438,INV-4681,0,1159797,16,0.25,0,4
BT-00438,INV-3828,0,1604369,1,0.25,0,4
BT-00439,INV-6707,0,438393,0,0.0,0,6
BT-00439,INV-6617,1,125557,0,0.333,0,6
BT-00439,INV-2370,0,333568,21,0.333,0,6
BT-00439,INV-1531,0,387486,0,0.333,0,6
BT-00439,INV-8895,0,46494,2,0.333,0,6
BT-00439,INV-7626,0,434330,0,0.0,0,6
BT-00440,INV-2808,1,0,0,0.333,0,8
BT-00440,INV-4973,0,100,2,0.0,0,8
BT-00440,INV-9361,0,100,6,0.0,0,8
BT-00440,INV-3276,0,1240,12,0.0,0,8
BT-00440,INV-4376,0,1240,0,0.0,0,8
BT-00440,INV-5236,0,496279,0,0.0,0,8
BT-00440,INV-4984,0,1240,11,0.0,0,8
BT-00440,INV-2540,0,154190,0,0.0,0,8
BT-00441,INV-8075,0,100,5,0.0,0,4
BT-00441,INV-5667,1,0,0,0.5,1,4
BT-00441,INV-4502,0,100,18,0.2,0,4
BT-00441,INV-7633,0,391512,0,0.0,0,4
BT-00442,INV-9175,0,807889,1,0.5,0,4
BT-00442,INV-5955,0,100,11,0.0,0,4
BT-00442,INV-6200,0,22201,0,0.2,0,4
BT-00442,INV-8306,1,0,0,0.5,1,4
BT-00443,INV-3314,0,621031,8,0.5,0,6
BT-00443,INV-9650,0,1274175,19,0.5,0,6
BT-00443,INV-8945,0,1679200,0,0.0,0,6
BT-00443,INV-3371,0,0,1,0.0,0,6
BT-00443,INV-4254,0,585484,16,0.5,0,6
BT-00443,INV-3977,1,0,0,0.5,1,6
BT-00444,INV-5008,0,1449933,0,0.0,0,9
BT-00444,INV-2553,0,114693,0,0.0,0,9
BT-00444,INV-7370,0,462918,6,0.5,0,9
BT-00444,INV-6067,0,954519,23,0.5,0,9
BT-00444,INV-3090,0,169153,1,0.2,0,9
BT-00444,INV-1065,0,307730,2,0.5,0,9
BT-00444,INV-4023,0,11921,0,0.5,0,9
BT-00444,INV-3776,1,169253,0,0.5,1,9
BT-00444,INV-4405,0,358639,0,0.0,0,9
BT-00445,INV-4558,0,66759,0,0.0,0,4
BT-00445,INV-8178,0,0,24,0.0,0,4
BT-00445,INV-7927,0,1298496,4,0.25,0,4
BT-00445,INV-5818,1,0,0,0.25,0,4
BT-00446,INV-7899,0,1490916,13,0.0,0,5
BT-00446,INV-2745,0,570598,12,0.0,0,5
BT-00446,INV-4832,0,584668,11,0.0,0,5
BT-00446,INV-2076,0,1240,10,0.0,0,5
BT-00446,INV-5220,1,0,0,0.0,0,5
BT-00447,INV-9444,0,263005,14,0.5,0,6
BT-00447,INV-3509,0,113599,10,0.5,0,6
BT-00447,INV-6259,0,0,17,0.0,0,6
BT-00447,INV-5635,0,100,22,0.2,0,6
BT-00447,INV-5410,0,953574,20,0.5,0,6
BT-00447,INV-3889,1,0,0,0.5,1,6
BT-00448,INV-5871,0,202773,0,0.0,0,6
BT-00448,INV-6582,0,1240,11,0.0,0,6
BT-00448,INV-9446,0,1240,4,0.0,0,6
BT-00448,INV-9352,0,603286,6,0.25,0,6
BT-00448,INV-9097,0,1240,18,0.0,0,6
BT-00448,INV-1087,1,0,0,0.25,0,6
BT-00449,INV-4270,0,354157,17,0.5,0,10
BT-00449,INV-3645,0,82204,8,0.5,0,10
BT-00449,INV-5854,1,0,0,0.5,1,10
BT-00449,INV-8244,0,207334,0,0.0,0,10
BT-00449,INV-3322,0,410052,2,0.5,0,10
BT-00449,INV-4837,0,901748,0,0.0,0,10
BT-00449,INV-5451,0,244989,18,0.5,0,10
BT-00449,INV-2728,0,0,13,0.2,0,10
BT-00449,INV-1281,0,0,4,0.0,0,10
BT-00449,INV-4242,0,1891395,0,0.0,0,10
BT-00450,INV-4325,0,915459,8,0.5,0,6
BT-00450,INV-8650,0,872050,11,0.5,0,6
BT-00450,INV-1454,0,179696,3,0.2,0,6
BT-00450,INV-7990,0,399392,2,0.5,0,6
BT-00450,INV-7142,1,179796,0,0.5,1,6
BT-00450,INV-2700,0,639481,0,0.0,0,6
BT-00451,INV-1919,0,100,13,0.0,0,6
BT-00451,INV-6787,1,0,0,0.5,1,6
BT-00451,INV-4340,0,1140110,0,0.5,0,6
BT-00451,INV-9906,0,469110,0,0.0,0,6
BT-00451,INV-3481,0,658075,9,0.5,0,6
BT-00451,INV-8540,0,236992,6,0.5,0,6
BT-00452,INV-4414,0,0,20,0.0,0,4
BT-00452,INV-1677,1,0,0,0.333,0,4
BT-00452,INV-7982,0,1910895,0,0.0,0,4
BT-00452,INV-6337,0,100,2,0.0,0,4
BT-00453,INV-1186,0,0,15,0.0,0,4
BT-00453,INV-9550,0,173546,0,0.0,0,4
BT-00453,INV-8353,1,0,0,0.333,0,4
BT-00453,INV-7740,0,1240,21,0.0,0,4
BT-00454,INV-3030,1,17180,0,0.25,0,10
BT-00454,INV-7159,0,17080,2,0.0,0,10
BT-00454,INV-4905,0,1806313,17,0.25,0,10
BT-00454,INV-7355,0,1360343,8,0.25,0,10
BT-00454,INV-6618,0,470868,3,0.25,0,10
BT-00454,INV-3002,0,17080,15,0.0,0,10
BT-00454,INV-5402,0,17280,15,0.0,0,10
BT-00454,INV-6995,0,1923867,10,0.25,0,10
BT-00454,INV-9193,0,2154517,12,0.25,0,10
BT-00454,INV-4154,0,1436246,13,0.25,0,10
BT-00455,INV-5990,0,2045924,0,0.0,0,7
BT-00455,INV-6037,0,1240,2,0.0,0,7
BT-00455,INV-8128,0,1064527,8,0.5,0,7
BT-00455,INV-6281,1,0,0,0.5,1,7
BT-00455,INV-7714,0,255276,0,0.0,0,7
BT-00455,INV-6229,0,2354593,5,0.5,0,7
BT-00455,INV-6788,0,1272766,1,0.5,0,7
BT-00456,INV-5489,0,100,16,0.0,0,6
BT-00456,INV-3742,0,848177,0,0.0,0,6
BT-00456,INV-9237,1,0,0,0.0,0,6
BT-00456,INV-6676,0,0,17,0.0,0,6
BT-00456,INV-9384,0,7292,14,0.0,0,6
BT-00456,INV-7020,0,430312,1,0.0,0,6
BT-00457,INV-6862,0,1753047,0,0.0,0,5
BT-00457,INV-1465,0,1658334,4,0.25,0,5
BT-00457,INV-7926,1,0,0,0.25,0,5
BT-00457,INV-2801,0,1223341,11,0.25,0,5
BT-00457,INV-5872,0,100,2,0.0,0,5
BT-00458,INV-8629,0,124482,18,0.0,0,7
BT-00458,INV-2600,0,903290,16,0.0,0,7
BT-00458,INV-9584,1,124382,0,0.0,0,7
BT-00458,INV-8452,0,125622,7,0.0,0,7
BT-00458,INV-5826,0,149535,15,0.0,0,7
BT-00458,INV-8886,0,125622,1,0.0,0,7
BT-00458,INV-2431,0,507172,1,0.0,0,7
BT-00459,INV-6148,0,1119158,0,0.0,0,5
BT-00459,INV-5674,0,657710,0,0.0,0,5
BT-00459,INV-1880,0,617261,4,0.667,0,5
BT-00459,INV-7649,0,514527,0,0.0,0,5
BT-00459,INV-5904,1,0,0,0.667,0,5
BT-00460,INV-6842,1,0,0,0.0,0,4
BT-00460,INV-6894,0,100,14,0.0,0,4
BT-00460,INV-6285,0,93708,0,0.0,0,4
BT-00460,INV-4021,0,515529,0,0.0,0,4
BT-00461,INV-3644,0,1207763,7,0.5,0,4
BT-00461,INV-1258,0,1792214,0,0.0,0,4
BT-00461,INV-8755,0,1083763,9,0.5,0,4
BT-00461,INV-9683,1,0,0,0.5,1,4
BT-00462,INV-3575,0,607363,3,0.5,0,10
BT-00462,INV-5749,0,100,10,0.0,0,10
BT-00462,INV-8314,0,193923,0,0.0,0,10
BT-00462,INV-3144,0,100,4,0.0,0,10
BT-00462,INV-3497,1,0,0,0.5,1,10
BT-00462,INV-7774,0,100,2,0.2,0,10
BT-00462,INV-8733,0,994429,0,0.0,0,10
BT-00462,INV-4275,0,0,0,0.0,0,10
BT-00462,INV-8502,0,687297,5,0.5,0,10
BT-00462,INV-9077,0,1035545,0,0.0,0,10
BT-00463,INV-9704,1,0,0,0.5,1,5
BT-00463,INV-9652,0,253519,17,0.5,0,5
BT-00463,INV-4887,0,0,11,0.0,0,5
BT-00463,INV-8331,0,942278,8,0.5,0,5
BT-00463,INV-1823,0,815434,5,0.5,0,5
BT-00464,INV-8012,0,919288,14,0.333,0,5
BT-00464,INV-9765,0,287796,7,0.333,0,5
BT-00464,INV-7667,0,337882,9,0.333,0,5
BT-00464,INV-9047,0,749924,0,0.0,0,5
BT-00464,INV-9891,1,142971,0,0.333,0,5
BT-00465,INV-8205,1,0,0,0.25,0,4
BT-00465,INV-4822,0,281501,0,0.0,0,4
BT-00465,INV-5922,0,776452,4,0.25,0,4
BT-00465,INV-7817,0,1977045,0,0.0,0,4
BT-00466,INV-8836,0,589597,0,0.0,0,7
BT-00466,INV-6664,1,30272,0,0.25,0,7
BT-00466,INV-6489,0,30172,3,0.0,0,7
BT-00466,INV-2583,0,2023214,0,0.0,0,7
BT-00466,INV-7847,0,888595,0,0.0,0,7
BT-00466,INV-5628,0,30172,3,0.0,0,7
BT-00466,INV-9116,0,30272,21,0.0,0,7
BT-00467,INV-6320,0,100,3,0.0,0,7
BT-00467,INV-2592,1,0,0,0.0,0,7
BT-00467,INV-2033,0,100,6,0.0,0,7
BT-00467,INV-8731,0,608816,0,0.0,0,7
BT-00467,INV-6369,0,1099444,0,0.0,0,7
BT-00467,INV-7516,0,1240,9,0.0,0,7
BT-00467,INV-5621,0,1310333,0,0.0,0,7
BT-00468,INV-6078,0,43707,2,0.0,0,7
BT-00468,INV-9224,0,873949,19,0.5,0,7
BT-00468,INV-7171,0,43607,6,0.0,0,7
BT-00468,INV-4364,0,43707,16,0.0,0,7
BT-00468,INV-3220,1,43707,0,0.5,1,7
BT-00468,INV-4179,0,975938,10,0.5,0,7
BT-00468,INV-7196,0,671358,9,0.5,0,7
BT-00469,INV-4387,0,721569,0,0.0,0,9
BT-00469,INV-4110,0,1042661,0,0.0,0,9
BT-00469,INV-7875,0,2226150,0,0.0,0,9
BT-00469,INV-3347,0,73256,0,0.0,0,9
BT-00469,INV-5745,0,191716,8,0.25,0,9
BT-00469,INV-2082,0,100,7,0.0,0,9
BT-00469,INV-1625,0,554221,8,0.25,0,9
BT-00469,INV-3714,1,0,0,0.25,0,9
BT-00469,INV-6421,0,1058369,0,0.0,0,9
BT-00470,INV-4217,0,1240,4,0.0,0,4
BT-00470,INV-4330,0,519064,1,0.0,0,4
BT-00470,INV-1192,1,0,0,0.0,0,4
BT-00470,INV-7725,0,1240,11,0.0,0,4
BT-00471,INV-8063,0,15756,14,0.0,0,8
BT-00471,INV-8148,0,2247279,0,0.0,0,8
BT-00471,INV-4884,0,2321432,0,0.0,0,8
BT-00471,INV-3264,1,15656,0,0.0,0,8
BT-00471,INV-1950,0,1956214,5,0.0,0,8
BT-00471,INV-5907,0,166956,0,0.0,0,8
BT-00471,INV-9521,0,792299,17,0.0,0,8
BT-00471,INV-2051,0,897053,8,0.0,0,8
BT-00472,INV-2736,0,0,4,0.0,0,8
BT-00472,INV-4264,0,368993,0,0.0,0,8
BT-00472,INV-3823,0,264686,0,0.0,0,8
BT-00472,INV-4413,0,1398046,0,0.0,0,8
BT-00472,INV-1224,1,0,0,0.0,0,8
BT-00472,INV-6448,0,868975,3,0.0,0,8
BT-00472,INV-9113,0,1342027,17,0.0,0,8
BT-00472,INV-9363,0,100,2,0.0,0,8
BT-00473,INV-6072,0,0,5,0.0,0,10
BT-00473,INV-4972,0,385277,23,0.667,0,10
BT-00473,INV-4946,0,1210661,6,0.667,0,10
BT-00473,INV-6636,0,100,12,0.25,0,10
BT-00473,INV-6970,0,70252,12,0.667,0,10
BT-00473,INV-6586,0,712229,21,0.667,0,10
BT-00473,INV-8236,0,555656,1,0.667,0,10
BT-00473,INV-4995,0,598412,12,0.667,0,10
BT-00473,INV-3256,0,359533,5,0.667,0,10
BT-00473,INV-7687,1,0,0,0.667,0,10
BT-00474,INV-2284,0,100,20,0.0,0,6
BT-00474,INV-5100,0,178777,0,0.0,0,6
BT-00474,INV-1933,0,1478818,17,0.25,0,6
BT-00474,INV-4466,1,0,0,0.25,0,6
BT-00474,INV-1306,0,1576307,12,0.25,0,6
BT-00474,INV-3444,0,1227616,0,0.0,0,6
BT-00475,INV-7293,0,1261693,12,0.5,0,8
BT-00475,INV-5599,0,2244330,0,0.0,0,8
BT-00475,INV-6931,0,26014,0,0.2,0,8
BT-00475,INV-1920,0,1240,23,0.0,0,8
BT-00475,INV-6225,0,2333622,0,0.0,0,8
BT-00475,INV-9259,1,0,0,0.5,1,8
BT-00475,INV-9883,0,100,17,0.2,0,8
BT-00475,INV-5879,0,90516,14,0.5,0,8
BT-00476,INV-6934,0,100,10,0.0,0,10
BT-00476,INV-6093,0,1240,0,0.0,0,10
BT-00476,INV-1077,0,1240,16,0.333,0,10
BT-00476,INV-5759,0,100,6,0.0,0,10
BT-00476,INV-6721,0,783698,0,0.0,0,10
BT-00476,INV-7704,0,203344,0,0.0,0,10
BT-00476,INV-8121,1,0,0,0.333,0,10
BT-00476,INV-4066,0,100,14,0.0,0,10
BT-00476,INV-4422,0,82750,0,0.0,0,10
BT-00476,INV-1333,0,100,4,0.0,0,10
BT-00477,INV-3540,0,100,11,0.0,0,5
BT-00477,INV-6579,1,0,0,0.0,0,5
BT-00477,INV-5745,0,1134854,5,0.0,0,5
BT-00477,INV-6569,0,1178359,21,0.0,0,5
BT-00477,INV-3489,0,0,5,0.0,0,5
BT-00478,INV-3151,1,0,0,0.0,0,7
BT-00478,INV-9049,0,153647,1,0.0,0,7
BT-00478,INV-9100,0,1240,8,0.0,0,7
BT-00478,INV-5230,0,1240,5,0.0,0,7
BT-00478,INV-2926,0,872551,6,0.0,0,7
BT-00478,INV-8316,0,1310073,0,0.0,0,7
BT-00478,INV-8085,0,146653,2,0.0,0,7
BT-00479,INV-9152,1,0,0,0.0,0,5
BT-00479,INV-7144,0,2117821,10,0.0,0,5
BT-00479,INV-1324,0,1211855,0,0.0,0,5
BT-00479,INV-8403,0,1236900,0,0.0,0,5
BT-00479,INV-1818,0,1240,10,0.0,0,5
BT-00480,INV-2511,0,599493,0,0.0,0,9
BT-00480,INV-5574,0,20038,0,0.0,0,9
BT-00480,INV-7228,0,100,7,0.0,0,9
BT-00480,INV-6197,0,1601257,18,0.0,0,9
BT-00480,INV-5874,1,0,0,0.0,0,9
BT-00480,INV-2481,0,1391670,0,0.0,0,9
BT-00480,INV-8605,0,1556217,0,0.0,0,9
BT-00480,INV-7774,0,21920,0,0.0,0,9
BT-00480,INV-1633,0,1767200,16,0.0,0,9
BT-00481,INV-6381,1,0,0,0.25,0,6
BT-00481,INV-1736,0,867653,0,0.0,0,6
BT-00481,INV-8851,0,208178,0,0.0,0,6
BT-00481,INV-6916,0,100,14,0.0,0,6
BT-00481,INV-1624,0,159288,0,0.0,0,6
BT-00481,INV-6321,0,874465,2,0.25,0,6
BT-00482,INV-1785,0,0,22,0.0,0,9
BT-00482,INV-9319,1,0,0,0.0,0,9
BT-00482,INV-9008,0,883478,3,0.0,0,9
BT-00482,INV-4843,0,1429766,0,0.0,0,9
BT-00482,INV-3338,0,1240,21,0.0,0,9
BT-00482,INV-4189,0,0,18,0.0,0,9
BT-00482,INV-8558,0,932036,0,0.0,0,9
BT-00482,INV-9669,0,381957,19,0.0,0,9
BT-00482,INV-4384,0,1240,7,0.0,0,9
BT-00483,INV-6997,1,0,0,0.5,1,4
BT-00483,INV-7873,0,573087,3,0.5,0,4
BT-00483,INV-4717,0,1240,10,0.0,0,4
BT-00483,INV-2865,0,148776,4,0.5,0,4
BT-00484,INV-5138,1,0,0,0.333,0,5
BT-00484,INV-6476,0,0,20,0.0,0,5
BT-00484,INV-5090,0,1240,19,0.0,0,5
BT-00484,INV-2255,0,1180570,0,0.0,0,5
BT-00484,INV-8284,0,0,3,0.0,0,5
BT-00485,INV-7935,1,0,0,0.25,0,5
BT-00485,INV-9941,0,1240,19,0.0,0,5
BT-00485,INV-1321,0,78991,0,0.25,0,5
BT-00485,INV-7180,0,2241799,0,0.0,0,5
BT-00485,INV-3290,0,100,16,0.0,0,5
BT-00486,INV-6586,0,0,4,0.0,0,7
BT-00486,INV-8615,0,0,12,0.0,0,7
BT-00486,INV-9990,0,100,8,0.0,0,7
BT-00486,INV-7984,0,100,0,0.0,0,7
BT-00486,INV-6962,0,100,4,0.0,0,7
BT-00486,INV-2540,0,100,2,0.0,0,7
BT-00486,INV-9882,1,0,0,0.25,0,7
BT-00487,INV-7740,0,2042429,5,0.333,0,4
BT-00487,INV-4834,0,342162,5,0.333,0,4
BT-00487,INV-8859,1,0,0,0.333,0,4
BT-00487,INV-3626,0,0,3,0.0,0,4
BT-00488,INV-7861,0,1055173,0,0.0,0,8
BT-00488,INV-9363,0,1240,7,0.0,0,8
BT-00488,INV-6322,0,84978,4,0.333,0,8
BT-00488,INV-6247,0,699001,0,0.0,0,8
BT-00488,INV-6530,0,106138,7,0.333,0,8
BT-00488,INV-6486,0,1240,22,0.0,0,8
BT-00488,INV-8262,0,153135,0,0.0,0,8
BT-00488,INV-8561,1,0,0,0.333,0,8
BT-00489,INV-2626,0,137508,0,0.333,0,9
BT-00489,INV-1086,0,0,5,0.0,0,9
BT-00489,INV-1612,0,0,4,0.0,0,9
BT-00489,INV-1312,0,1025811,7,0.333,0,9
BT-00489,INV-1928,1,0,0,0.333,0,9
BT-00489,INV-5846,0,659207,1,0.333,0,9
BT-00489,INV-4389,0,106884,7,0.333,0,9
BT-00489,INV-3075,0,163234,2,0.333,0,9
BT-00489,INV-3280,0,579360,0,0.0,0,9
BT-00490,INV-7186,0,100,8,0.0,0,5
BT-00490,INV-3828,0,829741,0,0.0,0,5
BT-00490,INV-1123,0,687191,5,0.5,0,5
BT-00490,INV-3264,0,100,4,0.2,0,5
BT-00490,INV-1620,1,0,0,0.5,1,5
BT-00491,INV-9293,0,884133,2,0.25,0,8
BT-00491,INV-7089,0,1860202,0,0.0,0,8
BT-00491,INV-3680,1,0,0,0.25,0,8
BT-00491,INV-1666,0,256925,0,0.0,0,8
BT-00491,INV-4279,0,1240,9,0.0,0,8
BT-00491,INV-5375,0,100,13,0.0,0,8
BT-00491,INV-5557,0,144756,0,0.25,0,8
BT-00491,INV-5459,0,210917,0,0.0,0,8
BT-00492,INV-3322,0,58482,3,0.0,0,7
BT-00492,INV-4209,1,58382,0,0.0,0,7
BT-00492,INV-9119,0,509495,0,0.0,0,7
BT-00492,INV-5426,0,124210,0,0.0,0,7
BT-00492,INV-6156,0,59622,6,0.0,0,7
BT-00492,INV-4535,0,1702517,9,0.0,0,7
BT-00492,INV-2994,0,1114838,0,0.0,0,7
BT-00493,INV-7560,0,3855,2,0.0,0,10
BT-00493,INV-2848,0,1400948,0,0.0,0,10
BT-00493,INV-8971,0,2090945,8,0.5,0,10
BT-00493,INV-4475,0,3755,11,0.0,0,10
BT-00493,INV-6745,0,2133595,5,0.5,0,10
BT-00493,INV-6988,0,411633,21,0.5,0,10
BT-00493,INV-1336,1,3755,0,0.5,1,10
BT-00493,INV-2573,0,671598,21,0.5,0,10
BT-00493,INV-2654,0,438627,22,0.5,0,10
BT-00493,INV-9333,0,3855,10,0.0,0,10
BT-00494,INV-1585,1,0,0,0.0,0,5
BT-00494,INV-6302,0,100,7,0.0,0,5
BT-00494,INV-5278,0,1249391,0,0.0,0,5
BT-00494,INV-3914,0,0,1,0.0,0,5
BT-00494,INV-7116,0,1738144,10,0.0,0,5
BT-00495,INV-9045,0,250342,11,0.333,0,8
BT-00495,INV-7916,0,1092588,0,0.0,0,8
BT-00495,INV-6609,1,0,0,0.333,0,8
BT-00495,INV-4097,0,1929680,0,0.0,0,8
BT-00495,INV-8603,0,100,14,0.0,0,8
BT-00495,INV-6960,0,785626,11,0.333,0,8
BT-00495,INV-9810,0,1240,12,0.0,0,8
BT-00495,INV-4490,0,1470765,11,0.333,0,8
BT-00496,INV-7042,0,763692,0,0.0,0,6
BT-00496,INV-1981,1,0,0,0.0,0,6
BT-00496,INV-2825,0,547189,0,0.0,0,6
BT-00496,INV-2017,0,0,13,0.0,0,6
BT-00496,INV-6035,0,134821,17,0.0,0,6
BT-00496,INV-7076,0,1240,7,0.0,0,6
BT-00497,INV-9180,0,0,2,0.0,0,10
BT-00497,INV-1172,0,100,11,0.0,0,10
BT-00497,INV-7754,0,232175,0,0.0,0,10
BT-00497,INV-6836,0,1620573,4,0.0,0,10
BT-00497,INV-5459,0,744490,5,0.0,0,10
BT-00497,INV-2552,0,100,3,0.0,0,10
BT-00497,INV-9370,0,0,2,0.0,0,10
BT-00497,INV-7281,1,0,0,0.0,0,10
BT-00497,INV-2530,0,100,4,0.0,0,10
BT-00497,INV-3204,0,1211095,0,0.0,0,10
BT-00498,INV-7767,1,0,0,0.5,1,5
BT-00498,INV-3818,0,67938,3,0.5,0,5
BT-00498,INV-2969,0,1481356,13,0.5,0,5
BT-00498,INV-8167,0,417767,3,0.5,0,5
BT-00498,INV-6980,0,100,2,0.0,0,5
BT-00499,INV-3965,0,1240,0,0.0,0,10
BT-00499,INV-7570,0,1240,2,0.0,0,10
BT-00499,INV-8928,1,0,0,0.5,1,10
BT-00499,INV-8331,0,1194275,0,0.5,0,10
BT-00499,INV-5795,0,100,3,0.0,0,10
BT-00499,INV-4025,0,0,5,0.2,0,10
BT-00499,INV-6530,0,708909,0,0.2,0,10
BT-00499,INV-1785,0,1070820,21,0.5,0,10
BT-00499,INV-4260,0,1516808,0,0.0,0,10
BT-00499,INV-4678,0,416241,0,0.0,0,10
BT-00500,INV-5252,0,76290,0,0.0,0,5
BT-00500,INV-3584,1,0,0,0.25,0,5
BT-00500,INV-1495,0,479178,3,0.25,0,5
BT-00500,INV-4790,0,83930,0,0.0,0,5
BT-00500,INV-6382,0,100,8,0.25,0,5
BT-00501,INV-8912,0,1200946,4,0.0,0,9
BT-00501,INV-7578,0,17571,8,0.0,0,9
BT-00501,INV-1017,0,17771,16,0.0,0,9
BT-00501,INV-6065,0,18911,7,0.0,0,9
BT-00501,INV-1463,0,1177428,4,0.0,0,9
BT-00501,INV-4790,0,62962,0,0.0,0,9
BT-00501,INV-6294,1,17671,0,0.0,0,9
BT-00501,INV-4431,0,959906,17,0.0,0,9
BT-00501,INV-9779,0,94096,0,0.0,0,9
BT-00502,INV-9303,0,269227,0,0.0,0,9
BT-00502,INV-5617,0,182015,27,0.0,0,9
BT-00502,INV-4668,0,183155,0,0.25,0,9
BT-00502,INV-9021,0,181815,8,0.0,0,9
BT-00502,INV-2269,0,181915,14,0.0,0,9
BT-00502,INV-6006,1,181915,0,0.25,0,9
BT-00502,INV-5140,0,1301620,0,0.0,0,9
BT-00502,INV-2298,0,627292,25,0.25,0,9
BT-00502,INV-8343,0,546299,2,0.25,0,9
BT-00503,INV-1254,1,0,0,0.0,0,4
BT-00503,INV-3753,0,100,8,0.0,0,4
BT-00503,INV-7030,0,100,8,0.0,0,4
BT-00503,INV-9711,0,0,3,0.0,0,4
BT-00504,INV-4969,0,815801,0,0.0,0,5
BT-00504,INV-6903,0,1240,1,0.0,0,5
BT-00504,INV-9680,0,1179178,4,0.333,0,5
BT-00504,INV-3201,1,0,0,0.333,0,5
BT-00504,INV-6554,0,100,3,0.0,0,5
BT-00505,INV-8146,0,882106,17,0.5,0,10
BT-00505,INV-1573,0,498286,0,0.0,0,10
BT-00505,INV-1478,0,130007,0,0.0,0,10
BT-00505,INV-3238,0,129565,0,0.0,0,10
BT-00505,INV-7133,1,129465,0,0.5,1,10
BT-00505,INV-2354,0,1241092,4,0.5,0,10
BT-00505,INV-9954,0,130705,13,0.0,0,10
BT-00505,INV-3125,0,181149,17,0.5,0,10
BT-00505,INV-2340,0,767084,11,0.5,0,10
BT-00505,INV-2936,0,170876,0,0.0,0,10
BT-00506,INV-9584,0,667556,1,0.5,0,4
BT-00506,INV-5161,1,0,0,0.5,1,4
BT-00506,INV-4981,0,802853,0,0.0,0,4
BT-00506,INV-9967,0,1047699,4,0.5,0,4
BT-00507,INV-6136,1,0,0,0.333,0,9
BT-00507,INV-6281,0,385789,0,0.0,0,9
BT-00507,INV-5446,0,669181,21,0.333,0,9
BT-00507,INV-4647,0,967389,7,0.333,0,9
BT-00507,INV-2108,0,1240,0,0.0,0,9
BT-00507,INV-7155,0,540814,27,0.333,0,9
BT-00507,INV-6015,0,1240,19,0.0,0,9
BT-00507,INV-7504,0,551114,11,0.333,0,9
BT-00507,INV-3498,0,0,7,0.0,0,9
BT-00508,INV-9529,0,100,4,0.0,0,4
BT-00508,INV-6857,0,0,0,0.0,0,4
BT-00508,INV-7803,1,0,0,0.5,1,4
BT-00508,INV-9753,0,1712,8,0.5,0,4
BT-00509,INV-6616,0,389819,0,0.0,0,7
BT-00509,INV-6523,0,1238760,12,0.5,0,7
BT-00509,INV-7176,0,215987,11,0.0,0,7
BT-00509,INV-8635,1,216087,0,0.5,1,7
BT-00509,INV-8773,0,215987,3,0.0,0,7
BT-00509,INV-6835,0,215987,7,0.0,0,7
BT-00509,INV-5194,0,216187,25,0.5,0,7
BT-00510,INV-3367,0,208099,0,0.0,0,6
BT-00510,INV-9371,1,0,0,0.25,0,6
BT-00510,INV-5823,0,221466,0,0.0,0,6
BT-00510,INV-6799,0,345016,8,0.25,0,6
BT-00510,INV-6592,0,1236473,9,0.25,0,6
BT-00510,INV-4345,0,295543,1,0.25,0,6
BT-00511,INV-4188,0,100,2,0.0,0,9
BT-00511,INV-2817,0,354603,0,0.0,0,9
BT-00511,INV-2972,1,0,0,0.5,1,9
BT-00511,INV-2059,0,1319757,9,0.5,0,9
BT-00511,INV-8519,0,0,2,0.0,0,9
BT-00511,INV-2553,0,365957,0,0.5,0,9
BT-00511,INV-3293,0,100,0,0.0,0,9
BT-00511,INV-2510,0,15953,20,0.5,0,9
BT-00511,INV-6995,0,99661,0,0.2,0,9
BT-00512,INV-1757,0,1240,14,0.0,0,10
BT-00512,INV-9501,0,1240,1,0.0,0,10
BT-00512,INV-9062,0,902961,0,0.0,0,10
BT-00512,INV-5181,0,55655,0,0.0,0,10
BT-00512,INV-8924,0,664119,0,0.0,0,10
BT-00512,INV-1306,0,352180,0,0.0,0,10
BT-00512,INV-2697,0,312924,6,0.667,0,10
BT-00512,INV-2668,0,380906,5,0.667,0,10
BT-00512,INV-1049,0,1217006,10,0.667,0,10
BT-00512,INV-1459,1,0,0,0.667,0,10
BT-00513,INV-3103,0,720498,4,0.5,0,10
BT-00513,INV-3271,0,1003695,0,0.0,0,10
BT-00513,INV-1493,0,1112135,2,0.5,0,10
BT-00513,INV-7062,0,604993,11,0.5,0,10
BT-00513,INV-2688,1,0,0,0.5,1,10
BT-00513,INV-9366,0,369845,0,0.0,0,10
BT-00513,INV-9202,0,784438,0,0.0,0,10
BT-00513,INV-3025,0,572024,0,0.0,0,10
BT-00513,INV-4372,0,0,10,0.0,0,10
BT-00513,INV-2970,0,1243333,12,0.5,0,10
BT-00514,INV-2330,1,0,0,0.0,0,9
BT-00514,INV-9206,0,0,21,0.0,0,9
BT-00514,INV-2961,0,100,21,0.0,0,9
BT-00514,INV-7025,0,100,14,0.0,0,9
BT-00514,INV-3708,0,687129,0,0.0,0,9
BT-00514,INV-8422,0,861591,20,0.0,0,9
BT-00514,INV-1561,0,192044,0,0.0,0,9
BT-00514,INV-3358,0,417412,0,0.0,0,9
BT-00514,INV-2458,0,1240,0,0.0,0,9
BT-00515,INV-8653,0,150521,17,0.0,0,5
BT-00515,INV-9794,1,0,0,0.0,0,5
BT-00515,INV-4015,0,0,1,0.0,0,5
BT-00515,INV-4959,0,0,11,0.0,0,5
BT-00515,INV-7498,0,1240,10,0.0,0,5
BT-00516,INV-9955,0,221176,25,0.0,0,7
BT-00516,INV-7692,1,221176,0,0.333,0,7
BT-00516,INV-1856,0,221176,25,0.0,0,7
BT-00516,INV-8212,0,613167,2,0.333,0,7
BT-00516,INV-6471,0,350051,4,0.333,0,7
BT-00516,INV-2189,0,113207,25,0.333,0,7
BT-00516,INV-6501,0,221076,24,0.0,0,7
BT-00517,INV-2191,1,0,0,0.25,0,8
BT-00517,INV-6965,0,522168,6,0.25,0,8
BT-00517,INV-2472,0,1186669,9,0.25,0,8
BT-00517,INV-1141,0,535118,17,0.25,0,8
BT-00517,INV-7068,0,100,0,0.25,0,8
BT-00517,INV-6773,0,426009,10,0.25,0,8
BT-00517,INV-5554,0,0,0,0.0,0,8
BT-00517,INV-1220,0,100,0,0.0,0,8
BT-00518,INV-7012,1,0,0,0.333,0,9
BT-00518,INV-7168,0,591767,0,0.0,0,9
BT-00518,INV-8423,0,1155863,20,0.333,0,9
BT-00518,INV-3774,0,609269,0,0.0,0,9
BT-00518,INV-9979,0,487035,0,0.0,0,9
BT-00518,INV-2901,0,1182423,0,0.0,0,9
BT-00518,INV-2988,0,459077,2,0.333,0,9
BT-00518,INV-6206,0,100,21,0.0,0,9
BT-00518,INV-6509,0,0,9,0.0,0,9
BT-00519,INV-7900,1,172684,0,0.0,0,6
BT-00519,INV-2077,0,703129,18,0.0,0,6
BT-00519,INV-3339,0,172784,0,0.0,0,6
BT-00519,INV-7410,0,399967,0,0.0,0,6
BT-00519,INV-2276,0,172584,15,0.0,0,6
BT-00519,INV-3259,0,896399,23,0.0,0,6
BT-00520,INV-5197,0,100,11,0.0,0,8
BT-00520,INV-3600,0,95430,7,0.0,0,8
BT-00520,INV-8084,0,994989,0,0.0,0,8
BT-00520,INV-9121,0,527045,8,0.0,0,8
BT-00520,INV-4445,1,0,0,0.0,0,8
BT-00520,INV-4827,0,361087,10,0.0,0,8
BT-00520,INV-1633,0,0,0,0.0,0,8
BT-00520,INV-9902,0,606936,0,0.0,0,8
BT-00521,INV-6170,0,854881,0,0.0,0,7
BT-00521,INV-4458,0,1240,0,0.0,0,7
BT-00521,INV-3198,0,786535,0,0.333,0,7
BT-00521,INV-4950,0,1165993,0,0.0,0,7
BT-00521,INV-1029,1,0,0,0.333,0,7
BT-00521,INV-9251,0,340068,0,0.0,0,7
BT-00521,INV-4028,0,367550,0,0.0,0,7
BT-00522,INV-8594,0,807220,0,0.0,0,10
BT-00522,INV-1728,0,204258,2,0.0,0,10
BT-00522,INV-8165,0,324494,16,0.0,0,10
BT-00522,INV-3701,0,853458,0,0.0,0,10
BT-00522,INV-8605,0,227596,5,0.0,0,10
BT-00522,INV-9294,0,100,8,0.0,0,10
BT-00522,INV-2790,1,0,0,0.0,0,10
BT-00522,INV-2176,0,1464790,0,0.0,0,10
BT-00522,INV-9848,0,853499,0,0.0,0,10
BT-00522,INV-2093,0,341096,12,0.0,0,10
BT-00523,INV-5890,0,1124945,0,0.0,0,7
BT-00523,INV-1758,0,708971,17,0.25,0,7
BT-00523,INV-9382,0,1612547,0,0.0,0,7
BT-00523,INV-9489,0,1376717,17,0.25,0,7
BT-00523,INV-5405,1,0,0,0.25,0,7
BT-00523,INV-3579,0,1170633,0,0.0,0,7
BT-00523,INV-2391,0,1285587,0,0.0,0,7
BT-00524,INV-2395,0,521783,18,0.5,0,5
BT-00524,INV-9736,0,96552,7,0.5,0,5
BT-00524,INV-5853,1,0,0,0.5,1,5
BT-00524,INV-9675,0,100,19,0.0,0,5
BT-00524,INV-1535,0,602052,15,0.5,0,5
BT-00525,INV-2271,0,1240,6,0.0,0,5
BT-00525,INV-1968,0,114001,0,0.0,0,5
BT-00525,INV-8548,0,1240,11,0.333,0,5
BT-00525,INV-4050,0,1240,3,0.0,0,5
BT-00525,INV-6749,1,0,0,0.333,0,5
BT-00526,INV-2677,0,100,12,0.0,0,6
BT-00526,INV-3569,0,1240,5,0.0,0,6
BT-00526,INV-2237,0,100,12,0.0,0,6
BT-00526,INV-6831,0,795188,3,0.333,0,6
BT-00526,INV-4004,1,0,0,0.333,0,6
BT-00526,INV-6287,0,100,5,0.0,0,6
BT-00527,INV-2183,0,1572227,11,0.333,0,5
BT-00527,INV-6860,0,397802,17,0.333,0,5
BT-00527,INV-4691,0,100,17,0.0,0,5
BT-00527,INV-3089,1,0,0,0.333,0,5
BT-00527,INV-7655,0,1240,3,0.333,0,5
BT-00528,INV-7975,0,1651467,0,0.0,0,4
BT-00528,INV-4397,0,963065,0,0.0,0,4
BT-00528,INV-6066,0,128207,17,0.25,0,4
BT-00528,INV-5373,1,0,0,0.25,0,4
BT-00529,INV-2067,1,0,0,0.5,1,9
BT-00529,INV-5053,0,100,10,0.0,0,9
BT-00529,INV-8845,0,97772,11,0.5,0,9
BT-00529,INV-8095,0,265691,2,0.5,0,9
BT-00529,INV-8937,0,381742,5,0.5,0,9
BT-00529,INV-3747,0,927344,9,0.5,0,9
BT-00529,INV-5214,0,1240,12,0.0,0,9
BT-00529,INV-9827,0,287235,0,0.0,0,9
BT-00529,INV-5171,0,1077341,7,0.5,0,9
BT-00530,INV-2850,1,0,0,0.333,0,4
BT-00530,INV-3520,0,1470570,0,0.0,0,4
BT-00530,INV-8309,0,0,9,0.0,0,4
BT-00530,INV-1908,0,1267011,11,0.333,0,4
BT-00531,INV-8035,0,100,12,0.0,0,8
BT-00531,INV-4603,0,451694,0,0.2,0,8
BT-00531,INV-5169,0,100,0,0.0,0,8
BT-00531,INV-2685,0,116664,0,0.0,0,8
BT-00531,INV-3581,0,100,3,0.0,0,8
BT-00531,INV-4523,0,100,12,0.5,0,8
BT-00531,INV-5312,0,0,10,0.2,0,8
BT-00531,INV-6471,1,0,0,0.5,1,8
BT-00532,INV-9291,0,0,4,0.0,0,5
BT-00532,INV-7395,0,235217,0,0.0,0,5
BT-00532,INV-4248,1,0,0,0.333,0,5
BT-00532,INV-3269,0,1240,3,0.0,0,5
BT-00532,INV-5290,0,100,0,0.0,0,5
BT-00533,INV-3154,0,100,2,0.0,0,4
BT-00533,INV-6813,1,0,0,0.0,0,4
BT-00533,INV-5405,0,387850,0,0.0,0,4
BT-00533,INV-7848,0,266949,8,0.0,0,4
BT-00534,INV-2679,0,621385,11,0.0,0,4
BT-00534,INV-7354,0,1082164,0,0.0,0,4
BT-00534,INV-9918,0,140078,0,0.0,0,4
BT-00534,INV-4177,1,0,0,0.0,0,4
BT-00535,INV-6183,0,0,8,0.25,0,5
BT-00535,INV-4633,1,0,0,0.25,0,5
BT-00535,INV-4503,0,0,7,0.0,0,5
BT-00535,INV-5437,0,100,19,0.0,0,5
BT-00535,INV-8011,0,335661,0,0.0,0,5
BT-00536,INV-9625,0,849726,0,0.0,0,5
BT-00536,INV-2460,0,100,12,0.0,0,5
BT-00536,INV-1911,0,460009,0,0.0,0,5
BT-00536,INV-9252,1,0,0,0.0,0,5
BT-00536,INV-1052,0,299569,0,0.0,0,5
BT-00537,INV-9741,0,100,12,0.0,0,4
BT-00537,INV-1044,0,775087,9,0.333,0,4
BT-00537,INV-2128,1,0,0,0.333,0,4
BT-00537,INV-4603,0,547647,9,0.333,0,4
BT-00538,INV-3676,0,1176391,0,0.0,0,4
BT-00538,INV-8937,1,0,0,0.25,0,4
BT-00538,INV-8661,0,798061,2,0.25,0,4
BT-00538,INV-3741,0,100,12,0.25,0,4
BT-00539,INV-3401,0,0,20,0.0,0,8
BT-00539,INV-5133,1,0,0,0.5,1,8
BT-00539,INV-8473,0,182731,6,0.5,0,8
BT-00539,INV-4300,0,0,22,0.0,0,8
BT-00539,INV-1787,0,1397851,2,0.5,0,8
BT-00539,INV-5783,0,83369,0,0.2,0,8
BT-00539,INV-7621,0,100,25,0.0,0,8
BT-00539,INV-9503,0,1330378,0,0.2,0,8
BT-00540,INV-5701,0,100,1,0.0,0,10
BT-00540,INV-6950,0,834183,0,0.0,0,10
BT-00540,INV-5458,0,434648,8,0.333,0,10
BT-00540,INV-1875,1,0,0,0.333,0,10
BT-00540,INV-5068,0,2043696,3,0.333,0,10
BT-00540,INV-2822,0,319319,0,0.0,0,10
BT-00540,INV-8634,0,100,2,0.0,0,10
BT-00540,INV-1063,0,112945,0,0.0,0,10
BT-00540,INV-3050,0,100,7,0.0,0,10
BT-00540,INV-3866,0,1169587,13,0.333,0,10
BT-00541,INV-4354,0,5951,0,0.0,0,9
BT-00541,INV-4466,0,1373320,2,0.25,0,9
BT-00541,INV-1236,0,1240,9,0.0,0,9
BT-00541,INV-8522,0,1176936,14,0.25,0,9
BT-00541,INV-5668,0,100,3,0.0,0,9
BT-00541,INV-3127,0,1240,15,0.0,0,9
BT-00541,INV-3926,0,352870,0,0.0,0,9
BT-00541,INV-2088,1,0,0,0.25,0,9
BT-00541,INV-4922,0,428370,6,0.25,0,9
BT-00542,INV-5328,0,144989,24,0.0,0,5
BT-00542,INV-3051,1,144989,0,0.5,1,5
BT-00542,INV-7166,0,544972,0,0.0,0,5
BT-00542,INV-9553,0,649452,0,0.2,0,5
BT-00542,INV-9530,0,639316,0,0.0,0,5
BT-00543,INV-9530,0,468731,0,0.25,0,9
BT-00543,INV-7258,0,1603375,0,0.0,0,9
BT-00543,INV-1215,1,0,0,0.667,0,9
BT-00543,INV-6576,0,50289,2,0.667,0,9
BT-00543,INV-1637,0,602656,0,0.0,0,9
BT-00543,INV-5602,0,205835,0,0.667,0,9
BT-00543,INV-7883,0,850232,2,0.667,0,9
BT-00543,INV-2847,0,1470327,0,0.0,0,9
BT-00543,INV-2140,0,100,3,0.0,0,9
BT-00544,INV-4567,1,0,0,0.667,0,6
BT-00544,INV-8336,0,72705,1,0.667,0,6
BT-00544,INV-4296,0,100,8,0.0,0,6
BT-00544,INV-8333,0,100,24,0.0,0,6
BT-00544,INV-8185,0,100,6,0.25,0,6
BT-00544,INV-5628,0,129472,1,0.667,0,6
BT-00545,INV-9355,0,353332,0,0.333,0,6
BT-00545,INV-6711,1,0,0,0.333,0,6
BT-00545,INV-5325,0,644086,0,0.0,0,6
BT-00545,INV-1683,0,100,4,0.333,0,6
BT-00545,INV-3090,0,1240,12,0.333,0,6
BT-00545,INV-1798,0,197608,21,0.333,0,6
BT-00546,INV-7580,0,203820,3,0.0,0,5
BT-00546,INV-1564,1,203720,0,0.0,0,5
BT-00546,INV-3994,0,203820,7,0.0,0,5
BT-00546,INV-1902,0,1463166,0,0.0,0,5
BT-00546,INV-2851,0,15342,0,0.0,0,5
BT-00547,INV-7115,0,151531,9,0.0,0,9
BT-00547,INV-2167,0,151431,6,0.0,0,9
BT-00547,INV-8045,0,151631,9,0.0,0,9
BT-00547,INV-5470,0,151431,2,0.0,0,9
BT-00547,INV-7555,1,151531,0,0.333,0,9
BT-00547,INV-7096,0,151431,9,0.0,0,9
BT-00547,INV-4799,0,1022684,0,0.0,0,9
BT-00547,INV-8861,0,151531,0,0.0,0,9
BT-00547,INV-1923,0,151431,2,0.0,0,9
BT-00548,INV-5008,0,22978,15,0.0,0,6
BT-00548,INV-1527,0,2189525,17,0.5,0,6
BT-00548,INV-7072,0,607203,0,0.0,0,6
BT-00548,INV-5647,0,1387154,0,0.0,0,6
BT-00548,INV-9797,1,21738,0,0.5,1,6
BT-00548,INV-4943,0,1949948,0,0.0,0,6
BT-00549,INV-9155,1,12114,0,0.0,0,6
BT-00549,INV-9876,0,757805,0,0.0,0,6
BT-00549,INV-3644,0,682500,0,0.0,0,6
BT-00549,INV-1128,0,1752215,3,0.0,0,6
BT-00549,INV-5650,0,1499776,13,0.0,0,6
BT-00549,INV-2776,0,12014,0,0.0,0,6
BT-00550,INV-4298,0,169913,14,0.333,0,10
BT-00550,INV-8830,0,70254,27,0.333,0,10
BT-00550,INV-2978,0,71494,12,0.0,0,10
BT-00550,INV-1680,1,70254,0,0.333,0,10
BT-00550,INV-1268,0,5711,20,0.333,0,10
BT-00550,INV-5912,0,1393470,0,0.333,0,10
BT-00550,INV-3675,0,167906,14,0.333,0,10
BT-00550,INV-1380,0,70354,13,0.0,0,10
BT-00550,INV-2378,0,954087,13,0.333,0,10
BT-00550,INV-8138,0,1188209,3,0.333,0,10
BT-00551,INV-2438,0,0,0,0.0,0,9
BT-00551,INV-8982,0,100,4,0.0,0,9
BT-00551,INV-5090,0,1240,4,0.0,0,9
BT-00551,INV-4054,1,0,0,0.25,0,9
BT-00551,INV-6963,0,735707,0,0.0,0,9
BT-00551,INV-9946,0,656673,3,0.25,0,9
BT-00551,INV-6943,0,786913,0,0.0,0,9
BT-00551,INV-8566,0,1049196,0,0.0,0,9
BT-00551,INV-3327,0,100,18,0.0,0,9
BT-00552,INV-3153,0,1537473,0,0.0,0,4
BT-00552,INV-9641,0,319418,19,0.0,0,4
BT-00552,INV-4040,0,1240,25,0.0,0,4
BT-00552,INV-6498,1,0,0,0.0,0,4
BT-00553,INV-8689,0,0,1,0.333,0,10
BT-00553,INV-4653,1,0,0,0.333,0,10
BT-00553,INV-2288,0,1240,13,0.0,0,10
BT-00553,INV-1355,0,931057,0,0.0,0,10
BT-00553,INV-8758,0,1570766,9,0.333,0,10
BT-00553,INV-2640,0,1751909,10,0.333,0,10
BT-00553,INV-5504,0,100,8,0.0,0,10
BT-00553,INV-8913,0,2105461,0,0.0,0,10
BT-00553,INV-6645,0,1839511,0,0.0,0,10
BT-00553,INV-1579,0,1240,3,0.0,0,10
BT-00554,INV-4612,1,0,0,0.0,0,7
BT-00554,INV-2851,0,100,16,0.0,0,7
BT-00554,INV-9465,0,100,21,0.0,0,7
BT-00554,INV-6116,0,1989206,0,0.0,0,7
BT-00554,INV-8123,0,631077,4,0.0,0,7
BT-00554,INV-8944,0,0,2,0.0,0,7
BT-00554,INV-3467,0,1240,9,0.0,0,7
BT-00555,INV-9660,0,1465473,5,0.0,0,8
BT-00555,INV-8749,0,1847127,0,0.0,0,8
BT-00555,INV-7871,1,0,0,0.0,0,8
BT-00555,INV-8488,0,1702139,4,0.0,0,8
BT-00555,INV-7992,0,100,12,0.0,0,8
BT-00555,INV-6888,0,1662768,7,0.0,0,8
BT-00555,INV-3262,0,100,4,0.0,0,8
BT-00555,INV-9964,0,100,10,0.0,0,8
BT-00556,INV-4610,0,90473,3,0.0,0,5
BT-00556,INV-5042,0,1569047,0,0.0,0,5
BT-00556,INV-8938,0,1151974,6,0.25,0,5
BT-00556,INV-7688,1,90373,0,0.25,0,5
BT-00556,INV-5852,0,297391,0,0.0,0,5
BT-00557,INV-5780,0,376595,12,0.333,0,4
BT-00557,INV-1106,0,1240,8,0.0,0,4
BT-00557,INV-7905,1,0,0,0.333,0,4
BT-00557,INV-4257,0,45645,4,0.333,0,4
BT-00558,INV-4474,0,834141,0,0.0,0,8
BT-00558,INV-5718,0,100,5,0.0,0,8
BT-00558,INV-9123,0,100,5,0.0,0,8
BT-00558,INV-7492,0,100,3,0.0,0,8
BT-00558,INV-3287,0,543181,13,0.5,0,8
BT-00558,INV-2588,0,73259,8,0.5,0,8
BT-00558,INV-6007,1,0,0,0.5,1,8
BT-00558,INV-7633,0,731913,6,0.5,0,8
BT-00559,INV-7056,0,43008,17,0.5,0,9
BT-00559,INV-7568,0,0,8,0.0,0,9
BT-00559,INV-9791,1,0,0,0.5,1,9
BT-00559,INV-4816,0,640744,22,0.5,0,9
BT-00559,INV-1415,0,1189666,0,0.0,0,9
BT-00559,INV-9718,0,1468470,0,0.0,0,9
BT-00559,INV-4358,0,1462830,11,0.5,0,9
BT-00559,INV-2520,0,574737,1,0.5,0,9
BT-00559,INV-3454,0,100,6,0.0,0,9
BT-00560,INV-3611,0,0,6,0.0,0,5
BT-00560,INV-4670,0,442956,0,0.0,0,5
BT-00560,INV-5852,0,27292,10,0.25,0,5
BT-00560,INV-2704,0,909076,0,0.0,0,5
BT-00560,INV-6440,1,0,0,0.25,0,5
BT-00561,INV-1485,0,2039007,0,0.0,0,10
BT-00561,INV-7633,0,856716,1,0.25,0,10
BT-00561,INV-4921,0,2000155,23,0.25,0,10
BT-00561,INV-2354,0,1671055,1,0.25,0,10
BT-00561,INV-5651,0,2005208,6,0.25,0,10
BT-00561,INV-1841,0,686523,15,0.25,0,10
BT-00561,INV-2723,0,1240,17,0.0,0,10
BT-00561,INV-7405,1,0,0,0.25,0,10
BT-00561,INV-3010,0,2187926,0,0.0,0,10
BT-00561,INV-1067,0,371212,10,0.25,0,10
BT-00562,INV-7455,0,20169,1,0.0,0,4
BT-00562,INV-3951,0,372783,0,0.0,0,4
BT-00562,INV-4059,1,20269,0,0.25,0,4
BT-00562,INV-6802,0,2033260,0,0.0,0,4
BT-00563,INV-1373,0,885261,1,0.5,0,6
BT-00563,INV-9434,0,103084,4,0.0,0,6
BT-00563,INV-7857,0,103084,12,0.0,0,6
BT-00563,INV-4485,0,172403,4,0.5,0,6
BT-00563,INV-5713,1,102984,0,0.5,1,6
BT-00563,INV-1636,0,102984,7,0.0,0,6
BT-00564,INV-9323,0,319015,2,0.0,0,10
BT-00564,INV-2715,0,620604,0,0.0,0,10
BT-00564,INV-9899,0,884400,0,0.0,0,10
BT-00564,INV-1855,0,166031,8,0.0,0,10
BT-00564,INV-9534,0,214221,0,0.0,0,10
BT-00564,INV-5709,0,1209292,0,0.0,0,10
BT-00564,INV-8366,0,1410311,13,0.0,0,10
BT-00564,INV-5225,1,166131,0,0.0,0,10
BT-00564,INV-6617,0,167371,9,0.0,0,10
BT-00564,INV-4081,0,1473176,0,0.0,0,10
BT-00565,INV-8140,0,987950,0,0.0,0,8
BT-00565,INV-4785,0,1604221,17,0.25,0,8
BT-00565,INV-8742,0,1704857,10,0.25,0,8
BT-00565,INV-1653,1,0,0,0.25,0,8
BT-00565,INV-2306,0,0,9,0.0,0,8
BT-00565,INV-3610,0,1240,15,0.0,0,8
BT-00565,INV-6471,0,1685337,8,0.25,0,8
BT-00565,INV-2051,0,1247892,12,0.25,0,8
BT-00566,INV-5998,0,1967588,13,0.0,0,4
BT-00566,INV-8158,0,1314480,6,0.0,0,4
BT-00566,INV-4890,0,1936673,1,0.0,0,4
BT-00566,INV-4020,1,0,0,0.0,0,4
BT-00567,INV-7482,0,2179555,0,0.0,0,5
BT-00567,INV-5643,0,1225012,0,0.0,0,5
BT-00567,INV-5739,1,33188,0,0.333,0,5
BT-00567,INV-8952,0,34428,24,0.0,0,5
BT-00567,INV-1587,0,301582,22,0.333,0,5
BT-00568,INV-9712,0,537476,20,0.25,0,9
BT-00568,INV-4290,0,458871,0,0.0,0,9
BT-00568,INV-1775,0,552054,2,0.25,0,9
BT-00568,INV-1901,0,480214,12,0.25,0,9
BT-00568,INV-5812,0,132501,13,0.25,0,9
BT-00568,INV-3564,0,427997,18,0.25,0,9
BT-00568,INV-1645,0,100,2,0.0,0,9
BT-00568,INV-5724,0,100,13,0.0,0,9
BT-00568,INV-9051,1,0,0,0.25,0,9
BT-00569,INV-2193,0,712560,0,0.0,0,6
BT-00569,INV-9349,0,2277433,0,0.0,0,6
BT-00569,INV-3035,0,1240,15,0.0,0,6
BT-00569,INV-3963,0,120772,10,0.0,0,6
BT-00569,INV-8754,0,1321370,12,0.0,0,6
BT-00569,INV-1241,1,0,0,0.0,0,6
BT-00570,INV-2809,0,100,5,0.0,0,7
BT-00570,INV-9286,0,170189,13,0.0,0,7
BT-00570,INV-8576,0,1240,17,0.0,0,7
BT-00570,INV-5401,0,100,6,0.0,0,7
BT-00570,INV-5567,0,710726,0,0.0,0,7
BT-00570,INV-3758,1,0,0,0.0,0,7
BT-00570,INV-4341,0,0,2,0.0,0,7
BT-00571,INV-2121,0,100,8,0.2,0,6
BT-00571,INV-1111,0,1281910,10,0.5,0,6
BT-00571,INV-2480,0,1240,10,0.0,0,6
BT-00571,INV-3383,0,821834,0,0.0,0,6
BT-00571,INV-2388,1,0,0,0.5,1,6
BT-00571,INV-4047,0,116456,7,0.5,0,6
BT-00572,INV-9459,0,1240,16,0.0,0,9
BT-00572,INV-6080,1,0,0,0.25,0,9
BT-00572,INV-4424,0,1240,15,0.0,0,9
BT-00572,INV-6431,0,1463944,0,0.0,0,9
BT-00572,INV-5088,0,1240,9,0.0,0,9
BT-00572,INV-2756,0,1002056,19,0.25,0,9
BT-00572,INV-1656,0,608990,0,0.0,0,9
BT-00572,INV-5029,0,637293,0,0.0,0,9
BT-00572,INV-1087,0,100,3,0.0,0,9
BT-00573,INV-1190,0,1674796,0,0.0,0,8
BT-00573,INV-9656,0,0,21,0.0,0,8
BT-00573,INV-8832,1,0,0,0.0,0,8
BT-00573,INV-5799,0,100,2,0.0,0,8
BT-00573,INV-2483,0,71536,24,0.0,0,8
BT-00573,INV-4226,0,71886,25,0.0,0,8
BT-00573,INV-8364,0,1151098,13,0.0,0,8
BT-00573,INV-7375,0,853411,0,0.0,0,8
BT-00574,INV-4550,0,110650,0,0.333,0,4
BT-00574,INV-5835,0,406895,8,0.333,0,4
BT-00574,INV-3261,1,0,0,0.333,0,4
BT-00574,INV-5831,0,1720701,0,0.0,0,4
BT-00575,INV-5319,0,55868,15,0.0,0,6
BT-00575,INV-7809,0,716710,0,0.0,0,6
BT-00575,INV-7948,0,388447,5,0.0,0,6
BT-00575,INV-5712,0,100,15,0.0,0,6
BT-00575,INV-1241,0,1240,5,0.0,0,6
BT-00575,INV-3128,1,0,0,0.0,0,6
BT-00576,INV-4496,0,460851,12,0.25,0,4
BT-00576,INV-8340,0,123443,16,0.25,0,4
BT-00576,INV-1614,0,84377,14,0.25,0,4
BT-00576,INV-4042,1,0,0,0.25,0,4
BT-00577,INV-7344,0,238391,0,0.0,0,8
BT-00577,INV-2236,0,1684110,0,0.0,0,8
BT-00577,INV-7676,0,1944606,0,0.0,0,8
BT-00577,INV-9981,1,0,0,0.0,0,8
BT-00577,INV-6596,0,1240,12,0.0,0,8
BT-00577,INV-3530,0,219547,0,0.0,0,8
BT-00577,INV-7520,0,100,4,0.0,0,8
BT-00577,INV-4018,0,100,19,0.0,0,8
BT-00578,INV-1040,1,49287,0,0.333,0,9
BT-00578,INV-7427,0,194119,4,0.333,0,9
BT-00578,INV-1767,0,49287,14,0.0,0,9
BT-00578,INV-1869,0,49187,11,0.0,0,9
BT-00578,INV-2410,0,49287,2,0.0,0,9
BT-00578,INV-6865,0,986648,5,0.333,0,9
BT-00578,INV-4320,0,49387,6,0.0,0,9
BT-00578,INV-4327,0,41798,11,0.333,0,9
BT-00578,INV-7703,0,50527,10,0.0,0,9
BT-00579,INV-8636,0,245582,5,0.0,0,10
BT-00579,INV-5302,0,245582,8,0.0,0,10
BT-00579,INV-1742,0,1537454,14,0.333,0,10
BT-00579,INV-3720,0,1550935,19,0.333,0,10
BT-00579,INV-9394,0,246822,0,0.0,0,10
BT-00579,INV-3493,0,901110,0,0.0,0,10
BT-00579,INV-2242,1,245582,0,0.333,0,10
BT-00579,INV-8317,0,245482,18,0.0,0,10
BT-00579,INV-5225,0,20904,4,0.333,0,10
BT-00579,INV-7761,0,245682,5,0.0,0,10
BT-00580,INV-3132,0,312203,9,0.333,0,10
BT-00580,INV-9596,0,145165,0,0.0,0,10
BT-00580,INV-5091,0,1404856,0,0.0,0,10
BT-00580,INV-4088,0,100,5,0.0,0,10
BT-00580,INV-8510,1,0,0,0.333,0,10
BT-00580,INV-6640,0,100,6,0.0,0,10
BT-00580,INV-5586,0,1240,6,0.0,0,10
BT-00580,INV-2928,0,157471,0,0.0,0,10
BT-00580,INV-1203,0,273395,0,0.0,0,10
BT-00580,INV-2244,0,1029705,2,0.333,0,10
BT-00581,INV-6124,1,0,0,0.0,0,9
BT-00581,INV-7200,0,350604,8,0.0,0,9
BT-00581,INV-9832,0,914461,0,0.0,0,9
BT-00581,INV-9902,0,253779,0,0.0,0,9
BT-00581,INV-7659,0,995188,0,0.0,0,9
BT-00581,INV-3415,0,583871,0,0.0,0,9
BT-00581,INV-1245,0,749167,0,0.0,0,9
BT-00581,INV-6739,0,1240,5,0.0,0,9
BT-00581,INV-9437,0,1240,4,0.0,0,9
BT-00582,INV-7715,0,173501,5,0.5,0,5
BT-00582,INV-9652,1,0,0,0.5,1,5
BT-00582,INV-8509,0,125669,15,0.5,0,5
BT-00582,INV-9581,0,480413,2,0.5,0,5
BT-00582,INV-7141,0,665331,0,0.0,0,5
BT-00583,INV-9248,0,1285948,0,0.0,0,8
BT-00583,INV-8024,0,72256,0,0.0,0,8
BT-00583,INV-3564,0,689616,5,0.25,0,8
BT-00583,INV-1687,1,0,0,0.25,0,8
BT-00583,INV-6995,0,402643,10,0.25,0,8
BT-00583,INV-5525,0,955879,0,0.0,0,8
BT-00583,INV-3360,0,608452,3,0.25,0,8
BT-00583,INV-6064,0,0,14,0.0,0,8
BT-00584,INV-2736,0,811180,4,0.5,0,10
BT-00584,INV-1246,0,1937651,2,0.5,0,10
BT-00584,INV-4191,0,247895,0,0.0,0,10
BT-00584,INV-8941,0,228548,4,0.5,0,10
BT-00584,INV-9033,1,0,0,0.5,1,10
BT-00584,INV-6427,0,882719,0,0.0,0,10
BT-00584,INV-9560,0,100,9,0.0,0,10
BT-00584,INV-7015,0,1271153,0,0.0,0,10
BT-00584,INV-8676,0,467151,0,0.2,0,10
BT-00584,INV-5628,0,418504,0,0.2,0,10
BT-00585,INV-6657,1,0,0,0.5,1,5
BT-00585,INV-4391,0,100,22,0.0,0,5
BT-00585,INV-4345,0,1210658,26,0.5,0,5
BT-00585,INV-9291,0,456580,7,0.5,0,5
BT-00585,INV-6060,0,1340643,0,0.0,0,5
BT-00586,INV-8204,0,1240,9,0.0,0,6
BT-00586,INV-3764,1,0,0,0.0,0,6
BT-00586,INV-1147,0,1879555,12,0.0,0,6
BT-00586,INV-1760,0,2180678,0,0.0,0,6
BT-00586,INV-9764,0,98784,0,0.0,0,6
BT-00586,INV-2521,0,1445152,12,0.0,0,6
BT-00587,INV-5131,0,1871487,3,0.5,0,7
BT-00587,INV-2484,0,1081208,0,0.0,0,7
BT-00587,INV-2026,0,237014,1,0.5,0,7
BT-00587,INV-9107,1,0,0,0.5,1,7
BT-00587,INV-7736,0,595921,12,0.5,0,7
BT-00587,INV-1356,0,0,13,0.0,0,7
BT-00587,INV-3095,0,100,10,0.0,0,7
BT-00588,INV-4778,0,1240,11,0.0,0,9
BT-00588,INV-8242,0,602178,2,0.333,0,9
BT-00588,INV-1840,0,0,13,0.0,0,9
BT-00588,INV-1629,0,100,16,0.0,0,9
BT-00588,INV-1553,0,1488593,10,0.333,0,9
BT-00588,INV-6018,0,0,6,0.0,0,9
BT-00588,INV-5732,0,1538003,8,0.333,0,9
BT-00588,INV-2262,0,100,4,0.0,0,9
BT-00588,INV-2819,1,0,0,0.333,0,9
BT-00589,INV-7591,0,983280,2,0.5,0,7
BT-00589,INV-5925,0,100,2,0.0,0,7
BT-00589,INV-2806,0,407870,4,0.5,0,7
BT-00589,INV-5554,1,0,0,0.5,1,7
BT-00589,INV-5898,0,591186,16,0.5,0,7
BT-00589,INV-5897,0,467780,4,0.5,0,7
BT-00589,INV-6451,0,0,13,0.0,0,7
BT-00590,INV-4618,0,0,10,0.0,0,6
BT-00590,INV-7753,1,0,0,0.333,0,6
BT-00590,INV-9508,0,1706668,0,0.0,0,6
BT-00590,INV-5178,0,1964642,0,0.0,0,6
BT-00590,INV-7927,0,2333900,13,0.333,0,6
BT-00590,INV-2652,0,100,13,0.0,0,6
BT-00591,INV-3699,0,307681,4,0.333,0,7
BT-00591,INV-1466,0,1706591,0,0.0,0,7
BT-00591,INV-9610,0,311069,0,0.0,0,7
BT-00591,INV-7912,0,50737,12,0.333,0,7
BT-00591,INV-7495,1,50737,0,0.333,0,7
BT-00591,INV-9566,0,908601,0,0.0,0,7
BT-00591,INV-6131,0,362951,5,0.333,0,7
BT-00592,INV-3685,0,1139645,7,0.25,0,6
BT-00592,INV-3910,0,100,4,0.0,0,6
BT-00592,INV-8818,0,1767367,1,0.25,0,6
BT-00592,INV-6301,0,1240,8,0.25,0,6
BT-00592,INV-6782,1,0,0,0.25,0,6
BT-00592,INV-3366,0,21913,1,0.25,0,6
BT-00593,INV-9432,0,100,20,0.0,0,9
BT-00593,INV-4077,0,624562,18,0.333,0,9
BT-00593,INV-7998,0,0,7,0.0,0,9
BT-00593,INV-2224,0,738716,0,0.0,0,9
BT-00593,INV-1489,0,100,1,0.0,0,9
BT-00593,INV-7132,0,1240,4,0.0,0,9
BT-00593,INV-5646,0,1240,1,0.0,0,9
BT-00593,INV-3209,1,0,0,0.333,0,9
BT-00593,INV-1889,0,665398,0,0.0,0,9
BT-00594,INV-3204,0,0,9,0.0,0,5
BT-00594,INV-5275,0,1786854,0,0.0,0,5
BT-00594,INV-5831,1,0,0,0.0,0,5
BT-00594,INV-8820,0,100,14,0.0,0,5
BT-00594,INV-6937,0,100,7,0.0,0,5
BT-00595,INV-5247,0,993111,4,0.5,0,5
BT-00595,INV-4153,0,163905,0,0.0,0,5
BT-00595,INV-5401,0,106120,10,0.5,0,5
BT-00595,INV-7743,1,0,0,0.5,1,5
BT-00595,INV-4843,0,1240,3,0.0,0,5
BT-00596,INV-2191,0,0,11,0.0,0,7
BT-00596,INV-4005,0,67837,3,0.25,0,7
BT-00596,INV-1779,0,100,13,0.0,0,7
BT-00596,INV-3058,0,573390,18,0.25,0,7
BT-00596,INV-4550,0,27946,5,0.25,0,7
BT-00596,INV-5743,0,100,2,0.0,0,7
BT-00596,INV-8760,1,0,0,0.25,0,7
BT-00597,INV-3521,0,1086125,7,0.0,0,9
BT-00597,INV-2169,1,0,0,0.0,0,9
BT-00597,INV-1143,0,513941,0,0.0,0,9
BT-00597,INV-8401,0,1258395,0,0.0,0,9
BT-00597,INV-6383,0,699378,5,0.0,0,9
BT-00597,INV-9871,0,469032,6,0.0,0,9
BT-00597,INV-5128,0,591647,7,0.0,0,9
BT-00597,INV-5167,0,0,3,0.0,0,9
BT-00597,INV-3823,0,1240,14,0.0,0,9
BT-00598,INV-8462,0,594248,0,0.0,0,6
BT-00598,INV-7238,0,100,0,0.0,0,6
BT-00598,INV-6611,0,100,2,0.0,0,6
BT-00598,INV-2924,1,0,0,0.333,0,6
BT-00598,INV-6310,0,1217333,0,0.0,0,6
BT-00598,INV-4147,0,1240,1,0.0,0,6
BT-00599,INV-2355,1,17831,0,0.25,0,8
BT-00599,INV-2657,0,17931,21,0.25,0,8
BT-00599,INV-6934,0,680217,14,0.25,0,8
BT-00599,INV-8247,0,309742,16,0.25,0,8
BT-00599,INV-4318,0,1093421,5,0.25,0,8
BT-00599,INV-2425,0,17731,5,0.0,0,8
BT-00599,INV-6566,0,1031569,19,0.25,0,8
BT-00599,INV-4916,0,19071,9,0.0,0,8
